-- Database: web
-- Created: 2025-08-20 17:03:56

SET FOREIGN_KEY_CHECKS=0;

DROP TABLE IF EXISTS `tbl_city`;
CREATE TABLE `tbl_city` (
  `id` int(11) NOT NULL AUTO_INCREMENT,
  `name` varchar(255) DEFAULT NULL,
  `slug` varchar(255) DEFAULT NULL,
  `level` varchar(100) DEFAULT NULL,
  `code` varchar(2) DEFAULT NULL,
  `numb` int(11) DEFAULT 0,
  `status` varchar(255) DEFAULT NULL,
  `date_created` int(11) DEFAULT 0,
  `date_updated` int(11) DEFAULT 0,
  PRIMARY KEY (`id`)
) ENGINE=MyISAM AUTO_INCREMENT=64 DEFAULT CHARSET=utf8mb4 COLLATE=utf8mb4_unicode_ci;

INSERT INTO `tbl_city` (`id`, `name`, `slug`, `level`, `code`, `numb`, `status`, `date_created`, `date_updated`) VALUES
('1', 'Thành phố Hà Nội', 'thanh-pho-ha-noi', 'Thành phố Trung ương', '01', '1', 'hienthi', '1640318871', '0'),
('2', 'Tỉnh Hà Giang', 'tinh-ha-giang', 'Tỉnh', '02', '2', 'hienthi', '1640318871', '0'),
('3', 'Tỉnh Cao Bằng', 'tinh-cao-bang', 'Tỉnh', '04', '3', 'hienthi', '1640318871', '0'),
('4', 'Tỉnh Bắc Kạn', 'tinh-bac-kan', 'Tỉnh', '06', '4', 'hienthi', '1640318871', '0'),
('5', 'Tỉnh Tuyên Quang', 'tinh-tuyen-quang', 'Tỉnh', '08', '5', 'hienthi', '1640318871', '0'),
('6', 'Tỉnh Lào Cai', 'tinh-lao-cai', 'Tỉnh', '10', '6', 'hienthi', '1640318871', '0'),
('7', 'Tỉnh Điện Biên', 'tinh-dien-bien', 'Tỉnh', '11', '7', 'hienthi', '1640318871', '0'),
('8', 'Tỉnh Lai Châu', 'tinh-lai-chau', 'Tỉnh', '12', '8', 'hienthi', '1640318871', '0'),
('9', 'Tỉnh Sơn La', 'tinh-son-la', 'Tỉnh', '14', '9', 'hienthi', '1640318871', '0'),
('10', 'Tỉnh Yên Bái', 'tinh-yen-bai', 'Tỉnh', '15', '10', 'hienthi', '1640318871', '0'),
('11', 'Tỉnh Hoà Bình', 'tinh-hoa-binh', 'Tỉnh', '17', '11', 'hienthi', '1640318871', '0'),
('12', 'Tỉnh Thái Nguyên', 'tinh-thai-nguyen', 'Tỉnh', '19', '12', 'hienthi', '1640318871', '0'),
('13', 'Tỉnh Lạng Sơn', 'tinh-lang-son', 'Tỉnh', '20', '13', 'hienthi', '1640318871', '0'),
('14', 'Tỉnh Quảng Ninh', 'tinh-quang-ninh', 'Tỉnh', '22', '14', 'hienthi', '1640318871', '0'),
('15', 'Tỉnh Bắc Giang', 'tinh-bac-giang', 'Tỉnh', '24', '15', 'hienthi', '1640318871', '0'),
('16', 'Tỉnh Phú Thọ', 'tinh-phu-tho', 'Tỉnh', '25', '16', 'hienthi', '1640318871', '0'),
('17', 'Tỉnh Vĩnh Phúc', 'tinh-vinh-phuc', 'Tỉnh', '26', '17', 'hienthi', '1640318871', '0'),
('18', 'Tỉnh Bắc Ninh', 'tinh-bac-ninh', 'Tỉnh', '27', '18', 'hienthi', '1640318871', '0'),
('19', 'Tỉnh Hải Dương', 'tinh-hai-duong', 'Tỉnh', '30', '19', 'hienthi', '1640318871', '0'),
('20', 'Thành phố Hải Phòng', 'thanh-pho-hai-phong', 'Thành phố Trung ương', '31', '20', 'hienthi', '1640318871', '0'),
('21', 'Tỉnh Hưng Yên', 'tinh-hung-yen', 'Tỉnh', '33', '21', 'hienthi', '1640318871', '0'),
('22', 'Tỉnh Thái Bình', 'tinh-thai-binh', 'Tỉnh', '34', '22', 'hienthi', '1640318871', '0'),
('23', 'Tỉnh Hà Nam', 'tinh-ha-nam', 'Tỉnh', '35', '23', 'hienthi', '1640318871', '0'),
('24', 'Tỉnh Nam Định', 'tinh-nam-dinh', 'Tỉnh', '36', '24', 'hienthi', '1640318871', '0'),
('25', 'Tỉnh Ninh Bình', 'tinh-ninh-binh', 'Tỉnh', '37', '25', 'hienthi', '1640318871', '0'),
('26', 'Tỉnh Thanh Hóa', 'tinh-thanh-hoa', 'Tỉnh', '38', '26', 'hienthi', '1640318871', '0'),
('27', 'Tỉnh Nghệ An', 'tinh-nghe-an', 'Tỉnh', '40', '27', 'hienthi', '1640318871', '0'),
('28', 'Tỉnh Hà Tĩnh', 'tinh-ha-tinh', 'Tỉnh', '42', '28', 'hienthi', '1640318871', '0'),
('29', 'Tỉnh Quảng Bình', 'tinh-quang-binh', 'Tỉnh', '44', '29', 'hienthi', '1640318871', '0'),
('30', 'Tỉnh Quảng Trị', 'tinh-quang-tri', 'Tỉnh', '45', '30', 'hienthi', '1640318871', '0'),
('31', 'Tỉnh Thừa Thiên Huế', 'tinh-thua-thien-hue', 'Tỉnh', '46', '31', 'hienthi', '1640318871', '0'),
('32', 'Thành phố Đà Nẵng', 'thanh-pho-da-nang', 'Thành phố Trung ương', '48', '32', 'hienthi', '1640318871', '0'),
('33', 'Tỉnh Quảng Nam', 'tinh-quang-nam', 'Tỉnh', '49', '33', 'hienthi', '1640318871', '0'),
('34', 'Tỉnh Quảng Ngãi', 'tinh-quang-ngai', 'Tỉnh', '51', '34', 'hienthi', '1640318871', '0'),
('35', 'Tỉnh Bình Định', 'tinh-binh-dinh', 'Tỉnh', '52', '35', 'hienthi', '1640318871', '0'),
('36', 'Tỉnh Phú Yên', 'tinh-phu-yen', 'Tỉnh', '54', '36', 'hienthi', '1640318871', '0'),
('37', 'Tỉnh Khánh Hòa', 'tinh-khanh-hoa', 'Tỉnh', '56', '37', 'hienthi', '1640318871', '0'),
('38', 'Tỉnh Ninh Thuận', 'tinh-ninh-thuan', 'Tỉnh', '58', '38', 'hienthi', '1640318871', '0'),
('39', 'Tỉnh Bình Thuận', 'tinh-binh-thuan', 'Tỉnh', '60', '39', 'hienthi', '1640318871', '0'),
('40', 'Tỉnh Kon Tum', 'tinh-kon-tum', 'Tỉnh', '62', '40', 'hienthi', '1640318871', '0'),
('41', 'Tỉnh Gia Lai', 'tinh-gia-lai', 'Tỉnh', '64', '41', 'hienthi', '1640318871', '0'),
('42', 'Tỉnh Đắk Lắk', 'tinh-dak-lak', 'Tỉnh', '66', '42', 'hienthi', '1640318871', '0'),
('43', 'Tỉnh Đắk Nông', 'tinh-dak-nong', 'Tỉnh', '67', '43', 'hienthi', '1640318871', '0'),
('44', 'Tỉnh Lâm Đồng', 'tinh-lam-dong', 'Tỉnh', '68', '44', 'hienthi', '1640318871', '0'),
('45', 'Tỉnh Bình Phước', 'tinh-binh-phuoc', 'Tỉnh', '70', '45', 'hienthi', '1640318871', '0'),
('46', 'Tỉnh Tây Ninh', 'tinh-tay-ninh', 'Tỉnh', '72', '46', 'hienthi', '1640318871', '0'),
('47', 'Tỉnh Bình Dương', 'tinh-binh-duong', 'Tỉnh', '74', '47', 'hienthi', '1640318871', '0'),
('48', 'Tỉnh Đồng Nai', 'tinh-dong-nai', 'Tỉnh', '75', '48', 'hienthi', '1640318871', '0'),
('49', 'Tỉnh Bà Rịa - Vũng Tàu', 'tinh-ba-ria-vung-tau', 'Tỉnh', '77', '49', 'hienthi', '1640318871', '0'),
('50', 'Thành phố Hồ Chí Minh', 'thanh-pho-ho-chi-minh', 'Thành phố Trung ương', '79', '50', 'hienthi', '1640318871', '0'),
('51', 'Tỉnh Long An', 'tinh-long-an', 'Tỉnh', '80', '51', 'hienthi', '1640318871', '0'),
('52', 'Tỉnh Tiền Giang', 'tinh-tien-giang', 'Tỉnh', '82', '52', 'hienthi', '1640318871', '0'),
('53', 'Tỉnh Bến Tre', 'tinh-ben-tre', 'Tỉnh', '83', '53', 'hienthi', '1640318871', '0'),
('54', 'Tỉnh Trà Vinh', 'tinh-tra-vinh', 'Tỉnh', '84', '54', 'hienthi', '1640318871', '0'),
('55', 'Tỉnh Vĩnh Long', 'tinh-vinh-long', 'Tỉnh', '86', '55', 'hienthi', '1640318871', '0'),
('56', 'Tỉnh Đồng Tháp', 'tinh-dong-thap', 'Tỉnh', '87', '56', 'hienthi', '1640318871', '0'),
('57', 'Tỉnh An Giang', 'tinh-an-giang', 'Tỉnh', '89', '57', 'hienthi', '1640318871', '0'),
('58', 'Tỉnh Kiên Giang', 'tinh-kien-giang', 'Tỉnh', '91', '58', 'hienthi', '1640318871', '0'),
('59', 'Thành phố Cần Thơ', 'thanh-pho-can-tho', 'Thành phố Trung ương', '92', '59', 'hienthi', '1640318871', '0'),
('60', 'Tỉnh Hậu Giang', 'tinh-hau-giang', 'Tỉnh', '93', '60', 'hienthi', '1640318871', '0'),
('61', 'Tỉnh Sóc Trăng', 'tinh-soc-trang', 'Tỉnh', '94', '61', 'hienthi', '1640318871', '0'),
('62', 'Tỉnh Bạc Liêu', 'tinh-bac-lieu', 'Tỉnh', '95', '62', 'hienthi', '1640318871', '0'),
('63', 'Tỉnh Cà Mau', 'tinh-ca-mau', 'Tỉnh', '96', '63', 'hienthi', '1640318871', '0');

DROP TABLE IF EXISTS `tbl_counter`;
CREATE TABLE `tbl_counter` (
  `id` int(11) NOT NULL,
  `tm` int(11) DEFAULT 0,
  `ip` varchar(16) DEFAULT '0.0.0.0'
) ENGINE=MyISAM DEFAULT CHARSET=utf8mb4 COLLATE=utf8mb4_unicode_ci;

INSERT INTO `tbl_counter` (`id`, `tm`, `ip`) VALUES
('0', '1754324538', '::1'),
('0', '1754324555', '::1'),
('0', '1754324567', '::1'),
('0', '1754324837', '::1'),
('0', '1754325004', '::1'),
('0', '1754325018', '::1'),
('0', '1754356422', '::1'),
('0', '1754356448', '::1'),
('0', '1754358698', '::1'),
('0', '1754367490', '::1'),
('0', '1754367502', '::1'),
('0', '1754370530', '::1'),
('0', '1754370547', '::1'),
('0', '1754374771', '::1'),
('0', '1754374804', '::1'),
('0', '1754374872', '::1'),
('0', '1754384293', '::1'),
('0', '1754409247', '::1'),
('0', '1754409460', '::1'),
('0', '1754442452', '::1'),
('0', '1754445649', '::1'),
('0', '1754460847', '::1'),
('0', '1754468935', '::1'),
('0', '1754529301', '::1'),
('0', '1754543303', '::1'),
('0', '1754549704', '::1'),
('0', '1754555789', '::1'),
('0', '1754581184', '::1'),
('0', '1754666572', '::1'),
('0', '1754670236', '::1'),
('0', '1754672807', '::1'),
('0', '1754753247', '::1'),
('0', '1754876585', '::1'),
('0', '1754881889', '::1'),
('0', '1754885896', '::1'),
('0', '1754896077', '::1'),
('0', '1754901512', '::1'),
('0', '1754903982', '::1'),
('0', '1754906152', '::1'),
('0', '1754925231', '::1'),
('0', '1754926043', '::1'),
('0', '1754929641', '::1'),
('0', '1755011898', '::1'),
('0', '1755011919', '::1'),
('0', '1755016540', '::1'),
('0', '1755020395', '::1'),
('0', '1755020488', '::1'),
('0', '1755049223', '::1'),
('0', '1755049355', '::1'),
('0', '1755067269', '::1'),
('0', '1755071700', '::1'),
('0', '1755077284', '::1'),
('0', '1755134977', '::1'),
('0', '1755137160', '::1'),
('0', '1755141495', '::1'),
('0', '1755244436', '::1'),
('0', '1755306510', '::1'),
('0', '1755311411', '::1'),
('0', '1755319554', '::1'),
('0', '1755395730', '::1'),
('0', '1755395918', '::1'),
('0', '1755404816', '::1'),
('0', '1755407266', '::1'),
('0', '1755442856', '::1'),
('0', '1755449003', '::1'),
('0', '1755529465', '::1'),
('0', '1755530477', '::1'),
('0', '1755534085', '::1'),
('0', '1755565936', '::1'),
('0', '1755566551', '::1'),
('0', '1755570039', '::1'),
('0', '1755576250', '::1'),
('0', '1755584889', '::1'),
('0', '1755596909', '::1'),
('0', '1755618623', '::1'),
('0', '1755654427', '::1'),
('0', '1755656027', '::1'),
('0', '1755657608', '::1'),
('0', '1755663846', '::1'),
('0', '1755679709', '::1');

DROP TABLE IF EXISTS `tbl_district`;
CREATE TABLE `tbl_district` (
  `id` int(11) NOT NULL AUTO_INCREMENT,
  `id_city` int(11) DEFAULT 0,
  `name` varchar(255) DEFAULT NULL,
  `slug` varchar(255) DEFAULT NULL,
  `code` varchar(3) DEFAULT NULL,
  `level` varchar(100) DEFAULT NULL,
  `numb` int(11) DEFAULT 0,
  `status` varchar(255) DEFAULT NULL,
  `date_created` int(11) DEFAULT 0,
  `date_updated` int(11) DEFAULT 0,
  PRIMARY KEY (`id`)
) ENGINE=MyISAM AUTO_INCREMENT=706 DEFAULT CHARSET=utf8mb4 COLLATE=utf8mb4_unicode_ci;

INSERT INTO `tbl_district` (`id`, `id_city`, `name`, `slug`, `code`, `level`, `numb`, `status`, `date_created`, `date_updated`) VALUES
('1', '1', 'Quận Ba Đình', 'quan-ba-dinh', '001', 'Quận', '1', 'hienthi', '1640319279', '0'),
('2', '1', 'Quận Hoàn Kiếm', 'quan-hoan-kiem', '002', 'Quận', '2', 'hienthi', '1640319279', '0'),
('3', '1', 'Quận Tây Hồ', 'quan-tay-ho', '003', 'Quận', '3', 'hienthi', '1640319279', '0'),
('4', '1', 'Quận Long Biên', 'quan-long-bien', '004', 'Quận', '4', 'hienthi', '1640319279', '0'),
('5', '1', 'Quận Cầu Giấy', 'quan-cau-giay', '005', 'Quận', '5', 'hienthi', '1640319279', '0'),
('6', '1', 'Quận Đống Đa', 'quan-dong-da', '006', 'Quận', '6', 'hienthi', '1640319279', '0'),
('7', '1', 'Quận Hai Bà Trưng', 'quan-hai-ba-trung', '007', 'Quận', '7', 'hienthi', '1640319279', '0'),
('8', '1', 'Quận Hoàng Mai', 'quan-hoang-mai', '008', 'Quận', '8', 'hienthi', '1640319279', '0'),
('9', '1', 'Quận Thanh Xuân', 'quan-thanh-xuan', '009', 'Quận', '9', 'hienthi', '1640319279', '0'),
('10', '1', 'Huyện Sóc Sơn', 'huyen-soc-son', '016', 'Huyện', '10', 'hienthi', '1640319279', '0'),
('11', '1', 'Huyện Đông Anh', 'huyen-dong-anh', '017', 'Huyện', '11', 'hienthi', '1640319279', '0'),
('12', '1', 'Huyện Gia Lâm', 'huyen-gia-lam', '018', 'Huyện', '12', 'hienthi', '1640319279', '0'),
('13', '1', 'Quận Nam Từ Liêm', 'quan-nam-tu-liem', '019', 'Quận', '13', 'hienthi', '1640319279', '0'),
('14', '1', 'Huyện Thanh Trì', 'huyen-thanh-tri', '020', 'Huyện', '14', 'hienthi', '1640319279', '0'),
('15', '1', 'Quận Bắc Từ Liêm', 'quan-bac-tu-liem', '021', 'Quận', '15', 'hienthi', '1640319279', '0'),
('16', '1', 'Huyện Mê Linh', 'huyen-me-linh', '250', 'Huyện', '16', 'hienthi', '1640319279', '0'),
('17', '1', 'Quận Hà Đông', 'quan-ha-dong', '268', 'Quận', '17', 'hienthi', '1640319279', '0'),
('18', '1', 'Thị xã Sơn Tây', 'thi-xa-son-tay', '269', 'Thị xã', '18', 'hienthi', '1640319279', '0'),
('19', '1', 'Huyện Ba Vì', 'huyen-ba-vi', '271', 'Huyện', '19', 'hienthi', '1640319279', '0'),
('20', '1', 'Huyện Phúc Thọ', 'huyen-phuc-tho', '272', 'Huyện', '20', 'hienthi', '1640319279', '0'),
('21', '1', 'Huyện Đan Phượng', 'huyen-dan-phuong', '273', 'Huyện', '21', 'hienthi', '1640319279', '0'),
('22', '1', 'Huyện Hoài Đức', 'huyen-hoai-duc', '274', 'Huyện', '22', 'hienthi', '1640319279', '0'),
('23', '1', 'Huyện Quốc Oai', 'huyen-quoc-oai', '275', 'Huyện', '23', 'hienthi', '1640319279', '0'),
('24', '1', 'Huyện Thạch Thất', 'huyen-thach-that', '276', 'Huyện', '24', 'hienthi', '1640319279', '0'),
('25', '1', 'Huyện Chương Mỹ', 'huyen-chuong-my', '277', 'Huyện', '25', 'hienthi', '1640319279', '0'),
('26', '1', 'Huyện Thanh Oai', 'huyen-thanh-oai', '278', 'Huyện', '26', 'hienthi', '1640319279', '0'),
('27', '1', 'Huyện Thường Tín', 'huyen-thuong-tin', '279', 'Huyện', '27', 'hienthi', '1640319279', '0'),
('28', '1', 'Huyện Phú Xuyên', 'huyen-phu-xuyen', '280', 'Huyện', '28', 'hienthi', '1640319279', '0'),
('29', '1', 'Huyện Ứng Hòa', 'huyen-ung-hoa', '281', 'Huyện', '29', 'hienthi', '1640319279', '0'),
('30', '1', 'Huyện Mỹ Đức', 'huyen-my-duc', '282', 'Huyện', '30', 'hienthi', '1640319279', '0'),
('31', '2', 'Thành phố Hà Giang', 'thanh-pho-ha-giang', '024', 'Thành phố', '31', 'hienthi', '1640319279', '0'),
('32', '2', 'Huyện Đồng Văn', 'huyen-dong-van', '026', 'Huyện', '32', 'hienthi', '1640319279', '0'),
('33', '2', 'Huyện Mèo Vạc', 'huyen-meo-vac', '027', 'Huyện', '33', 'hienthi', '1640319279', '0'),
('34', '2', 'Huyện Yên Minh', 'huyen-yen-minh', '028', 'Huyện', '34', 'hienthi', '1640319279', '0'),
('35', '2', 'Huyện Quản Bạ', 'huyen-quan-ba', '029', 'Huyện', '35', 'hienthi', '1640319279', '0'),
('36', '2', 'Huyện Vị Xuyên', 'huyen-vi-xuyen', '030', 'Huyện', '36', 'hienthi', '1640319279', '0'),
('37', '2', 'Huyện Bắc Mê', 'huyen-bac-me', '031', 'Huyện', '37', 'hienthi', '1640319279', '0'),
('38', '2', 'Huyện Hoàng Su Phì', 'huyen-hoang-su-phi', '032', 'Huyện', '38', 'hienthi', '1640319279', '0'),
('39', '2', 'Huyện Xín Mần', 'huyen-xin-man', '033', 'Huyện', '39', 'hienthi', '1640319279', '0'),
('40', '2', 'Huyện Bắc Quang', 'huyen-bac-quang', '034', 'Huyện', '40', 'hienthi', '1640319279', '0'),
('41', '2', 'Huyện Quang Bình', 'huyen-quang-binh', '035', 'Huyện', '41', 'hienthi', '1640319279', '0'),
('42', '3', 'Thành phố Cao Bằng', 'thanh-pho-cao-bang', '040', 'Thành phố', '42', 'hienthi', '1640319279', '0'),
('43', '3', 'Huyện Bảo Lâm', 'huyen-bao-lam', '042', 'Huyện', '43', 'hienthi', '1640319279', '0'),
('44', '3', 'Huyện Bảo Lạc', 'huyen-bao-lac', '043', 'Huyện', '44', 'hienthi', '1640319279', '0'),
('45', '3', 'Huyện Hà Quảng', 'huyen-ha-quang', '045', 'Huyện', '45', 'hienthi', '1640319279', '0'),
('46', '3', 'Huyện Trùng Khánh', 'huyen-trung-khanh', '047', 'Huyện', '46', 'hienthi', '1640319279', '0'),
('47', '3', 'Huyện Hạ Lang', 'huyen-ha-lang', '048', 'Huyện', '47', 'hienthi', '1640319279', '0'),
('48', '3', 'Huyện Quảng Hòa', 'huyen-quang-hoa', '049', 'Huyện', '48', 'hienthi', '1640319279', '0'),
('49', '3', 'Huyện Hoà An', 'huyen-hoa-an', '051', 'Huyện', '49', 'hienthi', '1640319279', '0'),
('50', '3', 'Huyện Nguyên Bình', 'huyen-nguyen-binh', '052', 'Huyện', '50', 'hienthi', '1640319279', '0'),
('51', '3', 'Huyện Thạch An', 'huyen-thach-an', '053', 'Huyện', '51', 'hienthi', '1640319279', '0'),
('52', '4', 'Thành Phố Bắc Kạn', 'thanh-pho-bac-kan', '058', 'Thành phố', '52', 'hienthi', '1640319279', '0'),
('53', '4', 'Huyện Pác Nặm', 'huyen-pac-nam', '060', 'Huyện', '53', 'hienthi', '1640319279', '0'),
('54', '4', 'Huyện Ba Bể', 'huyen-ba-be', '061', 'Huyện', '54', 'hienthi', '1640319279', '0'),
('55', '4', 'Huyện Ngân Sơn', 'huyen-ngan-son', '062', 'Huyện', '55', 'hienthi', '1640319279', '0'),
('56', '4', 'Huyện Bạch Thông', 'huyen-bach-thong', '063', 'Huyện', '56', 'hienthi', '1640319279', '0'),
('57', '4', 'Huyện Chợ Đồn', 'huyen-cho-don', '064', 'Huyện', '57', 'hienthi', '1640319279', '0'),
('58', '4', 'Huyện Chợ Mới', 'huyen-cho-moi', '065', 'Huyện', '58', 'hienthi', '1640319279', '0'),
('59', '4', 'Huyện Na Rì', 'huyen-na-ri', '066', 'Huyện', '59', 'hienthi', '1640319279', '0'),
('60', '5', 'Thành phố Tuyên Quang', 'thanh-pho-tuyen-quang', '070', 'Thành phố', '60', 'hienthi', '1640319279', '0'),
('61', '5', 'Huyện Lâm Bình', 'huyen-lam-binh', '071', 'Huyện', '61', 'hienthi', '1640319279', '0'),
('62', '5', 'Huyện Na Hang', 'huyen-na-hang', '072', 'Huyện', '62', 'hienthi', '1640319279', '0'),
('63', '5', 'Huyện Chiêm Hóa', 'huyen-chiem-hoa', '073', 'Huyện', '63', 'hienthi', '1640319279', '0'),
('64', '5', 'Huyện Hàm Yên', 'huyen-ham-yen', '074', 'Huyện', '64', 'hienthi', '1640319279', '0'),
('65', '5', 'Huyện Yên Sơn', 'huyen-yen-son', '075', 'Huyện', '65', 'hienthi', '1640319279', '0'),
('66', '5', 'Huyện Sơn Dương', 'huyen-son-duong', '076', 'Huyện', '66', 'hienthi', '1640319279', '0'),
('67', '6', 'Thành phố Lào Cai', 'thanh-pho-lao-cai', '080', 'Thành phố', '67', 'hienthi', '1640319279', '0'),
('68', '6', 'Huyện Bát Xát', 'huyen-bat-xat', '082', 'Huyện', '68', 'hienthi', '1640319279', '0'),
('69', '6', 'Huyện Mường Khương', 'huyen-muong-khuong', '083', 'Huyện', '69', 'hienthi', '1640319279', '0'),
('70', '6', 'Huyện Si Ma Cai', 'huyen-si-ma-cai', '084', 'Huyện', '70', 'hienthi', '1640319279', '0'),
('71', '6', 'Huyện Bắc Hà', 'huyen-bac-ha', '085', 'Huyện', '71', 'hienthi', '1640319279', '0'),
('72', '6', 'Huyện Bảo Thắng', 'huyen-bao-thang', '086', 'Huyện', '72', 'hienthi', '1640319279', '0'),
('73', '6', 'Huyện Bảo Yên', 'huyen-bao-yen', '087', 'Huyện', '73', 'hienthi', '1640319279', '0'),
('74', '6', 'Thị xã Sa Pa', 'thi-xa-sa-pa', '088', 'Thị xã', '74', 'hienthi', '1640319279', '0'),
('75', '6', 'Huyện Văn Bàn', 'huyen-van-ban', '089', 'Huyện', '75', 'hienthi', '1640319279', '0'),
('76', '7', 'Thành phố Điện Biên Phủ', 'thanh-pho-dien-bien-phu', '094', 'Thành phố', '76', 'hienthi', '1640319280', '0'),
('77', '7', 'Thị Xã Mường Lay', 'thi-xa-muong-lay', '095', 'Thị xã', '77', 'hienthi', '1640319280', '0'),
('78', '7', 'Huyện Mường Nhé', 'huyen-muong-nhe', '096', 'Huyện', '78', 'hienthi', '1640319280', '0'),
('79', '7', 'Huyện Mường Chà', 'huyen-muong-cha', '097', 'Huyện', '79', 'hienthi', '1640319280', '0'),
('80', '7', 'Huyện Tủa Chùa', 'huyen-tua-chua', '098', 'Huyện', '80', 'hienthi', '1640319280', '0'),
('81', '7', 'Huyện Tuần Giáo', 'huyen-tuan-giao', '099', 'Huyện', '81', 'hienthi', '1640319280', '0'),
('82', '7', 'Huyện Điện Biên', 'huyen-dien-bien', '100', 'Huyện', '82', 'hienthi', '1640319280', '0'),
('83', '7', 'Huyện Điện Biên Đông', 'huyen-dien-bien-dong', '101', 'Huyện', '83', 'hienthi', '1640319280', '0'),
('84', '7', 'Huyện Mường Ảng', 'huyen-muong-ang', '102', 'Huyện', '84', 'hienthi', '1640319280', '0'),
('85', '7', 'Huyện Nậm Pồ', 'huyen-nam-po', '103', 'Huyện', '85', 'hienthi', '1640319280', '0'),
('86', '8', 'Thành phố Lai Châu', 'thanh-pho-lai-chau', '105', 'Thành phố', '86', 'hienthi', '1640319280', '0'),
('87', '8', 'Huyện Tam Đường', 'huyen-tam-duong', '106', 'Huyện', '87', 'hienthi', '1640319280', '0'),
('88', '8', 'Huyện Mường Tè', 'huyen-muong-te', '107', 'Huyện', '88', 'hienthi', '1640319280', '0'),
('89', '8', 'Huyện Sìn Hồ', 'huyen-sin-ho', '108', 'Huyện', '89', 'hienthi', '1640319280', '0'),
('90', '8', 'Huyện Phong Thổ', 'huyen-phong-tho', '109', 'Huyện', '90', 'hienthi', '1640319280', '0'),
('91', '8', 'Huyện Than Uyên', 'huyen-than-uyen', '110', 'Huyện', '91', 'hienthi', '1640319280', '0'),
('92', '8', 'Huyện Tân Uyên', 'huyen-tan-uyen', '111', 'Huyện', '92', 'hienthi', '1640319280', '0'),
('93', '8', 'Huyện Nậm Nhùn', 'huyen-nam-nhun', '112', 'Huyện', '93', 'hienthi', '1640319280', '0'),
('94', '9', 'Thành phố Sơn La', 'thanh-pho-son-la', '116', 'Thành phố', '94', 'hienthi', '1640319280', '0'),
('95', '9', 'Huyện Quỳnh Nhai', 'huyen-quynh-nhai', '118', 'Huyện', '95', 'hienthi', '1640319280', '0'),
('96', '9', 'Huyện Thuận Châu', 'huyen-thuan-chau', '119', 'Huyện', '96', 'hienthi', '1640319280', '0'),
('97', '9', 'Huyện Mường La', 'huyen-muong-la', '120', 'Huyện', '97', 'hienthi', '1640319280', '0'),
('98', '9', 'Huyện Bắc Yên', 'huyen-bac-yen', '121', 'Huyện', '98', 'hienthi', '1640319280', '0'),
('99', '9', 'Huyện Phù Yên', 'huyen-phu-yen', '122', 'Huyện', '99', 'hienthi', '1640319280', '0'),
('100', '9', 'Huyện Mộc Châu', 'huyen-moc-chau', '123', 'Huyện', '100', 'hienthi', '1640319280', '0'),
('101', '9', 'Huyện Yên Châu', 'huyen-yen-chau', '124', 'Huyện', '101', 'hienthi', '1640319280', '0'),
('102', '9', 'Huyện Mai Sơn', 'huyen-mai-son', '125', 'Huyện', '102', 'hienthi', '1640319280', '0'),
('103', '9', 'Huyện Sông Mã', 'huyen-song-ma', '126', 'Huyện', '103', 'hienthi', '1640319280', '0'),
('104', '9', 'Huyện Sốp Cộp', 'huyen-sop-cop', '127', 'Huyện', '104', 'hienthi', '1640319280', '0'),
('105', '9', 'Huyện Vân Hồ', 'huyen-van-ho', '128', 'Huyện', '105', 'hienthi', '1640319280', '0'),
('106', '10', 'Thành phố Yên Bái', 'thanh-pho-yen-bai', '132', 'Thành phố', '106', 'hienthi', '1640319280', '0'),
('107', '10', 'Thị xã Nghĩa Lộ', 'thi-xa-nghia-lo', '133', 'Thị xã', '107', 'hienthi', '1640319280', '0'),
('108', '10', 'Huyện Lục Yên', 'huyen-luc-yen', '135', 'Huyện', '108', 'hienthi', '1640319280', '0'),
('109', '10', 'Huyện Văn Yên', 'huyen-van-yen', '136', 'Huyện', '109', 'hienthi', '1640319280', '0'),
('110', '10', 'Huyện Mù Căng Chải', 'huyen-mu-cang-chai', '137', 'Huyện', '110', 'hienthi', '1640319280', '0'),
('111', '10', 'Huyện Trấn Yên', 'huyen-tran-yen', '138', 'Huyện', '111', 'hienthi', '1640319280', '0'),
('112', '10', 'Huyện Trạm Tấu', 'huyen-tram-tau', '139', 'Huyện', '112', 'hienthi', '1640319280', '0'),
('113', '10', 'Huyện Văn Chấn', 'huyen-van-chan', '140', 'Huyện', '113', 'hienthi', '1640319280', '0'),
('114', '10', 'Huyện Yên Bình', 'huyen-yen-binh', '141', 'Huyện', '114', 'hienthi', '1640319280', '0'),
('115', '11', 'Thành phố Hòa Bình', 'thanh-pho-hoa-binh', '148', 'Thành phố', '115', 'hienthi', '1640319280', '0'),
('116', '11', 'Huyện Đà Bắc', 'huyen-da-bac', '150', 'Huyện', '116', 'hienthi', '1640319280', '0'),
('117', '11', 'Huyện Lương Sơn', 'huyen-luong-son', '152', 'Huyện', '117', 'hienthi', '1640319280', '0'),
('118', '11', 'Huyện Kim Bôi', 'huyen-kim-boi', '153', 'Huyện', '118', 'hienthi', '1640319280', '0'),
('119', '11', 'Huyện Cao Phong', 'huyen-cao-phong', '154', 'Huyện', '119', 'hienthi', '1640319280', '0'),
('120', '11', 'Huyện Tân Lạc', 'huyen-tan-lac', '155', 'Huyện', '120', 'hienthi', '1640319280', '0'),
('121', '11', 'Huyện Mai Châu', 'huyen-mai-chau', '156', 'Huyện', '121', 'hienthi', '1640319280', '0'),
('122', '11', 'Huyện Lạc Sơn', 'huyen-lac-son', '157', 'Huyện', '122', 'hienthi', '1640319280', '0'),
('123', '11', 'Huyện Yên Thủy', 'huyen-yen-thuy', '158', 'Huyện', '123', 'hienthi', '1640319280', '0'),
('124', '11', 'Huyện Lạc Thủy', 'huyen-lac-thuy', '159', 'Huyện', '124', 'hienthi', '1640319280', '0'),
('125', '12', 'Thành phố Thái Nguyên', 'thanh-pho-thai-nguyen', '164', 'Thành phố', '125', 'hienthi', '1640319280', '0'),
('126', '12', 'Thành phố Sông Công', 'thanh-pho-song-cong', '165', 'Thành phố', '126', 'hienthi', '1640319280', '0'),
('127', '12', 'Huyện Định Hóa', 'huyen-dinh-hoa', '167', 'Huyện', '127', 'hienthi', '1640319280', '0'),
('128', '12', 'Huyện Phú Lương', 'huyen-phu-luong', '168', 'Huyện', '128', 'hienthi', '1640319280', '0'),
('129', '12', 'Huyện Đồng Hỷ', 'huyen-dong-hy', '169', 'Huyện', '129', 'hienthi', '1640319280', '0'),
('130', '12', 'Huyện Võ Nhai', 'huyen-vo-nhai', '170', 'Huyện', '130', 'hienthi', '1640319280', '0'),
('131', '12', 'Huyện Đại Từ', 'huyen-dai-tu', '171', 'Huyện', '131', 'hienthi', '1640319280', '0'),
('132', '12', 'Thị xã Phổ Yên', 'thi-xa-pho-yen', '172', 'Thị xã', '132', 'hienthi', '1640319280', '0'),
('133', '12', 'Huyện Phú Bình', 'huyen-phu-binh', '173', 'Huyện', '133', 'hienthi', '1640319280', '0'),
('134', '13', 'Thành phố Lạng Sơn', 'thanh-pho-lang-son', '178', 'Thành phố', '134', 'hienthi', '1640319280', '0'),
('135', '13', 'Huyện Tràng Định', 'huyen-trang-dinh', '180', 'Huyện', '135', 'hienthi', '1640319280', '0'),
('136', '13', 'Huyện Bình Gia', 'huyen-binh-gia', '181', 'Huyện', '136', 'hienthi', '1640319280', '0'),
('137', '13', 'Huyện Văn Lãng', 'huyen-van-lang', '182', 'Huyện', '137', 'hienthi', '1640319280', '0'),
('138', '13', 'Huyện Cao Lộc', 'huyen-cao-loc', '183', 'Huyện', '138', 'hienthi', '1640319280', '0'),
('139', '13', 'Huyện Văn Quan', 'huyen-van-quan', '184', 'Huyện', '139', 'hienthi', '1640319280', '0'),
('140', '13', 'Huyện Bắc Sơn', 'huyen-bac-son', '185', 'Huyện', '140', 'hienthi', '1640319280', '0'),
('141', '13', 'Huyện Hữu Lũng', 'huyen-huu-lung', '186', 'Huyện', '141', 'hienthi', '1640319280', '0'),
('142', '13', 'Huyện Chi Lăng', 'huyen-chi-lang', '187', 'Huyện', '142', 'hienthi', '1640319280', '0'),
('143', '13', 'Huyện Lộc Bình', 'huyen-loc-binh', '188', 'Huyện', '143', 'hienthi', '1640319280', '0'),
('144', '13', 'Huyện Đình Lập', 'huyen-dinh-lap', '189', 'Huyện', '144', 'hienthi', '1640319280', '0'),
('145', '14', 'Thành phố Hạ Long', 'thanh-pho-ha-long', '193', 'Thành phố', '145', 'hienthi', '1640319280', '0'),
('146', '14', 'Thành phố Móng Cái', 'thanh-pho-mong-cai', '194', 'Thành phố', '146', 'hienthi', '1640319280', '0'),
('147', '14', 'Thành phố Cẩm Phả', 'thanh-pho-cam-pha', '195', 'Thành phố', '147', 'hienthi', '1640319280', '0'),
('148', '14', 'Thành phố Uông Bí', 'thanh-pho-uong-bi', '196', 'Thành phố', '148', 'hienthi', '1640319280', '0'),
('149', '14', 'Huyện Bình Liêu', 'huyen-binh-lieu', '198', 'Huyện', '149', 'hienthi', '1640319280', '0'),
('150', '14', 'Huyện Tiên Yên', 'huyen-tien-yen', '199', 'Huyện', '150', 'hienthi', '1640319280', '0'),
('151', '14', 'Huyện Đầm Hà', 'huyen-dam-ha', '200', 'Huyện', '151', 'hienthi', '1640319280', '0'),
('152', '14', 'Huyện Hải Hà', 'huyen-hai-ha', '201', 'Huyện', '152', 'hienthi', '1640319280', '0'),
('153', '14', 'Huyện Ba Chẽ', 'huyen-ba-che', '202', 'Huyện', '153', 'hienthi', '1640319280', '0'),
('154', '14', 'Huyện Vân Đồn', 'huyen-van-don', '203', 'Huyện', '154', 'hienthi', '1640319280', '0'),
('155', '14', 'Thị xã Đông Triều', 'thi-xa-dong-trieu', '205', 'Thị xã', '155', 'hienthi', '1640319280', '0'),
('156', '14', 'Thị xã Quảng Yên', 'thi-xa-quang-yen', '206', 'Thị xã', '156', 'hienthi', '1640319280', '0'),
('157', '14', 'Huyện Cô Tô', 'huyen-co-to', '207', 'Huyện', '157', 'hienthi', '1640319280', '0'),
('158', '15', 'Thành phố Bắc Giang', 'thanh-pho-bac-giang', '213', 'Thành phố', '158', 'hienthi', '1640319280', '0'),
('159', '15', 'Huyện Yên Thế', 'huyen-yen-the', '215', 'Huyện', '159', 'hienthi', '1640319280', '0'),
('160', '15', 'Huyện Tân Yên', 'huyen-tan-yen', '216', 'Huyện', '160', 'hienthi', '1640319280', '0'),
('161', '15', 'Huyện Lạng Giang', 'huyen-lang-giang', '217', 'Huyện', '161', 'hienthi', '1640319280', '0'),
('162', '15', 'Huyện Lục Nam', 'huyen-luc-nam', '218', 'Huyện', '162', 'hienthi', '1640319280', '0'),
('163', '15', 'Huyện Lục Ngạn', 'huyen-luc-ngan', '219', 'Huyện', '163', 'hienthi', '1640319280', '0'),
('164', '15', 'Huyện Sơn Động', 'huyen-son-dong', '220', 'Huyện', '164', 'hienthi', '1640319280', '0'),
('165', '15', 'Huyện Yên Dũng', 'huyen-yen-dung', '221', 'Huyện', '165', 'hienthi', '1640319280', '0'),
('166', '15', 'Huyện Việt Yên', 'huyen-viet-yen', '222', 'Huyện', '166', 'hienthi', '1640319280', '0'),
('167', '15', 'Huyện Hiệp Hòa', 'huyen-hiep-hoa', '223', 'Huyện', '167', 'hienthi', '1640319280', '0'),
('168', '16', 'Thành phố Việt Trì', 'thanh-pho-viet-tri', '227', 'Thành phố', '168', 'hienthi', '1640319280', '0'),
('169', '16', 'Thị xã Phú Thọ', 'thi-xa-phu-tho', '228', 'Thị xã', '169', 'hienthi', '1640319280', '0'),
('170', '16', 'Huyện Đoan Hùng', 'huyen-doan-hung', '230', 'Huyện', '170', 'hienthi', '1640319280', '0'),
('171', '16', 'Huyện Hạ Hoà', 'huyen-ha-hoa', '231', 'Huyện', '171', 'hienthi', '1640319280', '0'),
('172', '16', 'Huyện Thanh Ba', 'huyen-thanh-ba', '232', 'Huyện', '172', 'hienthi', '1640319280', '0'),
('173', '16', 'Huyện Phù Ninh', 'huyen-phu-ninh', '233', 'Huyện', '173', 'hienthi', '1640319280', '0'),
('174', '16', 'Huyện Yên Lập', 'huyen-yen-lap', '234', 'Huyện', '174', 'hienthi', '1640319280', '0'),
('175', '16', 'Huyện Cẩm Khê', 'huyen-cam-khe', '235', 'Huyện', '175', 'hienthi', '1640319280', '0'),
('176', '16', 'Huyện Tam Nông', 'huyen-tam-nong', '236', 'Huyện', '176', 'hienthi', '1640319280', '0'),
('177', '16', 'Huyện Lâm Thao', 'huyen-lam-thao', '237', 'Huyện', '177', 'hienthi', '1640319280', '0'),
('178', '16', 'Huyện Thanh Sơn', 'huyen-thanh-son', '238', 'Huyện', '178', 'hienthi', '1640319280', '0'),
('179', '16', 'Huyện Thanh Thuỷ', 'huyen-thanh-thuy', '239', 'Huyện', '179', 'hienthi', '1640319280', '0'),
('180', '16', 'Huyện Tân Sơn', 'huyen-tan-son', '240', 'Huyện', '180', 'hienthi', '1640319280', '0'),
('181', '17', 'Thành phố Vĩnh Yên', 'thanh-pho-vinh-yen', '243', 'Thành phố', '181', 'hienthi', '1640319280', '0'),
('182', '17', 'Thành phố Phúc Yên', 'thanh-pho-phuc-yen', '244', 'Thành phố', '182', 'hienthi', '1640319280', '0'),
('183', '17', 'Huyện Lập Thạch', 'huyen-lap-thach', '246', 'Huyện', '183', 'hienthi', '1640319280', '0'),
('184', '17', 'Huyện Tam Dương', 'huyen-tam-duong', '247', 'Huyện', '184', 'hienthi', '1640319280', '0'),
('185', '17', 'Huyện Tam Đảo', 'huyen-tam-dao', '248', 'Huyện', '185', 'hienthi', '1640319280', '0'),
('186', '17', 'Huyện Bình Xuyên', 'huyen-binh-xuyen', '249', 'Huyện', '186', 'hienthi', '1640319280', '0'),
('187', '17', 'Huyện Yên Lạc', 'huyen-yen-lac', '251', 'Huyện', '187', 'hienthi', '1640319280', '0'),
('188', '17', 'Huyện Vĩnh Tường', 'huyen-vinh-tuong', '252', 'Huyện', '188', 'hienthi', '1640319280', '0'),
('189', '17', 'Huyện Sông Lô', 'huyen-song-lo', '253', 'Huyện', '189', 'hienthi', '1640319280', '0'),
('190', '18', 'Thành phố Bắc Ninh', 'thanh-pho-bac-ninh', '256', 'Thành phố', '190', 'hienthi', '1640319280', '0'),
('191', '18', 'Huyện Yên Phong', 'huyen-yen-phong', '258', 'Huyện', '191', 'hienthi', '1640319280', '0'),
('192', '18', 'Huyện Quế Võ', 'huyen-que-vo', '259', 'Huyện', '192', 'hienthi', '1640319280', '0'),
('193', '18', 'Huyện Tiên Du', 'huyen-tien-du', '260', 'Huyện', '193', 'hienthi', '1640319280', '0'),
('194', '18', 'Thành phố Từ Sơn', 'thanh-pho-tu-son', '261', 'Thành phố', '194', 'hienthi', '1640319280', '0'),
('195', '18', 'Huyện Thuận Thành', 'huyen-thuan-thanh', '262', 'Huyện', '195', 'hienthi', '1640319280', '0'),
('196', '18', 'Huyện Gia Bình', 'huyen-gia-binh', '263', 'Huyện', '196', 'hienthi', '1640319280', '0'),
('197', '18', 'Huyện Lương Tài', 'huyen-luong-tai', '264', 'Huyện', '197', 'hienthi', '1640319280', '0'),
('198', '19', 'Thành phố Hải Dương', 'thanh-pho-hai-duong', '288', 'Thành phố', '198', 'hienthi', '1640319280', '0'),
('199', '19', 'Thành phố Chí Linh', 'thanh-pho-chi-linh', '290', 'Thành phố', '199', 'hienthi', '1640319280', '0'),
('200', '19', 'Huyện Nam Sách', 'huyen-nam-sach', '291', 'Huyện', '200', 'hienthi', '1640319280', '0');
INSERT INTO `tbl_district` (`id`, `id_city`, `name`, `slug`, `code`, `level`, `numb`, `status`, `date_created`, `date_updated`) VALUES
('201', '19', 'Thị xã Kinh Môn', 'thi-xa-kinh-mon', '292', 'Thị xã', '201', 'hienthi', '1640319280', '0'),
('202', '19', 'Huyện Kim Thành', 'huyen-kim-thanh', '293', 'Huyện', '202', 'hienthi', '1640319280', '0'),
('203', '19', 'Huyện Thanh Hà', 'huyen-thanh-ha', '294', 'Huyện', '203', 'hienthi', '1640319280', '0'),
('204', '19', 'Huyện Cẩm Giàng', 'huyen-cam-giang', '295', 'Huyện', '204', 'hienthi', '1640319280', '0'),
('205', '19', 'Huyện Bình Giang', 'huyen-binh-giang', '296', 'Huyện', '205', 'hienthi', '1640319280', '0'),
('206', '19', 'Huyện Gia Lộc', 'huyen-gia-loc', '297', 'Huyện', '206', 'hienthi', '1640319280', '0'),
('207', '19', 'Huyện Tứ Kỳ', 'huyen-tu-ky', '298', 'Huyện', '207', 'hienthi', '1640319280', '0'),
('208', '19', 'Huyện Ninh Giang', 'huyen-ninh-giang', '299', 'Huyện', '208', 'hienthi', '1640319280', '0'),
('209', '19', 'Huyện Thanh Miện', 'huyen-thanh-mien', '300', 'Huyện', '209', 'hienthi', '1640319280', '0'),
('210', '20', 'Quận Hồng Bàng', 'quan-hong-bang', '303', 'Quận', '210', 'hienthi', '1640319280', '0'),
('211', '20', 'Quận Ngô Quyền', 'quan-ngo-quyen', '304', 'Quận', '211', 'hienthi', '1640319280', '0'),
('212', '20', 'Quận Lê Chân', 'quan-le-chan', '305', 'Quận', '212', 'hienthi', '1640319280', '0'),
('213', '20', 'Quận Hải An', 'quan-hai-an', '306', 'Quận', '213', 'hienthi', '1640319280', '0'),
('214', '20', 'Quận Kiến An', 'quan-kien-an', '307', 'Quận', '214', 'hienthi', '1640319280', '0'),
('215', '20', 'Quận Đồ Sơn', 'quan-do-son', '308', 'Quận', '215', 'hienthi', '1640319280', '0'),
('216', '20', 'Quận Dương Kinh', 'quan-duong-kinh', '309', 'Quận', '216', 'hienthi', '1640319280', '0'),
('217', '20', 'Huyện Thuỷ Nguyên', 'huyen-thuy-nguyen', '311', 'Huyện', '217', 'hienthi', '1640319280', '0'),
('218', '20', 'Huyện An Dương', 'huyen-an-duong', '312', 'Huyện', '218', 'hienthi', '1640319280', '0'),
('219', '20', 'Huyện An Lão', 'huyen-an-lao', '313', 'Huyện', '219', 'hienthi', '1640319280', '0'),
('220', '20', 'Huyện Kiến Thuỵ', 'huyen-kien-thuy', '314', 'Huyện', '220', 'hienthi', '1640319280', '0'),
('221', '20', 'Huyện Tiên Lãng', 'huyen-tien-lang', '315', 'Huyện', '221', 'hienthi', '1640319280', '0'),
('222', '20', 'Huyện Vĩnh Bảo', 'huyen-vinh-bao', '316', 'Huyện', '222', 'hienthi', '1640319280', '0'),
('223', '20', 'Huyện Cát Hải', 'huyen-cat-hai', '317', 'Huyện', '223', 'hienthi', '1640319280', '0'),
('224', '20', 'Huyện Bạch Long Vĩ', 'huyen-bach-long-vi', '318', 'Huyện', '224', 'hienthi', '1640319280', '0'),
('225', '21', 'Thành phố Hưng Yên', 'thanh-pho-hung-yen', '323', 'Thành phố', '225', 'hienthi', '1640319280', '0'),
('226', '21', 'Huyện Văn Lâm', 'huyen-van-lam', '325', 'Huyện', '226', 'hienthi', '1640319280', '0'),
('227', '21', 'Huyện Văn Giang', 'huyen-van-giang', '326', 'Huyện', '227', 'hienthi', '1640319280', '0'),
('228', '21', 'Huyện Yên Mỹ', 'huyen-yen-my', '327', 'Huyện', '228', 'hienthi', '1640319280', '0'),
('229', '21', 'Thị xã Mỹ Hào', 'thi-xa-my-hao', '328', 'Thị xã', '229', 'hienthi', '1640319280', '0'),
('230', '21', 'Huyện Ân Thi', 'huyen-an-thi', '329', 'Huyện', '230', 'hienthi', '1640319280', '0'),
('231', '21', 'Huyện Khoái Châu', 'huyen-khoai-chau', '330', 'Huyện', '231', 'hienthi', '1640319280', '0'),
('232', '21', 'Huyện Kim Động', 'huyen-kim-dong', '331', 'Huyện', '232', 'hienthi', '1640319280', '0'),
('233', '21', 'Huyện Tiên Lữ', 'huyen-tien-lu', '332', 'Huyện', '233', 'hienthi', '1640319280', '0'),
('234', '21', 'Huyện Phù Cừ', 'huyen-phu-cu', '333', 'Huyện', '234', 'hienthi', '1640319280', '0'),
('235', '22', 'Thành phố Thái Bình', 'thanh-pho-thai-binh', '336', 'Thành phố', '235', 'hienthi', '1640319280', '0'),
('236', '22', 'Huyện Quỳnh Phụ', 'huyen-quynh-phu', '338', 'Huyện', '236', 'hienthi', '1640319280', '0'),
('237', '22', 'Huyện Hưng Hà', 'huyen-hung-ha', '339', 'Huyện', '237', 'hienthi', '1640319280', '0'),
('238', '22', 'Huyện Đông Hưng', 'huyen-dong-hung', '340', 'Huyện', '238', 'hienthi', '1640319280', '0'),
('239', '22', 'Huyện Thái Thụy', 'huyen-thai-thuy', '341', 'Huyện', '239', 'hienthi', '1640319280', '0'),
('240', '22', 'Huyện Tiền Hải', 'huyen-tien-hai', '342', 'Huyện', '240', 'hienthi', '1640319280', '0'),
('241', '22', 'Huyện Kiến Xương', 'huyen-kien-xuong', '343', 'Huyện', '241', 'hienthi', '1640319280', '0'),
('242', '22', 'Huyện Vũ Thư', 'huyen-vu-thu', '344', 'Huyện', '242', 'hienthi', '1640319280', '0'),
('243', '23', 'Thành phố Phủ Lý', 'thanh-pho-phu-ly', '347', 'Thành phố', '243', 'hienthi', '1640319280', '0'),
('244', '23', 'Thị xã Duy Tiên', 'thi-xa-duy-tien', '349', 'Thị xã', '244', 'hienthi', '1640319280', '0'),
('245', '23', 'Huyện Kim Bảng', 'huyen-kim-bang', '350', 'Huyện', '245', 'hienthi', '1640319281', '0'),
('246', '23', 'Huyện Thanh Liêm', 'huyen-thanh-liem', '351', 'Huyện', '246', 'hienthi', '1640319281', '0'),
('247', '23', 'Huyện Bình Lục', 'huyen-binh-luc', '352', 'Huyện', '247', 'hienthi', '1640319281', '0'),
('248', '23', 'Huyện Lý Nhân', 'huyen-ly-nhan', '353', 'Huyện', '248', 'hienthi', '1640319281', '0'),
('249', '24', 'Thành phố Nam Định', 'thanh-pho-nam-dinh', '356', 'Thành phố', '249', 'hienthi', '1640319281', '0'),
('250', '24', 'Huyện Mỹ Lộc', 'huyen-my-loc', '358', 'Huyện', '250', 'hienthi', '1640319281', '0'),
('251', '24', 'Huyện Vụ Bản', 'huyen-vu-ban', '359', 'Huyện', '251', 'hienthi', '1640319281', '0'),
('252', '24', 'Huyện Ý Yên', 'huyen-y-yen', '360', 'Huyện', '252', 'hienthi', '1640319281', '0'),
('253', '24', 'Huyện Nghĩa Hưng', 'huyen-nghia-hung', '361', 'Huyện', '253', 'hienthi', '1640319281', '0'),
('254', '24', 'Huyện Nam Trực', 'huyen-nam-truc', '362', 'Huyện', '254', 'hienthi', '1640319281', '0'),
('255', '24', 'Huyện Trực Ninh', 'huyen-truc-ninh', '363', 'Huyện', '255', 'hienthi', '1640319281', '0'),
('256', '24', 'Huyện Xuân Trường', 'huyen-xuan-truong', '364', 'Huyện', '256', 'hienthi', '1640319281', '0'),
('257', '24', 'Huyện Giao Thủy', 'huyen-giao-thuy', '365', 'Huyện', '257', 'hienthi', '1640319281', '0'),
('258', '24', 'Huyện Hải Hậu', 'huyen-hai-hau', '366', 'Huyện', '258', 'hienthi', '1640319281', '0'),
('259', '25', 'Thành phố Ninh Bình', 'thanh-pho-ninh-binh', '369', 'Thành phố', '259', 'hienthi', '1640319281', '0'),
('260', '25', 'Thành phố Tam Điệp', 'thanh-pho-tam-diep', '370', 'Thành phố', '260', 'hienthi', '1640319281', '0'),
('261', '25', 'Huyện Nho Quan', 'huyen-nho-quan', '372', 'Huyện', '261', 'hienthi', '1640319281', '0'),
('262', '25', 'Huyện Gia Viễn', 'huyen-gia-vien', '373', 'Huyện', '262', 'hienthi', '1640319281', '0'),
('263', '25', 'Huyện Hoa Lư', 'huyen-hoa-lu', '374', 'Huyện', '263', 'hienthi', '1640319281', '0'),
('264', '25', 'Huyện Yên Khánh', 'huyen-yen-khanh', '375', 'Huyện', '264', 'hienthi', '1640319281', '0'),
('265', '25', 'Huyện Kim Sơn', 'huyen-kim-son', '376', 'Huyện', '265', 'hienthi', '1640319281', '0'),
('266', '25', 'Huyện Yên Mô', 'huyen-yen-mo', '377', 'Huyện', '266', 'hienthi', '1640319281', '0'),
('267', '26', 'Thành phố Thanh Hóa', 'thanh-pho-thanh-hoa', '380', 'Thành phố', '267', 'hienthi', '1640319281', '0'),
('268', '26', 'Thị xã Bỉm Sơn', 'thi-xa-bim-son', '381', 'Thị xã', '268', 'hienthi', '1640319281', '0'),
('269', '26', 'Thành phố Sầm Sơn', 'thanh-pho-sam-son', '382', 'Thành phố', '269', 'hienthi', '1640319281', '0'),
('270', '26', 'Huyện Mường Lát', 'huyen-muong-lat', '384', 'Huyện', '270', 'hienthi', '1640319281', '0'),
('271', '26', 'Huyện Quan Hóa', 'huyen-quan-hoa', '385', 'Huyện', '271', 'hienthi', '1640319281', '0'),
('272', '26', 'Huyện Bá Thước', 'huyen-ba-thuoc', '386', 'Huyện', '272', 'hienthi', '1640319281', '0'),
('273', '26', 'Huyện Quan Sơn', 'huyen-quan-son', '387', 'Huyện', '273', 'hienthi', '1640319281', '0'),
('274', '26', 'Huyện Lang Chánh', 'huyen-lang-chanh', '388', 'Huyện', '274', 'hienthi', '1640319281', '0'),
('275', '26', 'Huyện Ngọc Lặc', 'huyen-ngoc-lac', '389', 'Huyện', '275', 'hienthi', '1640319281', '0'),
('276', '26', 'Huyện Cẩm Thủy', 'huyen-cam-thuy', '390', 'Huyện', '276', 'hienthi', '1640319281', '0'),
('277', '26', 'Huyện Thạch Thành', 'huyen-thach-thanh', '391', 'Huyện', '277', 'hienthi', '1640319281', '0'),
('278', '26', 'Huyện Hà Trung', 'huyen-ha-trung', '392', 'Huyện', '278', 'hienthi', '1640319281', '0'),
('279', '26', 'Huyện Vĩnh Lộc', 'huyen-vinh-loc', '393', 'Huyện', '279', 'hienthi', '1640319281', '0'),
('280', '26', 'Huyện Yên Định', 'huyen-yen-dinh', '394', 'Huyện', '280', 'hienthi', '1640319281', '0'),
('281', '26', 'Huyện Thọ Xuân', 'huyen-tho-xuan', '395', 'Huyện', '281', 'hienthi', '1640319281', '0'),
('282', '26', 'Huyện Thường Xuân', 'huyen-thuong-xuan', '396', 'Huyện', '282', 'hienthi', '1640319281', '0'),
('283', '26', 'Huyện Triệu Sơn', 'huyen-trieu-son', '397', 'Huyện', '283', 'hienthi', '1640319281', '0'),
('284', '26', 'Huyện Thiệu Hóa', 'huyen-thieu-hoa', '398', 'Huyện', '284', 'hienthi', '1640319281', '0'),
('285', '26', 'Huyện Hoằng Hóa', 'huyen-hoang-hoa', '399', 'Huyện', '285', 'hienthi', '1640319281', '0'),
('286', '26', 'Huyện Hậu Lộc', 'huyen-hau-loc', '400', 'Huyện', '286', 'hienthi', '1640319281', '0'),
('287', '26', 'Huyện Nga Sơn', 'huyen-nga-son', '401', 'Huyện', '287', 'hienthi', '1640319281', '0'),
('288', '26', 'Huyện Như Xuân', 'huyen-nhu-xuan', '402', 'Huyện', '288', 'hienthi', '1640319281', '0'),
('289', '26', 'Huyện Như Thanh', 'huyen-nhu-thanh', '403', 'Huyện', '289', 'hienthi', '1640319281', '0'),
('290', '26', 'Huyện Nông Cống', 'huyen-nong-cong', '404', 'Huyện', '290', 'hienthi', '1640319281', '0'),
('291', '26', 'Huyện Đông Sơn', 'huyen-dong-son', '405', 'Huyện', '291', 'hienthi', '1640319281', '0'),
('292', '26', 'Huyện Quảng Xương', 'huyen-quang-xuong', '406', 'Huyện', '292', 'hienthi', '1640319281', '0'),
('293', '26', 'Thị xã Nghi Sơn', 'thi-xa-nghi-son', '407', 'Thị xã', '293', 'hienthi', '1640319281', '0'),
('294', '27', 'Thành phố Vinh', 'thanh-pho-vinh', '412', 'Thành phố', '294', 'hienthi', '1640319281', '0'),
('295', '27', 'Thị xã Cửa Lò', 'thi-xa-cua-lo', '413', 'Thị xã', '295', 'hienthi', '1640319281', '0'),
('296', '27', 'Thị xã Thái Hoà', 'thi-xa-thai-hoa', '414', 'Thị xã', '296', 'hienthi', '1640319281', '0'),
('297', '27', 'Huyện Quế Phong', 'huyen-que-phong', '415', 'Huyện', '297', 'hienthi', '1640319281', '0'),
('298', '27', 'Huyện Quỳ Châu', 'huyen-quy-chau', '416', 'Huyện', '298', 'hienthi', '1640319281', '0'),
('299', '27', 'Huyện Kỳ Sơn', 'huyen-ky-son', '417', 'Huyện', '299', 'hienthi', '1640319281', '0'),
('300', '27', 'Huyện Tương Dương', 'huyen-tuong-duong', '418', 'Huyện', '300', 'hienthi', '1640319281', '0'),
('301', '27', 'Huyện Nghĩa Đàn', 'huyen-nghia-dan', '419', 'Huyện', '301', 'hienthi', '1640319281', '0'),
('302', '27', 'Huyện Quỳ Hợp', 'huyen-quy-hop', '420', 'Huyện', '302', 'hienthi', '1640319281', '0'),
('303', '27', 'Huyện Quỳnh Lưu', 'huyen-quynh-luu', '421', 'Huyện', '303', 'hienthi', '1640319281', '0'),
('304', '27', 'Huyện Con Cuông', 'huyen-con-cuong', '422', 'Huyện', '304', 'hienthi', '1640319281', '0'),
('305', '27', 'Huyện Tân Kỳ', 'huyen-tan-ky', '423', 'Huyện', '305', 'hienthi', '1640319281', '0'),
('306', '27', 'Huyện Anh Sơn', 'huyen-anh-son', '424', 'Huyện', '306', 'hienthi', '1640319281', '0'),
('307', '27', 'Huyện Diễn Châu', 'huyen-dien-chau', '425', 'Huyện', '307', 'hienthi', '1640319281', '0'),
('308', '27', 'Huyện Yên Thành', 'huyen-yen-thanh', '426', 'Huyện', '308', 'hienthi', '1640319281', '0'),
('309', '27', 'Huyện Đô Lương', 'huyen-do-luong', '427', 'Huyện', '309', 'hienthi', '1640319281', '0'),
('310', '27', 'Huyện Thanh Chương', 'huyen-thanh-chuong', '428', 'Huyện', '310', 'hienthi', '1640319281', '0'),
('311', '27', 'Huyện Nghi Lộc', 'huyen-nghi-loc', '429', 'Huyện', '311', 'hienthi', '1640319281', '0'),
('312', '27', 'Huyện Nam Đàn', 'huyen-nam-dan', '430', 'Huyện', '312', 'hienthi', '1640319281', '0'),
('313', '27', 'Huyện Hưng Nguyên', 'huyen-hung-nguyen', '431', 'Huyện', '313', 'hienthi', '1640319281', '0'),
('314', '27', 'Thị xã Hoàng Mai', 'thi-xa-hoang-mai', '432', 'Thị xã', '314', 'hienthi', '1640319281', '0'),
('315', '28', 'Thành phố Hà Tĩnh', 'thanh-pho-ha-tinh', '436', 'Thành phố', '315', 'hienthi', '1640319281', '0'),
('316', '28', 'Thị xã Hồng Lĩnh', 'thi-xa-hong-linh', '437', 'Thị xã', '316', 'hienthi', '1640319281', '0'),
('317', '28', 'Huyện Hương Sơn', 'huyen-huong-son', '439', 'Huyện', '317', 'hienthi', '1640319281', '0'),
('318', '28', 'Huyện Đức Thọ', 'huyen-duc-tho', '440', 'Huyện', '318', 'hienthi', '1640319281', '0'),
('319', '28', 'Huyện Vũ Quang', 'huyen-vu-quang', '441', 'Huyện', '319', 'hienthi', '1640319281', '0'),
('320', '28', 'Huyện Nghi Xuân', 'huyen-nghi-xuan', '442', 'Huyện', '320', 'hienthi', '1640319281', '0'),
('321', '28', 'Huyện Can Lộc', 'huyen-can-loc', '443', 'Huyện', '321', 'hienthi', '1640319281', '0'),
('322', '28', 'Huyện Hương Khê', 'huyen-huong-khe', '444', 'Huyện', '322', 'hienthi', '1640319281', '0'),
('323', '28', 'Huyện Thạch Hà', 'huyen-thach-ha', '445', 'Huyện', '323', 'hienthi', '1640319281', '0'),
('324', '28', 'Huyện Cẩm Xuyên', 'huyen-cam-xuyen', '446', 'Huyện', '324', 'hienthi', '1640319281', '0'),
('325', '28', 'Huyện Kỳ Anh', 'huyen-ky-anh', '447', 'Huyện', '325', 'hienthi', '1640319281', '0'),
('326', '28', 'Huyện Lộc Hà', 'huyen-loc-ha', '448', 'Huyện', '326', 'hienthi', '1640319281', '0'),
('327', '28', 'Thị xã Kỳ Anh', 'thi-xa-ky-anh', '449', 'Thị xã', '327', 'hienthi', '1640319281', '0'),
('328', '29', 'Thành Phố Đồng Hới', 'thanh-pho-dong-hoi', '450', 'Thành phố', '328', 'hienthi', '1640319281', '0'),
('329', '29', 'Huyện Minh Hóa', 'huyen-minh-hoa', '452', 'Huyện', '329', 'hienthi', '1640319281', '0'),
('330', '29', 'Huyện Tuyên Hóa', 'huyen-tuyen-hoa', '453', 'Huyện', '330', 'hienthi', '1640319281', '0'),
('331', '29', 'Huyện Quảng Trạch', 'huyen-quang-trach', '454', 'Huyện', '331', 'hienthi', '1640319281', '0'),
('332', '29', 'Huyện Bố Trạch', 'huyen-bo-trach', '455', 'Huyện', '332', 'hienthi', '1640319281', '0'),
('333', '29', 'Huyện Quảng Ninh', 'huyen-quang-ninh', '456', 'Huyện', '333', 'hienthi', '1640319281', '0'),
('334', '29', 'Huyện Lệ Thủy', 'huyen-le-thuy', '457', 'Huyện', '334', 'hienthi', '1640319281', '0'),
('335', '29', 'Thị xã Ba Đồn', 'thi-xa-ba-don', '458', 'Thị xã', '335', 'hienthi', '1640319281', '0'),
('336', '30', 'Thành phố Đông Hà', 'thanh-pho-dong-ha', '461', 'Thành phố', '336', 'hienthi', '1640319281', '0'),
('337', '30', 'Thị xã Quảng Trị', 'thi-xa-quang-tri', '462', 'Thị xã', '337', 'hienthi', '1640319281', '0'),
('338', '30', 'Huyện Vĩnh Linh', 'huyen-vinh-linh', '464', 'Huyện', '338', 'hienthi', '1640319281', '0'),
('339', '30', 'Huyện Hướng Hóa', 'huyen-huong-hoa', '465', 'Huyện', '339', 'hienthi', '1640319281', '0'),
('340', '30', 'Huyện Gio Linh', 'huyen-gio-linh', '466', 'Huyện', '340', 'hienthi', '1640319281', '0'),
('341', '30', 'Huyện Đa Krông', 'huyen-da-krong', '467', 'Huyện', '341', 'hienthi', '1640319281', '0'),
('342', '30', 'Huyện Cam Lộ', 'huyen-cam-lo', '468', 'Huyện', '342', 'hienthi', '1640319281', '0'),
('343', '30', 'Huyện Triệu Phong', 'huyen-trieu-phong', '469', 'Huyện', '343', 'hienthi', '1640319281', '0'),
('344', '30', 'Huyện Hải Lăng', 'huyen-hai-lang', '470', 'Huyện', '344', 'hienthi', '1640319281', '0'),
('345', '30', 'Huyện Cồn Cỏ', 'huyen-con-co', '471', 'Huyện', '345', 'hienthi', '1640319281', '0'),
('346', '31', 'Thành phố Huế', 'thanh-pho-hue', '474', 'Thành phố', '346', 'hienthi', '1640319281', '0'),
('347', '31', 'Huyện Phong Điền', 'huyen-phong-dien', '476', 'Huyện', '347', 'hienthi', '1640319281', '0'),
('348', '31', 'Huyện Quảng Điền', 'huyen-quang-dien', '477', 'Huyện', '348', 'hienthi', '1640319281', '0'),
('349', '31', 'Huyện Phú Vang', 'huyen-phu-vang', '478', 'Huyện', '349', 'hienthi', '1640319281', '0'),
('350', '31', 'Thị xã Hương Thủy', 'thi-xa-huong-thuy', '479', 'Thị xã', '350', 'hienthi', '1640319281', '0'),
('351', '31', 'Thị xã Hương Trà', 'thi-xa-huong-tra', '480', 'Thị xã', '351', 'hienthi', '1640319281', '0'),
('352', '31', 'Huyện A Lưới', 'huyen-a-luoi', '481', 'Huyện', '352', 'hienthi', '1640319281', '0'),
('353', '31', 'Huyện Phú Lộc', 'huyen-phu-loc', '482', 'Huyện', '353', 'hienthi', '1640319281', '0'),
('354', '31', 'Huyện Nam Đông', 'huyen-nam-dong', '483', 'Huyện', '354', 'hienthi', '1640319281', '0'),
('355', '32', 'Quận Liên Chiểu', 'quan-lien-chieu', '490', 'Quận', '355', 'hienthi', '1640319281', '0'),
('356', '32', 'Quận Thanh Khê', 'quan-thanh-khe', '491', 'Quận', '356', 'hienthi', '1640319281', '0'),
('357', '32', 'Quận Hải Châu', 'quan-hai-chau', '492', 'Quận', '357', 'hienthi', '1640319281', '0'),
('358', '32', 'Quận Sơn Trà', 'quan-son-tra', '493', 'Quận', '358', 'hienthi', '1640319281', '0'),
('359', '32', 'Quận Ngũ Hành Sơn', 'quan-ngu-hanh-son', '494', 'Quận', '359', 'hienthi', '1640319281', '0'),
('360', '32', 'Quận Cẩm Lệ', 'quan-cam-le', '495', 'Quận', '360', 'hienthi', '1640319281', '0'),
('361', '32', 'Huyện Hòa Vang', 'huyen-hoa-vang', '497', 'Huyện', '361', 'hienthi', '1640319281', '0'),
('362', '32', 'Huyện Hoàng Sa', 'huyen-hoang-sa', '498', 'Huyện', '362', 'hienthi', '1640319281', '0'),
('363', '33', 'Thành phố Tam Kỳ', 'thanh-pho-tam-ky', '502', 'Thành phố', '363', 'hienthi', '1640319281', '0'),
('364', '33', 'Thành phố Hội An', 'thanh-pho-hoi-an', '503', 'Thành phố', '364', 'hienthi', '1640319281', '0'),
('365', '33', 'Huyện Tây Giang', 'huyen-tay-giang', '504', 'Huyện', '365', 'hienthi', '1640319281', '0'),
('366', '33', 'Huyện Đông Giang', 'huyen-dong-giang', '505', 'Huyện', '366', 'hienthi', '1640319281', '0'),
('367', '33', 'Huyện Đại Lộc', 'huyen-dai-loc', '506', 'Huyện', '367', 'hienthi', '1640319281', '0'),
('368', '33', 'Thị xã Điện Bàn', 'thi-xa-dien-ban', '507', 'Thị xã', '368', 'hienthi', '1640319281', '0'),
('369', '33', 'Huyện Duy Xuyên', 'huyen-duy-xuyen', '508', 'Huyện', '369', 'hienthi', '1640319281', '0'),
('370', '33', 'Huyện Quế Sơn', 'huyen-que-son', '509', 'Huyện', '370', 'hienthi', '1640319281', '0'),
('371', '33', 'Huyện Nam Giang', 'huyen-nam-giang', '510', 'Huyện', '371', 'hienthi', '1640319281', '0'),
('372', '33', 'Huyện Phước Sơn', 'huyen-phuoc-son', '511', 'Huyện', '372', 'hienthi', '1640319281', '0'),
('373', '33', 'Huyện Hiệp Đức', 'huyen-hiep-duc', '512', 'Huyện', '373', 'hienthi', '1640319281', '0'),
('374', '33', 'Huyện Thăng Bình', 'huyen-thang-binh', '513', 'Huyện', '374', 'hienthi', '1640319281', '0'),
('375', '33', 'Huyện Tiên Phước', 'huyen-tien-phuoc', '514', 'Huyện', '375', 'hienthi', '1640319281', '0'),
('376', '33', 'Huyện Bắc Trà My', 'huyen-bac-tra-my', '515', 'Huyện', '376', 'hienthi', '1640319281', '0'),
('377', '33', 'Huyện Nam Trà My', 'huyen-nam-tra-my', '516', 'Huyện', '377', 'hienthi', '1640319281', '0'),
('378', '33', 'Huyện Núi Thành', 'huyen-nui-thanh', '517', 'Huyện', '378', 'hienthi', '1640319281', '0'),
('379', '33', 'Huyện Phú Ninh', 'huyen-phu-ninh', '518', 'Huyện', '379', 'hienthi', '1640319281', '0'),
('380', '33', 'Huyện Nông Sơn', 'huyen-nong-son', '519', 'Huyện', '380', 'hienthi', '1640319281', '0'),
('381', '34', 'Thành phố Quảng Ngãi', 'thanh-pho-quang-ngai', '522', 'Thành phố', '381', 'hienthi', '1640319281', '0'),
('382', '34', 'Huyện Bình Sơn', 'huyen-binh-son', '524', 'Huyện', '382', 'hienthi', '1640319281', '0'),
('383', '34', 'Huyện Trà Bồng', 'huyen-tra-bong', '525', 'Huyện', '383', 'hienthi', '1640319281', '0'),
('384', '34', 'Huyện Sơn Tịnh', 'huyen-son-tinh', '527', 'Huyện', '384', 'hienthi', '1640319281', '0'),
('385', '34', 'Huyện Tư Nghĩa', 'huyen-tu-nghia', '528', 'Huyện', '385', 'hienthi', '1640319281', '0'),
('386', '34', 'Huyện Sơn Hà', 'huyen-son-ha', '529', 'Huyện', '386', 'hienthi', '1640319281', '0'),
('387', '34', 'Huyện Sơn Tây', 'huyen-son-tay', '530', 'Huyện', '387', 'hienthi', '1640319281', '0'),
('388', '34', 'Huyện Minh Long', 'huyen-minh-long', '531', 'Huyện', '388', 'hienthi', '1640319281', '0'),
('389', '34', 'Huyện Nghĩa Hành', 'huyen-nghia-hanh', '532', 'Huyện', '389', 'hienthi', '1640319281', '0'),
('390', '34', 'Huyện Mộ Đức', 'huyen-mo-duc', '533', 'Huyện', '390', 'hienthi', '1640319281', '0'),
('391', '34', 'Thị xã Đức Phổ', 'thi-xa-duc-pho', '534', 'Thị xã', '391', 'hienthi', '1640319281', '0'),
('392', '34', 'Huyện Ba Tơ', 'huyen-ba-to', '535', 'Huyện', '392', 'hienthi', '1640319281', '0'),
('393', '34', 'Huyện Lý Sơn', 'huyen-ly-son', '536', 'Huyện', '393', 'hienthi', '1640319281', '0'),
('394', '35', 'Thành phố Quy Nhơn', 'thanh-pho-quy-nhon', '540', 'Thành phố', '394', 'hienthi', '1640319281', '0'),
('395', '35', 'Huyện An Lão', 'huyen-an-lao', '542', 'Huyện', '395', 'hienthi', '1640319281', '0'),
('396', '35', 'Thị xã Hoài Nhơn', 'thi-xa-hoai-nhon', '543', 'Thị xã', '396', 'hienthi', '1640319281', '0'),
('397', '35', 'Huyện Hoài Ân', 'huyen-hoai-an', '544', 'Huyện', '397', 'hienthi', '1640319281', '0'),
('398', '35', 'Huyện Phù Mỹ', 'huyen-phu-my', '545', 'Huyện', '398', 'hienthi', '1640319281', '0'),
('399', '35', 'Huyện Vĩnh Thạnh', 'huyen-vinh-thanh', '546', 'Huyện', '399', 'hienthi', '1640319281', '0'),
('400', '35', 'Huyện Tây Sơn', 'huyen-tay-son', '547', 'Huyện', '400', 'hienthi', '1640319281', '0');
INSERT INTO `tbl_district` (`id`, `id_city`, `name`, `slug`, `code`, `level`, `numb`, `status`, `date_created`, `date_updated`) VALUES
('401', '35', 'Huyện Phù Cát', 'huyen-phu-cat', '548', 'Huyện', '401', 'hienthi', '1640319281', '0'),
('402', '35', 'Thị xã An Nhơn', 'thi-xa-an-nhon', '549', 'Thị xã', '402', 'hienthi', '1640319281', '0'),
('403', '35', 'Huyện Tuy Phước', 'huyen-tuy-phuoc', '550', 'Huyện', '403', 'hienthi', '1640319281', '0'),
('404', '35', 'Huyện Vân Canh', 'huyen-van-canh', '551', 'Huyện', '404', 'hienthi', '1640319281', '0'),
('405', '36', 'Thành phố Tuy Hoà', 'thanh-pho-tuy-hoa', '555', 'Thành phố', '405', 'hienthi', '1640319282', '0'),
('406', '36', 'Thị xã Sông Cầu', 'thi-xa-song-cau', '557', 'Thị xã', '406', 'hienthi', '1640319282', '0'),
('407', '36', 'Huyện Đồng Xuân', 'huyen-dong-xuan', '558', 'Huyện', '407', 'hienthi', '1640319282', '0'),
('408', '36', 'Huyện Tuy An', 'huyen-tuy-an', '559', 'Huyện', '408', 'hienthi', '1640319282', '0'),
('409', '36', 'Huyện Sơn Hòa', 'huyen-son-hoa', '560', 'Huyện', '409', 'hienthi', '1640319282', '0'),
('410', '36', 'Huyện Sông Hinh', 'huyen-song-hinh', '561', 'Huyện', '410', 'hienthi', '1640319282', '0'),
('411', '36', 'Huyện Tây Hoà', 'huyen-tay-hoa', '562', 'Huyện', '411', 'hienthi', '1640319282', '0'),
('412', '36', 'Huyện Phú Hoà', 'huyen-phu-hoa', '563', 'Huyện', '412', 'hienthi', '1640319282', '0'),
('413', '36', 'Thị xã Đông Hòa', 'thi-xa-dong-hoa', '564', 'Thị xã', '413', 'hienthi', '1640319282', '0'),
('414', '37', 'Thành phố Nha Trang', 'thanh-pho-nha-trang', '568', 'Thành phố', '414', 'hienthi', '1640319282', '0'),
('415', '37', 'Thành phố Cam Ranh', 'thanh-pho-cam-ranh', '569', 'Thành phố', '415', 'hienthi', '1640319282', '0'),
('416', '37', 'Huyện Cam Lâm', 'huyen-cam-lam', '570', 'Huyện', '416', 'hienthi', '1640319282', '0'),
('417', '37', 'Huyện Vạn Ninh', 'huyen-van-ninh', '571', 'Huyện', '417', 'hienthi', '1640319282', '0'),
('418', '37', 'Thị xã Ninh Hòa', 'thi-xa-ninh-hoa', '572', 'Thị xã', '418', 'hienthi', '1640319282', '0'),
('419', '37', 'Huyện Khánh Vĩnh', 'huyen-khanh-vinh', '573', 'Huyện', '419', 'hienthi', '1640319282', '0'),
('420', '37', 'Huyện Diên Khánh', 'huyen-dien-khanh', '574', 'Huyện', '420', 'hienthi', '1640319282', '0'),
('421', '37', 'Huyện Khánh Sơn', 'huyen-khanh-son', '575', 'Huyện', '421', 'hienthi', '1640319282', '0'),
('422', '37', 'Huyện Trường Sa', 'huyen-truong-sa', '576', 'Huyện', '422', 'hienthi', '1640319282', '0'),
('423', '38', 'Thành phố Phan Rang-Tháp Chàm', 'thanh-pho-phan-rang-thap-cham', '582', 'Thành phố', '423', 'hienthi', '1640319282', '0'),
('424', '38', 'Huyện Bác Ái', 'huyen-bac-ai', '584', 'Huyện', '424', 'hienthi', '1640319282', '0'),
('425', '38', 'Huyện Ninh Sơn', 'huyen-ninh-son', '585', 'Huyện', '425', 'hienthi', '1640319282', '0'),
('426', '38', 'Huyện Ninh Hải', 'huyen-ninh-hai', '586', 'Huyện', '426', 'hienthi', '1640319282', '0'),
('427', '38', 'Huyện Ninh Phước', 'huyen-ninh-phuoc', '587', 'Huyện', '427', 'hienthi', '1640319282', '0'),
('428', '38', 'Huyện Thuận Bắc', 'huyen-thuan-bac', '588', 'Huyện', '428', 'hienthi', '1640319282', '0'),
('429', '38', 'Huyện Thuận Nam', 'huyen-thuan-nam', '589', 'Huyện', '429', 'hienthi', '1640319282', '0'),
('430', '39', 'Thành phố Phan Thiết', 'thanh-pho-phan-thiet', '593', 'Thành phố', '430', 'hienthi', '1640319282', '0'),
('431', '39', 'Thị xã La Gi', 'thi-xa-la-gi', '594', 'Thị xã', '431', 'hienthi', '1640319282', '0'),
('432', '39', 'Huyện Tuy Phong', 'huyen-tuy-phong', '595', 'Huyện', '432', 'hienthi', '1640319282', '0'),
('433', '39', 'Huyện Bắc Bình', 'huyen-bac-binh', '596', 'Huyện', '433', 'hienthi', '1640319282', '0'),
('434', '39', 'Huyện Hàm Thuận Bắc', 'huyen-ham-thuan-bac', '597', 'Huyện', '434', 'hienthi', '1640319282', '0'),
('435', '39', 'Huyện Hàm Thuận Nam', 'huyen-ham-thuan-nam', '598', 'Huyện', '435', 'hienthi', '1640319282', '0'),
('436', '39', 'Huyện Tánh Linh', 'huyen-tanh-linh', '599', 'Huyện', '436', 'hienthi', '1640319282', '0'),
('437', '39', 'Huyện Đức Linh', 'huyen-duc-linh', '600', 'Huyện', '437', 'hienthi', '1640319282', '0'),
('438', '39', 'Huyện Hàm Tân', 'huyen-ham-tan', '601', 'Huyện', '438', 'hienthi', '1640319282', '0'),
('439', '39', 'Huyện Phú Quí', 'huyen-phu-qui', '602', 'Huyện', '439', 'hienthi', '1640319282', '0'),
('440', '40', 'Thành phố Kon Tum', 'thanh-pho-kon-tum', '608', 'Thành phố', '440', 'hienthi', '1640319282', '0'),
('441', '40', 'Huyện Đắk Glei', 'huyen-dak-glei', '610', 'Huyện', '441', 'hienthi', '1640319282', '0'),
('442', '40', 'Huyện Ngọc Hồi', 'huyen-ngoc-hoi', '611', 'Huyện', '442', 'hienthi', '1640319282', '0'),
('443', '40', 'Huyện Đắk Tô', 'huyen-dak-to', '612', 'Huyện', '443', 'hienthi', '1640319282', '0'),
('444', '40', 'Huyện Kon Plông', 'huyen-kon-plong', '613', 'Huyện', '444', 'hienthi', '1640319282', '0'),
('445', '40', 'Huyện Kon Rẫy', 'huyen-kon-ray', '614', 'Huyện', '445', 'hienthi', '1640319282', '0'),
('446', '40', 'Huyện Đắk Hà', 'huyen-dak-ha', '615', 'Huyện', '446', 'hienthi', '1640319282', '0'),
('447', '40', 'Huyện Sa Thầy', 'huyen-sa-thay', '616', 'Huyện', '447', 'hienthi', '1640319282', '0'),
('448', '40', 'Huyện Tu Mơ Rông', 'huyen-tu-mo-rong', '617', 'Huyện', '448', 'hienthi', '1640319282', '0'),
('449', '40', 'Huyện Ia H\' Drai', 'huyen-ia-h-drai', '618', 'Huyện', '449', 'hienthi', '1640319282', '0'),
('450', '41', 'Thành phố Pleiku', 'thanh-pho-pleiku', '622', 'Thành phố', '450', 'hienthi', '1640319282', '0'),
('451', '41', 'Thị xã An Khê', 'thi-xa-an-khe', '623', 'Thị xã', '451', 'hienthi', '1640319282', '0'),
('452', '41', 'Thị xã Ayun Pa', 'thi-xa-ayun-pa', '624', 'Thị xã', '452', 'hienthi', '1640319282', '0'),
('453', '41', 'Huyện KBang', 'huyen-kbang', '625', 'Huyện', '453', 'hienthi', '1640319282', '0'),
('454', '41', 'Huyện Đăk Đoa', 'huyen-dak-doa', '626', 'Huyện', '454', 'hienthi', '1640319282', '0'),
('455', '41', 'Huyện Chư Păh', 'huyen-chu-pah', '627', 'Huyện', '455', 'hienthi', '1640319282', '0'),
('456', '41', 'Huyện Ia Grai', 'huyen-ia-grai', '628', 'Huyện', '456', 'hienthi', '1640319282', '0'),
('457', '41', 'Huyện Mang Yang', 'huyen-mang-yang', '629', 'Huyện', '457', 'hienthi', '1640319282', '0'),
('458', '41', 'Huyện Kông Chro', 'huyen-kong-chro', '630', 'Huyện', '458', 'hienthi', '1640319282', '0'),
('459', '41', 'Huyện Đức Cơ', 'huyen-duc-co', '631', 'Huyện', '459', 'hienthi', '1640319282', '0'),
('460', '41', 'Huyện Chư Prông', 'huyen-chu-prong', '632', 'Huyện', '460', 'hienthi', '1640319282', '0'),
('461', '41', 'Huyện Chư Sê', 'huyen-chu-se', '633', 'Huyện', '461', 'hienthi', '1640319282', '0'),
('462', '41', 'Huyện Đăk Pơ', 'huyen-dak-po', '634', 'Huyện', '462', 'hienthi', '1640319282', '0'),
('463', '41', 'Huyện Ia Pa', 'huyen-ia-pa', '635', 'Huyện', '463', 'hienthi', '1640319282', '0'),
('464', '41', 'Huyện Krông Pa', 'huyen-krong-pa', '637', 'Huyện', '464', 'hienthi', '1640319282', '0'),
('465', '41', 'Huyện Phú Thiện', 'huyen-phu-thien', '638', 'Huyện', '465', 'hienthi', '1640319282', '0'),
('466', '41', 'Huyện Chư Pưh', 'huyen-chu-puh', '639', 'Huyện', '466', 'hienthi', '1640319282', '0'),
('467', '42', 'Thành phố Buôn Ma Thuột', 'thanh-pho-buon-ma-thuot', '643', 'Thành phố', '467', 'hienthi', '1640319282', '0'),
('468', '42', 'Thị Xã Buôn Hồ', 'thi-xa-buon-ho', '644', 'Thị xã', '468', 'hienthi', '1640319282', '0'),
('469', '42', 'Huyện Ea H\'leo', 'huyen-ea-hleo', '645', 'Huyện', '469', 'hienthi', '1640319282', '0'),
('470', '42', 'Huyện Ea Súp', 'huyen-ea-sup', '646', 'Huyện', '470', 'hienthi', '1640319282', '0'),
('471', '42', 'Huyện Buôn Đôn', 'huyen-buon-don', '647', 'Huyện', '471', 'hienthi', '1640319282', '0'),
('472', '42', 'Huyện Cư M\'gar', 'huyen-cu-mgar', '648', 'Huyện', '472', 'hienthi', '1640319282', '0'),
('473', '42', 'Huyện Krông Búk', 'huyen-krong-buk', '649', 'Huyện', '473', 'hienthi', '1640319282', '0'),
('474', '42', 'Huyện Krông Năng', 'huyen-krong-nang', '650', 'Huyện', '474', 'hienthi', '1640319282', '0'),
('475', '42', 'Huyện Ea Kar', 'huyen-ea-kar', '651', 'Huyện', '475', 'hienthi', '1640319282', '0'),
('476', '42', 'Huyện M\'Đrắk', 'huyen-mdrak', '652', 'Huyện', '476', 'hienthi', '1640319282', '0'),
('477', '42', 'Huyện Krông Bông', 'huyen-krong-bong', '653', 'Huyện', '477', 'hienthi', '1640319282', '0'),
('478', '42', 'Huyện Krông Pắc', 'huyen-krong-pac', '654', 'Huyện', '478', 'hienthi', '1640319282', '0'),
('479', '42', 'Huyện Krông A Na', 'huyen-krong-a-na', '655', 'Huyện', '479', 'hienthi', '1640319282', '0'),
('480', '42', 'Huyện Lắk', 'huyen-lak', '656', 'Huyện', '480', 'hienthi', '1640319282', '0'),
('481', '42', 'Huyện Cư Kuin', 'huyen-cu-kuin', '657', 'Huyện', '481', 'hienthi', '1640319282', '0'),
('482', '43', 'Thành phố Gia Nghĩa', 'thanh-pho-gia-nghia', '660', 'Thành phố', '482', 'hienthi', '1640319282', '0'),
('483', '43', 'Huyện Đăk Glong', 'huyen-dak-glong', '661', 'Huyện', '483', 'hienthi', '1640319282', '0'),
('484', '43', 'Huyện Cư Jút', 'huyen-cu-jut', '662', 'Huyện', '484', 'hienthi', '1640319282', '0'),
('485', '43', 'Huyện Đắk Mil', 'huyen-dak-mil', '663', 'Huyện', '485', 'hienthi', '1640319282', '0'),
('486', '43', 'Huyện Krông Nô', 'huyen-krong-no', '664', 'Huyện', '486', 'hienthi', '1640319282', '0'),
('487', '43', 'Huyện Đắk Song', 'huyen-dak-song', '665', 'Huyện', '487', 'hienthi', '1640319282', '0'),
('488', '43', 'Huyện Đắk R\'Lấp', 'huyen-dak-rlap', '666', 'Huyện', '488', 'hienthi', '1640319282', '0'),
('489', '43', 'Huyện Tuy Đức', 'huyen-tuy-duc', '667', 'Huyện', '489', 'hienthi', '1640319282', '0'),
('490', '44', 'Thành phố Đà Lạt', 'thanh-pho-da-lat', '672', 'Thành phố', '490', 'hienthi', '1640319282', '0'),
('491', '44', 'Thành phố Bảo Lộc', 'thanh-pho-bao-loc', '673', 'Thành phố', '491', 'hienthi', '1640319282', '0'),
('492', '44', 'Huyện Đam Rông', 'huyen-dam-rong', '674', 'Huyện', '492', 'hienthi', '1640319282', '0'),
('493', '44', 'Huyện Lạc Dương', 'huyen-lac-duong', '675', 'Huyện', '493', 'hienthi', '1640319282', '0'),
('494', '44', 'Huyện Lâm Hà', 'huyen-lam-ha', '676', 'Huyện', '494', 'hienthi', '1640319282', '0'),
('495', '44', 'Huyện Đơn Dương', 'huyen-don-duong', '677', 'Huyện', '495', 'hienthi', '1640319282', '0'),
('496', '44', 'Huyện Đức Trọng', 'huyen-duc-trong', '678', 'Huyện', '496', 'hienthi', '1640319282', '0'),
('497', '44', 'Huyện Di Linh', 'huyen-di-linh', '679', 'Huyện', '497', 'hienthi', '1640319282', '0'),
('498', '44', 'Huyện Bảo Lâm', 'huyen-bao-lam', '680', 'Huyện', '498', 'hienthi', '1640319282', '0'),
('499', '44', 'Huyện Đạ Huoai', 'huyen-da-huoai', '681', 'Huyện', '499', 'hienthi', '1640319282', '0'),
('500', '44', 'Huyện Đạ Tẻh', 'huyen-da-teh', '682', 'Huyện', '500', 'hienthi', '1640319282', '0'),
('501', '44', 'Huyện Cát Tiên', 'huyen-cat-tien', '683', 'Huyện', '501', 'hienthi', '1640319282', '0'),
('502', '45', 'Thị xã Phước Long', 'thi-xa-phuoc-long', '688', 'Thị xã', '502', 'hienthi', '1640319282', '0'),
('503', '45', 'Thành phố Đồng Xoài', 'thanh-pho-dong-xoai', '689', 'Thành phố', '503', 'hienthi', '1640319282', '0'),
('504', '45', 'Thị xã Bình Long', 'thi-xa-binh-long', '690', 'Thị xã', '504', 'hienthi', '1640319282', '0'),
('505', '45', 'Huyện Bù Gia Mập', 'huyen-bu-gia-map', '691', 'Huyện', '505', 'hienthi', '1640319282', '0'),
('506', '45', 'Huyện Lộc Ninh', 'huyen-loc-ninh', '692', 'Huyện', '506', 'hienthi', '1640319282', '0'),
('507', '45', 'Huyện Bù Đốp', 'huyen-bu-dop', '693', 'Huyện', '507', 'hienthi', '1640319282', '0'),
('508', '45', 'Huyện Hớn Quản', 'huyen-hon-quan', '694', 'Huyện', '508', 'hienthi', '1640319282', '0'),
('509', '45', 'Huyện Đồng Phú', 'huyen-dong-phu', '695', 'Huyện', '509', 'hienthi', '1640319282', '0'),
('510', '45', 'Huyện Bù Đăng', 'huyen-bu-dang', '696', 'Huyện', '510', 'hienthi', '1640319282', '0'),
('511', '45', 'Huyện Chơn Thành', 'huyen-chon-thanh', '697', 'Huyện', '511', 'hienthi', '1640319282', '0'),
('512', '45', 'Huyện Phú Riềng', 'huyen-phu-rieng', '698', 'Huyện', '512', 'hienthi', '1640319282', '0'),
('513', '46', 'Thành phố Tây Ninh', 'thanh-pho-tay-ninh', '703', 'Thành phố', '513', 'hienthi', '1640319282', '0'),
('514', '46', 'Huyện Tân Biên', 'huyen-tan-bien', '705', 'Huyện', '514', 'hienthi', '1640319282', '0'),
('515', '46', 'Huyện Tân Châu', 'huyen-tan-chau', '706', 'Huyện', '515', 'hienthi', '1640319282', '0'),
('516', '46', 'Huyện Dương Minh Châu', 'huyen-duong-minh-chau', '707', 'Huyện', '516', 'hienthi', '1640319282', '0'),
('517', '46', 'Huyện Châu Thành', 'huyen-chau-thanh', '708', 'Huyện', '517', 'hienthi', '1640319282', '0'),
('518', '46', 'Thị xã Hòa Thành', 'thi-xa-hoa-thanh', '709', 'Thị xã', '518', 'hienthi', '1640319282', '0'),
('519', '46', 'Huyện Gò Dầu', 'huyen-go-dau', '710', 'Huyện', '519', 'hienthi', '1640319282', '0'),
('520', '46', 'Huyện Bến Cầu', 'huyen-ben-cau', '711', 'Huyện', '520', 'hienthi', '1640319282', '0'),
('521', '46', 'Thị xã Trảng Bàng', 'thi-xa-trang-bang', '712', 'Thị xã', '521', 'hienthi', '1640319282', '0'),
('522', '47', 'Thành phố Thủ Dầu Một', 'thanh-pho-thu-dau-mot', '718', 'Thành phố', '522', 'hienthi', '1640319282', '0'),
('523', '47', 'Huyện Bàu Bàng', 'huyen-bau-bang', '719', 'Huyện', '523', 'hienthi', '1640319282', '0'),
('524', '47', 'Huyện Dầu Tiếng', 'huyen-dau-tieng', '720', 'Huyện', '524', 'hienthi', '1640319282', '0'),
('525', '47', 'Thị xã Bến Cát', 'thi-xa-ben-cat', '721', 'Thị xã', '525', 'hienthi', '1640319282', '0'),
('526', '47', 'Huyện Phú Giáo', 'huyen-phu-giao', '722', 'Huyện', '526', 'hienthi', '1640319282', '0'),
('527', '47', 'Thị xã Tân Uyên', 'thi-xa-tan-uyen', '723', 'Thị xã', '527', 'hienthi', '1640319282', '0'),
('528', '47', 'Thành phố Dĩ An', 'thanh-pho-di-an', '724', 'Thành phố', '528', 'hienthi', '1640319282', '0'),
('529', '47', 'Thành phố Thuận An', 'thanh-pho-thuan-an', '725', 'Thành phố', '529', 'hienthi', '1640319282', '0'),
('530', '47', 'Huyện Bắc Tân Uyên', 'huyen-bac-tan-uyen', '726', 'Huyện', '530', 'hienthi', '1640319282', '0'),
('531', '48', 'Thành phố Biên Hòa', 'thanh-pho-bien-hoa', '731', 'Thành phố', '531', 'hienthi', '1640319282', '0'),
('532', '48', 'Thành phố Long Khánh', 'thanh-pho-long-khanh', '732', 'Thành phố', '532', 'hienthi', '1640319282', '0'),
('533', '48', 'Huyện Tân Phú', 'huyen-tan-phu', '734', 'Huyện', '533', 'hienthi', '1640319282', '0'),
('534', '48', 'Huyện Vĩnh Cửu', 'huyen-vinh-cuu', '735', 'Huyện', '534', 'hienthi', '1640319282', '0'),
('535', '48', 'Huyện Định Quán', 'huyen-dinh-quan', '736', 'Huyện', '535', 'hienthi', '1640319282', '0'),
('536', '48', 'Huyện Trảng Bom', 'huyen-trang-bom', '737', 'Huyện', '536', 'hienthi', '1640319282', '0'),
('537', '48', 'Huyện Thống Nhất', 'huyen-thong-nhat', '738', 'Huyện', '537', 'hienthi', '1640319282', '0'),
('538', '48', 'Huyện Cẩm Mỹ', 'huyen-cam-my', '739', 'Huyện', '538', 'hienthi', '1640319282', '0'),
('539', '48', 'Huyện Long Thành', 'huyen-long-thanh', '740', 'Huyện', '539', 'hienthi', '1640319282', '0'),
('540', '48', 'Huyện Xuân Lộc', 'huyen-xuan-loc', '741', 'Huyện', '540', 'hienthi', '1640319282', '0'),
('541', '48', 'Huyện Nhơn Trạch', 'huyen-nhon-trach', '742', 'Huyện', '541', 'hienthi', '1640319282', '0'),
('542', '49', 'Thành phố Vũng Tàu', 'thanh-pho-vung-tau', '747', 'Thành phố', '542', 'hienthi', '1640319282', '0'),
('543', '49', 'Thành phố Bà Rịa', 'thanh-pho-ba-ria', '748', 'Thành phố', '543', 'hienthi', '1640319282', '0'),
('544', '49', 'Huyện Châu Đức', 'huyen-chau-duc', '750', 'Huyện', '544', 'hienthi', '1640319282', '0'),
('545', '49', 'Huyện Xuyên Mộc', 'huyen-xuyen-moc', '751', 'Huyện', '545', 'hienthi', '1640319282', '0'),
('546', '49', 'Huyện Long Điền', 'huyen-long-dien', '752', 'Huyện', '546', 'hienthi', '1640319282', '0'),
('547', '49', 'Huyện Đất Đỏ', 'huyen-dat-do', '753', 'Huyện', '547', 'hienthi', '1640319282', '0'),
('548', '49', 'Thị xã Phú Mỹ', 'thi-xa-phu-my', '754', 'Thị xã', '548', 'hienthi', '1640319282', '0'),
('549', '49', 'Huyện Côn Đảo', 'huyen-con-dao', '755', 'Huyện', '549', 'hienthi', '1640319282', '0'),
('550', '50', 'Quận 1', 'quan-1', '760', 'Quận', '550', 'hienthi', '1640319282', '0'),
('551', '50', 'Quận 12', 'quan-12', '761', 'Quận', '551', 'hienthi', '1640319282', '0'),
('552', '50', 'Quận Gò Vấp', 'quan-go-vap', '764', 'Quận', '552', 'hienthi', '1640319282', '0'),
('553', '50', 'Quận Bình Thạnh', 'quan-binh-thanh', '765', 'Quận', '553', 'hienthi', '1640319282', '0'),
('554', '50', 'Quận Tân Bình', 'quan-tan-binh', '766', 'Quận', '554', 'hienthi', '1640319282', '0'),
('555', '50', 'Quận Tân Phú', 'quan-tan-phu', '767', 'Quận', '555', 'hienthi', '1640319282', '0'),
('556', '50', 'Quận Phú Nhuận', 'quan-phu-nhuan', '768', 'Quận', '556', 'hienthi', '1640319283', '0'),
('557', '50', 'Thành phố Thủ Đức', 'thanh-pho-thu-duc', '769', 'Thành phố', '557', 'hienthi', '1640319283', '0'),
('558', '50', 'Quận 3', 'quan-3', '770', 'Quận', '558', 'hienthi', '1640319283', '0'),
('559', '50', 'Quận 10', 'quan-10', '771', 'Quận', '559', 'hienthi', '1640319283', '0'),
('560', '50', 'Quận 11', 'quan-11', '772', 'Quận', '560', 'hienthi', '1640319283', '0'),
('561', '50', 'Quận 4', 'quan-4', '773', 'Quận', '561', 'hienthi', '1640319283', '0'),
('562', '50', 'Quận 5', 'quan-5', '774', 'Quận', '562', 'hienthi', '1640319283', '0'),
('563', '50', 'Quận 6', 'quan-6', '775', 'Quận', '563', 'hienthi', '1640319283', '0'),
('564', '50', 'Quận 8', 'quan-8', '776', 'Quận', '564', 'hienthi', '1640319283', '0'),
('565', '50', 'Quận Bình Tân', 'quan-binh-tan', '777', 'Quận', '565', 'hienthi', '1640319283', '0'),
('566', '50', 'Quận 7', 'quan-7', '778', 'Quận', '566', 'hienthi', '1640319283', '0'),
('567', '50', 'Huyện Củ Chi', 'huyen-cu-chi', '783', 'Huyện', '567', 'hienthi', '1640319283', '0'),
('568', '50', 'Huyện Hóc Môn', 'huyen-hoc-mon', '784', 'Huyện', '568', 'hienthi', '1640319283', '0'),
('569', '50', 'Huyện Bình Chánh', 'huyen-binh-chanh', '785', 'Huyện', '569', 'hienthi', '1640319283', '0'),
('570', '50', 'Huyện Nhà Bè', 'huyen-nha-be', '786', 'Huyện', '570', 'hienthi', '1640319283', '0'),
('571', '50', 'Huyện Cần Giờ', 'huyen-can-gio', '787', 'Huyện', '571', 'hienthi', '1640319283', '0'),
('572', '51', 'Thành phố Tân An', 'thanh-pho-tan-an', '794', 'Thành phố', '572', 'hienthi', '1640319283', '0'),
('573', '51', 'Thị xã Kiến Tường', 'thi-xa-kien-tuong', '795', 'Thị xã', '573', 'hienthi', '1640319283', '0'),
('574', '51', 'Huyện Tân Hưng', 'huyen-tan-hung', '796', 'Huyện', '574', 'hienthi', '1640319283', '0'),
('575', '51', 'Huyện Vĩnh Hưng', 'huyen-vinh-hung', '797', 'Huyện', '575', 'hienthi', '1640319283', '0'),
('576', '51', 'Huyện Mộc Hóa', 'huyen-moc-hoa', '798', 'Huyện', '576', 'hienthi', '1640319283', '0'),
('577', '51', 'Huyện Tân Thạnh', 'huyen-tan-thanh', '799', 'Huyện', '577', 'hienthi', '1640319283', '0'),
('578', '51', 'Huyện Thạnh Hóa', 'huyen-thanh-hoa', '800', 'Huyện', '578', 'hienthi', '1640319283', '0'),
('579', '51', 'Huyện Đức Huệ', 'huyen-duc-hue', '801', 'Huyện', '579', 'hienthi', '1640319283', '0'),
('580', '51', 'Huyện Đức Hòa', 'huyen-duc-hoa', '802', 'Huyện', '580', 'hienthi', '1640319283', '0'),
('581', '51', 'Huyện Bến Lức', 'huyen-ben-luc', '803', 'Huyện', '581', 'hienthi', '1640319283', '0'),
('582', '51', 'Huyện Thủ Thừa', 'huyen-thu-thua', '804', 'Huyện', '582', 'hienthi', '1640319283', '0'),
('583', '51', 'Huyện Tân Trụ', 'huyen-tan-tru', '805', 'Huyện', '583', 'hienthi', '1640319283', '0'),
('584', '51', 'Huyện Cần Đước', 'huyen-can-duoc', '806', 'Huyện', '584', 'hienthi', '1640319283', '0'),
('585', '51', 'Huyện Cần Giuộc', 'huyen-can-giuoc', '807', 'Huyện', '585', 'hienthi', '1640319283', '0'),
('586', '51', 'Huyện Châu Thành', 'huyen-chau-thanh', '808', 'Huyện', '586', 'hienthi', '1640319283', '0'),
('587', '52', 'Thành phố Mỹ Tho', 'thanh-pho-my-tho', '815', 'Thành phố', '587', 'hienthi', '1640319283', '0'),
('588', '52', 'Thị xã Gò Công', 'thi-xa-go-cong', '816', 'Thị xã', '588', 'hienthi', '1640319283', '0'),
('589', '52', 'Thị xã Cai Lậy', 'thi-xa-cai-lay', '817', 'Thị xã', '589', 'hienthi', '1640319283', '0'),
('590', '52', 'Huyện Tân Phước', 'huyen-tan-phuoc', '818', 'Huyện', '590', 'hienthi', '1640319283', '0'),
('591', '52', 'Huyện Cái Bè', 'huyen-cai-be', '819', 'Huyện', '591', 'hienthi', '1640319283', '0'),
('592', '52', 'Huyện Cai Lậy', 'huyen-cai-lay', '820', 'Huyện', '592', 'hienthi', '1640319283', '0'),
('593', '52', 'Huyện Châu Thành', 'huyen-chau-thanh', '821', 'Huyện', '593', 'hienthi', '1640319283', '0'),
('594', '52', 'Huyện Chợ Gạo', 'huyen-cho-gao', '822', 'Huyện', '594', 'hienthi', '1640319283', '0'),
('595', '52', 'Huyện Gò Công Tây', 'huyen-go-cong-tay', '823', 'Huyện', '595', 'hienthi', '1640319283', '0'),
('596', '52', 'Huyện Gò Công Đông', 'huyen-go-cong-dong', '824', 'Huyện', '596', 'hienthi', '1640319283', '0'),
('597', '52', 'Huyện Tân Phú Đông', 'huyen-tan-phu-dong', '825', 'Huyện', '597', 'hienthi', '1640319283', '0'),
('598', '53', 'Thành phố Bến Tre', 'thanh-pho-ben-tre', '829', 'Thành phố', '598', 'hienthi', '1640319283', '0'),
('599', '53', 'Huyện Châu Thành', 'huyen-chau-thanh', '831', 'Huyện', '599', 'hienthi', '1640319283', '0'),
('600', '53', 'Huyện Chợ Lách', 'huyen-cho-lach', '832', 'Huyện', '600', 'hienthi', '1640319283', '0');
INSERT INTO `tbl_district` (`id`, `id_city`, `name`, `slug`, `code`, `level`, `numb`, `status`, `date_created`, `date_updated`) VALUES
('601', '53', 'Huyện Mỏ Cày Nam', 'huyen-mo-cay-nam', '833', 'Huyện', '601', 'hienthi', '1640319283', '0'),
('602', '53', 'Huyện Giồng Trôm', 'huyen-giong-trom', '834', 'Huyện', '602', 'hienthi', '1640319283', '0'),
('603', '53', 'Huyện Bình Đại', 'huyen-binh-dai', '835', 'Huyện', '603', 'hienthi', '1640319283', '0'),
('604', '53', 'Huyện Ba Tri', 'huyen-ba-tri', '836', 'Huyện', '604', 'hienthi', '1640319283', '0'),
('605', '53', 'Huyện Thạnh Phú', 'huyen-thanh-phu', '837', 'Huyện', '605', 'hienthi', '1640319283', '0'),
('606', '53', 'Huyện Mỏ Cày Bắc', 'huyen-mo-cay-bac', '838', 'Huyện', '606', 'hienthi', '1640319283', '0'),
('607', '54', 'Thành phố Trà Vinh', 'thanh-pho-tra-vinh', '842', 'Thành phố', '607', 'hienthi', '1640319283', '0'),
('608', '54', 'Huyện Càng Long', 'huyen-cang-long', '844', 'Huyện', '608', 'hienthi', '1640319283', '0'),
('609', '54', 'Huyện Cầu Kè', 'huyen-cau-ke', '845', 'Huyện', '609', 'hienthi', '1640319283', '0'),
('610', '54', 'Huyện Tiểu Cần', 'huyen-tieu-can', '846', 'Huyện', '610', 'hienthi', '1640319283', '0'),
('611', '54', 'Huyện Châu Thành', 'huyen-chau-thanh', '847', 'Huyện', '611', 'hienthi', '1640319283', '0'),
('612', '54', 'Huyện Cầu Ngang', 'huyen-cau-ngang', '848', 'Huyện', '612', 'hienthi', '1640319283', '0'),
('613', '54', 'Huyện Trà Cú', 'huyen-tra-cu', '849', 'Huyện', '613', 'hienthi', '1640319283', '0'),
('614', '54', 'Huyện Duyên Hải', 'huyen-duyen-hai', '850', 'Huyện', '614', 'hienthi', '1640319283', '0'),
('615', '54', 'Thị xã Duyên Hải', 'thi-xa-duyen-hai', '851', 'Thị xã', '615', 'hienthi', '1640319283', '0'),
('616', '55', 'Thành phố Vĩnh Long', 'thanh-pho-vinh-long', '855', 'Thành phố', '616', 'hienthi', '1640319283', '0'),
('617', '55', 'Huyện Long Hồ', 'huyen-long-ho', '857', 'Huyện', '617', 'hienthi', '1640319283', '0'),
('618', '55', 'Huyện Mang Thít', 'huyen-mang-thit', '858', 'Huyện', '618', 'hienthi', '1640319283', '0'),
('619', '55', 'Huyện  Vũng Liêm', 'huyen-vung-liem', '859', 'Huyện', '619', 'hienthi', '1640319283', '0'),
('620', '55', 'Huyện Tam Bình', 'huyen-tam-binh', '860', 'Huyện', '620', 'hienthi', '1640319283', '0'),
('621', '55', 'Thị xã Bình Minh', 'thi-xa-binh-minh', '861', 'Thị xã', '621', 'hienthi', '1640319283', '0'),
('622', '55', 'Huyện Trà Ôn', 'huyen-tra-on', '862', 'Huyện', '622', 'hienthi', '1640319283', '0'),
('623', '55', 'Huyện Bình Tân', 'huyen-binh-tan', '863', 'Huyện', '623', 'hienthi', '1640319283', '0'),
('624', '56', 'Thành phố Cao Lãnh', 'thanh-pho-cao-lanh', '866', 'Thành phố', '624', 'hienthi', '1640319283', '0'),
('625', '56', 'Thành phố Sa Đéc', 'thanh-pho-sa-dec', '867', 'Thành phố', '625', 'hienthi', '1640319283', '0'),
('626', '56', 'Thành phố Hồng Ngự', 'thanh-pho-hong-ngu', '868', 'Thành phố', '626', 'hienthi', '1640319283', '0'),
('627', '56', 'Huyện Tân Hồng', 'huyen-tan-hong', '869', 'Huyện', '627', 'hienthi', '1640319283', '0'),
('628', '56', 'Huyện Hồng Ngự', 'huyen-hong-ngu', '870', 'Huyện', '628', 'hienthi', '1640319283', '0'),
('629', '56', 'Huyện Tam Nông', 'huyen-tam-nong', '871', 'Huyện', '629', 'hienthi', '1640319283', '0'),
('630', '56', 'Huyện Tháp Mười', 'huyen-thap-muoi', '872', 'Huyện', '630', 'hienthi', '1640319283', '0'),
('631', '56', 'Huyện Cao Lãnh', 'huyen-cao-lanh', '873', 'Huyện', '631', 'hienthi', '1640319283', '0'),
('632', '56', 'Huyện Thanh Bình', 'huyen-thanh-binh', '874', 'Huyện', '632', 'hienthi', '1640319283', '0'),
('633', '56', 'Huyện Lấp Vò', 'huyen-lap-vo', '875', 'Huyện', '633', 'hienthi', '1640319283', '0'),
('634', '56', 'Huyện Lai Vung', 'huyen-lai-vung', '876', 'Huyện', '634', 'hienthi', '1640319283', '0'),
('635', '56', 'Huyện Châu Thành', 'huyen-chau-thanh', '877', 'Huyện', '635', 'hienthi', '1640319283', '0'),
('636', '57', 'Thành phố Long Xuyên', 'thanh-pho-long-xuyen', '883', 'Thành phố', '636', 'hienthi', '1640319283', '0'),
('637', '57', 'Thành phố Châu Đốc', 'thanh-pho-chau-doc', '884', 'Thành phố', '637', 'hienthi', '1640319283', '0'),
('638', '57', 'Huyện An Phú', 'huyen-an-phu', '886', 'Huyện', '638', 'hienthi', '1640319283', '0'),
('639', '57', 'Thị xã Tân Châu', 'thi-xa-tan-chau', '887', 'Thị xã', '639', 'hienthi', '1640319283', '0'),
('640', '57', 'Huyện Phú Tân', 'huyen-phu-tan', '888', 'Huyện', '640', 'hienthi', '1640319283', '0'),
('641', '57', 'Huyện Châu Phú', 'huyen-chau-phu', '889', 'Huyện', '641', 'hienthi', '1640319283', '0'),
('642', '57', 'Huyện Tịnh Biên', 'huyen-tinh-bien', '890', 'Huyện', '642', 'hienthi', '1640319283', '0'),
('643', '57', 'Huyện Tri Tôn', 'huyen-tri-ton', '891', 'Huyện', '643', 'hienthi', '1640319283', '0'),
('644', '57', 'Huyện Châu Thành', 'huyen-chau-thanh', '892', 'Huyện', '644', 'hienthi', '1640319283', '0'),
('645', '57', 'Huyện Chợ Mới', 'huyen-cho-moi', '893', 'Huyện', '645', 'hienthi', '1640319283', '0'),
('646', '57', 'Huyện Thoại Sơn', 'huyen-thoai-son', '894', 'Huyện', '646', 'hienthi', '1640319283', '0'),
('647', '58', 'Thành phố Rạch Giá', 'thanh-pho-rach-gia', '899', 'Thành phố', '647', 'hienthi', '1640319283', '0'),
('648', '58', 'Thành phố Hà Tiên', 'thanh-pho-ha-tien', '900', 'Thành phố', '648', 'hienthi', '1640319283', '0'),
('649', '58', 'Huyện Kiên Lương', 'huyen-kien-luong', '902', 'Huyện', '649', 'hienthi', '1640319283', '0'),
('650', '58', 'Huyện Hòn Đất', 'huyen-hon-dat', '903', 'Huyện', '650', 'hienthi', '1640319283', '0'),
('651', '58', 'Huyện Tân Hiệp', 'huyen-tan-hiep', '904', 'Huyện', '651', 'hienthi', '1640319283', '0'),
('652', '58', 'Huyện Châu Thành', 'huyen-chau-thanh', '905', 'Huyện', '652', 'hienthi', '1640319283', '0'),
('653', '58', 'Huyện Giồng Riềng', 'huyen-giong-rieng', '906', 'Huyện', '653', 'hienthi', '1640319283', '0'),
('654', '58', 'Huyện Gò Quao', 'huyen-go-quao', '907', 'Huyện', '654', 'hienthi', '1640319283', '0'),
('655', '58', 'Huyện An Biên', 'huyen-an-bien', '908', 'Huyện', '655', 'hienthi', '1640319283', '0'),
('656', '58', 'Huyện An Minh', 'huyen-an-minh', '909', 'Huyện', '656', 'hienthi', '1640319283', '0'),
('657', '58', 'Huyện Vĩnh Thuận', 'huyen-vinh-thuan', '910', 'Huyện', '657', 'hienthi', '1640319283', '0'),
('658', '58', 'Thành phố Phú Quốc', 'thanh-pho-phu-quoc', '911', 'Thành phố', '658', 'hienthi', '1640319283', '0'),
('659', '58', 'Huyện Kiên Hải', 'huyen-kien-hai', '912', 'Huyện', '659', 'hienthi', '1640319283', '0'),
('660', '58', 'Huyện U Minh Thượng', 'huyen-u-minh-thuong', '913', 'Huyện', '660', 'hienthi', '1640319283', '0'),
('661', '58', 'Huyện Giang Thành', 'huyen-giang-thanh', '914', 'Huyện', '661', 'hienthi', '1640319283', '0'),
('662', '59', 'Quận Ninh Kiều', 'quan-ninh-kieu', '916', 'Quận', '662', 'hienthi', '1640319283', '0'),
('663', '59', 'Quận Ô Môn', 'quan-o-mon', '917', 'Quận', '663', 'hienthi', '1640319283', '0'),
('664', '59', 'Quận Bình Thuỷ', 'quan-binh-thuy', '918', 'Quận', '664', 'hienthi', '1640319283', '0'),
('665', '59', 'Quận Cái Răng', 'quan-cai-rang', '919', 'Quận', '665', 'hienthi', '1640319283', '0'),
('666', '59', 'Quận Thốt Nốt', 'quan-thot-not', '923', 'Quận', '666', 'hienthi', '1640319283', '0'),
('667', '59', 'Huyện Vĩnh Thạnh', 'huyen-vinh-thanh', '924', 'Huyện', '667', 'hienthi', '1640319283', '0'),
('668', '59', 'Huyện Cờ Đỏ', 'huyen-co-do', '925', 'Huyện', '668', 'hienthi', '1640319283', '0'),
('669', '59', 'Huyện Phong Điền', 'huyen-phong-dien', '926', 'Huyện', '669', 'hienthi', '1640319283', '0'),
('670', '59', 'Huyện Thới Lai', 'huyen-thoi-lai', '927', 'Huyện', '670', 'hienthi', '1640319283', '0'),
('671', '60', 'Thành phố Vị Thanh', 'thanh-pho-vi-thanh', '930', 'Thành phố', '671', 'hienthi', '1640319283', '0'),
('672', '60', 'Thành phố Ngã Bảy', 'thanh-pho-nga-bay', '931', 'Thành phố', '672', 'hienthi', '1640319283', '0'),
('673', '60', 'Huyện Châu Thành A', 'huyen-chau-thanh-a', '932', 'Huyện', '673', 'hienthi', '1640319283', '0'),
('674', '60', 'Huyện Châu Thành', 'huyen-chau-thanh', '933', 'Huyện', '674', 'hienthi', '1640319283', '0'),
('675', '60', 'Huyện Phụng Hiệp', 'huyen-phung-hiep', '934', 'Huyện', '675', 'hienthi', '1640319283', '0'),
('676', '60', 'Huyện Vị Thuỷ', 'huyen-vi-thuy', '935', 'Huyện', '676', 'hienthi', '1640319283', '0'),
('677', '60', 'Huyện Long Mỹ', 'huyen-long-my', '936', 'Huyện', '677', 'hienthi', '1640319283', '0'),
('678', '60', 'Thị xã Long Mỹ', 'thi-xa-long-my', '937', 'Thị xã', '678', 'hienthi', '1640319283', '0'),
('679', '61', 'Thành phố Sóc Trăng', 'thanh-pho-soc-trang', '941', 'Thành phố', '679', 'hienthi', '1640319283', '0'),
('680', '61', 'Huyện Châu Thành', 'huyen-chau-thanh', '942', 'Huyện', '680', 'hienthi', '1640319283', '0'),
('681', '61', 'Huyện Kế Sách', 'huyen-ke-sach', '943', 'Huyện', '681', 'hienthi', '1640319283', '0'),
('682', '61', 'Huyện Mỹ Tú', 'huyen-my-tu', '944', 'Huyện', '682', 'hienthi', '1640319283', '0'),
('683', '61', 'Huyện Cù Lao Dung', 'huyen-cu-lao-dung', '945', 'Huyện', '683', 'hienthi', '1640319283', '0'),
('684', '61', 'Huyện Long Phú', 'huyen-long-phu', '946', 'Huyện', '684', 'hienthi', '1640319283', '0'),
('685', '61', 'Huyện Mỹ Xuyên', 'huyen-my-xuyen', '947', 'Huyện', '685', 'hienthi', '1640319283', '0'),
('686', '61', 'Thị xã Ngã Năm', 'thi-xa-nga-nam', '948', 'Thị xã', '686', 'hienthi', '1640319283', '0'),
('687', '61', 'Huyện Thạnh Trị', 'huyen-thanh-tri', '949', 'Huyện', '687', 'hienthi', '1640319283', '0'),
('688', '61', 'Thị xã Vĩnh Châu', 'thi-xa-vinh-chau', '950', 'Thị xã', '688', 'hienthi', '1640319283', '0'),
('689', '61', 'Huyện Trần Đề', 'huyen-tran-de', '951', 'Huyện', '689', 'hienthi', '1640319283', '0'),
('690', '62', 'Thành phố Bạc Liêu', 'thanh-pho-bac-lieu', '954', 'Thành phố', '690', 'hienthi', '1640319283', '0'),
('691', '62', 'Huyện Hồng Dân', 'huyen-hong-dan', '956', 'Huyện', '691', 'hienthi', '1640319283', '0'),
('692', '62', 'Huyện Phước Long', 'huyen-phuoc-long', '957', 'Huyện', '692', 'hienthi', '1640319283', '0'),
('693', '62', 'Huyện Vĩnh Lợi', 'huyen-vinh-loi', '958', 'Huyện', '693', 'hienthi', '1640319283', '0'),
('694', '62', 'Thị xã Giá Rai', 'thi-xa-gia-rai', '959', 'Thị xã', '694', 'hienthi', '1640319283', '0'),
('695', '62', 'Huyện Đông Hải', 'huyen-dong-hai', '960', 'Huyện', '695', 'hienthi', '1640319283', '0'),
('696', '62', 'Huyện Hoà Bình', 'huyen-hoa-binh', '961', 'Huyện', '696', 'hienthi', '1640319283', '0'),
('697', '63', 'Thành phố Cà Mau', 'thanh-pho-ca-mau', '964', 'Thành phố', '697', 'hienthi', '1640319283', '0'),
('698', '63', 'Huyện U Minh', 'huyen-u-minh', '966', 'Huyện', '698', 'hienthi', '1640319283', '0'),
('699', '63', 'Huyện Thới Bình', 'huyen-thoi-binh', '967', 'Huyện', '699', 'hienthi', '1640319283', '0'),
('700', '63', 'Huyện Trần Văn Thời', 'huyen-tran-van-thoi', '968', 'Huyện', '700', 'hienthi', '1640319284', '0'),
('701', '63', 'Huyện Cái Nước', 'huyen-cai-nuoc', '969', 'Huyện', '701', 'hienthi', '1640319284', '0'),
('702', '63', 'Huyện Đầm Dơi', 'huyen-dam-doi', '970', 'Huyện', '702', 'hienthi', '1640319284', '0'),
('703', '63', 'Huyện Năm Căn', 'huyen-nam-can', '971', 'Huyện', '703', 'hienthi', '1640319284', '0'),
('704', '63', 'Huyện Phú Tân', 'huyen-phu-tan', '972', 'Huyện', '704', 'hienthi', '1640319284', '0'),
('705', '63', 'Huyện Ngọc Hiển', 'huyen-ngoc-hien', '973', 'Huyện', '705', 'hienthi', '1640319284', '0');

DROP TABLE IF EXISTS `tbl_gallery`;
CREATE TABLE `tbl_gallery` (
  `id` int(11) unsigned NOT NULL AUTO_INCREMENT,
  `id_parent` int(11) DEFAULT 0,
  `file` varchar(100) DEFAULT NULL,
  `name` text NOT NULL,
  `numb` int(11) DEFAULT 0,
  `status` varchar(255) NOT NULL,
  `type` text NOT NULL,
  `date_created` datetime DEFAULT current_timestamp(),
  `date_updated` datetime DEFAULT current_timestamp() ON UPDATE current_timestamp(),
  PRIMARY KEY (`id`)
) ENGINE=MyISAM AUTO_INCREMENT=857 DEFAULT CHARSET=utf8mb4 COLLATE=utf8mb4_unicode_ci;

INSERT INTO `tbl_gallery` (`id`, `id_parent`, `file`, `name`, `numb`, `status`, `type`, `date_created`, `date_updated`) VALUES
('823', '95', 'rubik-moyu-meilong-2x2-m-stickerless-co-nam-cham-sp006075-_c70b.webp', 'Rubik MoYu Meilong 2x2 M Stickerless có nam châm', '1', 'hienthi', 'san-pham', '2025-08-05 16:14:00', '2025-08-05 16:14:54'),
('824', '95', 'rubik-moyu-meilong-2x2-m-stickerless-co-nam-cham-sp006075-_db34.webp', 'Rubik MoYu Meilong 2x2 M Stickerless có nam châm', '2', 'hienthi', 'san-pham', '2025-08-05 16:14:00', '2025-08-05 16:14:54'),
('833', '2', 'rubik-moyu-meilong-2x2-m-stickerless-co-nam-cham-sp006075-_d35d.webp', '', '1', 'hienthi', 'san-pham', '2025-08-17 12:07:44', '2025-08-17 12:07:44'),
('834', '2', 'rubik-moyu-meilong-2x2-m-stickerless-co-nam-cham-sp006075-_9060.webp', '', '2', 'hienthi', 'san-pham', '2025-08-17 12:07:44', '2025-08-17 12:07:44'),
('835', '107', 'rubik-mofangjiaoshi-meilong-2x2x2-stickerless-sp005837_eff1.webp', '', '1', 'hienthi', 'san-pham', '2025-08-18 23:21:22', '2025-08-18 23:21:22'),
('836', '107', 'rubik-mofangjiaoshi-meilong-2x2x2-stickerless-sp005837_928c.webp', '', '2', 'hienthi', 'san-pham', '2025-08-18 23:21:22', '2025-08-18 23:21:22'),
('837', '106', 'qiyi-valk-2-2x2x2-m_6f07.webp', '', '1', 'hienthi', 'san-pham', '2025-08-18 23:24:56', '2025-08-18 23:24:56'),
('838', '102', 'rubik-3x3-gan-356-m-stickerless-with-ges-cao-cap-co-nam-cham-_ce57.webp', '', '2', 'hienthi', 'san-pham', '2025-08-18 23:37:06', '2025-08-18 23:38:36'),
('839', '102', 'rubik-3x3-gan-356-m-stickerless-with-ges-cao-cap-co-nam-cham-_59b0.webp', '', '3', 'hienthi', 'san-pham', '2025-08-18 23:37:06', '2025-08-18 23:38:36'),
('842', '102', 'rubik-3x3-gan-356-m-stickerless-with-ges-cao-cap-co-nam-cham-_bb37.webp', '', '1', 'hienthi', 'san-pham', '2025-08-18 23:38:36', '2025-08-18 23:38:36'),
('841', '102', 'rubik-3x3-gan-356-m-stickerless-with-ges-cao-cap-co-nam-cham-_21c4.webp', '', '4', 'hienthi', 'san-pham', '2025-08-18 23:37:06', '2025-08-18 23:37:06'),
('843', '100', 'rubik-3x3-moyu-rs3m-v5-magnetic-3x3-stickerless-co-nam-cham_ec52.webp', '', '1', 'hienthi', 'san-pham', '2025-08-18 23:43:00', '2025-08-18 23:43:00'),
('844', '100', 'rubik-3x3-moyu-rs3m-v5-magnetic-3x3-stickerless-co-nam-cham_2d89.webp', '', '2', 'hienthi', 'san-pham', '2025-08-18 23:43:00', '2025-08-18 23:43:00'),
('845', '100', 'rubik-3x3-moyu-rs3m-v5-magnetic-3x3-stickerless-co-nam-cham_2208.webp', '', '3', 'hienthi', 'san-pham', '2025-08-18 23:43:00', '2025-08-18 23:43:00'),
('846', '100', 'rubik-3x3-moyu-rs3m-v5-magnetic-3x3-stickerless-co-nam-cham_b7e7.webp', '', '4', 'hienthi', 'san-pham', '2025-08-18 23:43:00', '2025-08-18 23:43:00'),
('847', '100', 'rubik-3x3-moyu-rs3m-v5-magnetic-3x3-stickerless-co-nam-cham_a64e.webp', '', '5', 'hienthi', 'san-pham', '2025-08-18 23:43:00', '2025-08-18 23:43:00'),
('848', '96', 'rubik-yj-yushi-6x6x6-v2-m-stickerless-sp005980_5992.webp', '', '1', 'hienthi', 'san-pham', '2025-08-18 23:48:46', '2025-08-18 23:48:46'),
('849', '96', 'rubik-yj-yushi-6x6x6-v2-m-stickerless-sp005980_bbbf.webp', '', '2', 'hienthi', 'san-pham', '2025-08-18 23:48:46', '2025-08-18 23:48:46'),
('850', '117', 'rubik-moyu-meilong-7x7-v2-m-stickerless_e101.webp', '', '1', 'hienthi', 'san-pham', '2025-08-18 23:51:26', '2025-08-18 23:51:26'),
('851', '120', 'rubik-8x8-qiyi-8x8x8-stickerless_78cc.webp', '', '1', 'hienthi', 'san-pham', '2025-08-18 23:56:01', '2025-08-18 23:56:01'),
('852', '121', 'rubik-yuxin-little-magic-8x8-stickerless-sp005178_db4b.webp', 'Rubik YuXin Little Magic 8x8 stickerless - SP005178', '1', 'hienthi', 'san-pham', '2025-08-18 23:57:12', '2025-08-18 23:57:12'),
('853', '121', 'rubik-yuxin-little-magic-8x8-stickerless-sp005178_66c3.webp', 'Rubik YuXin Little Magic 8x8 stickerless - SP005178', '2', 'hienthi', 'san-pham', '2025-08-18 23:57:12', '2025-08-18 23:57:32'),
('854', '122', 'rubik-yuxin-little-magic-9x9-stickerless-sp005177_33ca.webp', '', '1', 'hienthi', 'san-pham', '2025-08-19 00:03:24', '2025-08-19 00:03:24'),
('855', '122', 'rubik-yuxin-little-magic-9x9-stickerless-sp005177_cd77.webp', '', '2', 'hienthi', 'san-pham', '2025-08-19 00:03:24', '2025-08-19 00:03:24'),
('856', '122', 'rubik-yuxin-little-magic-9x9-stickerless-sp005177_0cfa.webp', '', '3', 'hienthi', 'san-pham', '2025-08-19 00:03:24', '2025-08-19 00:03:24');

DROP TABLE IF EXISTS `tbl_news`;
CREATE TABLE `tbl_news` (
  `id` int(11) NOT NULL AUTO_INCREMENT,
  `slugvi` text NOT NULL,
  `slugen` text NOT NULL,
  `namevi` text NOT NULL,
  `nameen` text NOT NULL,
  `descvi` text NOT NULL,
  `descen` text NOT NULL,
  `contentvi` text NOT NULL,
  `contenten` text NOT NULL,
  `file` varchar(100) DEFAULT NULL,
  `status` text NOT NULL,
  `numb` int(11) NOT NULL DEFAULT 0,
  `views` int(11) NOT NULL DEFAULT 0,
  `type` text NOT NULL,
  `created_at` datetime NOT NULL DEFAULT current_timestamp(),
  `updated_at` datetime NOT NULL DEFAULT current_timestamp() ON UPDATE current_timestamp(),
  PRIMARY KEY (`id`)
) ENGINE=InnoDB AUTO_INCREMENT=45 DEFAULT CHARSET=utf8mb4 COLLATE=utf8mb4_general_ci;

INSERT INTO `tbl_news` (`id`, `slugvi`, `slugen`, `namevi`, `nameen`, `descvi`, `descen`, `contentvi`, `contenten`, `file`, `status`, `numb`, `views`, `type`, `created_at`, `updated_at`) VALUES
('3', 'chinh-sach-thanh-toan', '', 'Chính sách thanh toán', '', '', '', '<header>\r\n<p><span style=\"font-size:16px;\">Nhằm mang lại sự thuận tiện trong mua hàng và thanh toán, Thương hiệu nội thất Rubik TMT xin gửi tới quý khách hàng những hình thức thanh toán như sau:</span></p>\r\n</header>\r\n\r\n<p><span style=\"font-size:16px;\"><strong>Thanh toán trực tiếp bằng tiền mặt</strong></span></p>\r\n\r\n<p><span style=\"font-size:16px;\">– Áp dụng: đơn hàng đã có sẵn</span></p>\r\n\r\n<p><span style=\"font-size:16px;\">– Khách hàng thanh toán cho nhân viên giao hàng hoặc nhân viên của công ty có giấy giới thiệu sau khi đã nhận hàng và kiểm tra hàng hóa đầy đủ và các chứng từ kèm theo.</span></p>\r\n\r\n<p><span style=\"font-size:16px;\">– Giá trị thanh toán thể hiện trên hóa đơn bán hàng đối với sản phẩm không tạm ứng. Giá trị thanh toán khác thể hiện trên giấy đề nghị thanh toán.</span></p>\r\n\r\n<p><span style=\"font-size:16px;\"><strong>Thanh toán chuyển khoản:</strong></span></p>\r\n\r\n<p><span style=\"font-size:16px;\">– Áp dụng: đơn hàng đặt theo yêu cầu</span></p>\r\n\r\n<p><span style=\"font-size:16px;\">Lưu ý: Nhận tiền trước khi chuyển hàng.</span></p>\r\n\r\n<p><span style=\"font-size:16px;\">– Quý khách khách thanh toán bằng chuyển khoản từ các ngân hàng hoạt động hợp pháp theo quy định của pháp luật. Giá trị thanh toán căn cứ trên hóa đơn GTGT mua bán giữa công ty và khách hàng.</span></p>\r\n\r\n<p><span style=\"font-size:16px;\">**Thông tin chuyển khoản:</span></p>\r\n\r\n<p><span style=\"font-size:16px;\">Chủ tài TK: Công ty TNHH Rubik TMT</span></p>\r\n\r\n<p><span style=\"font-size:16px;\">STK : 61308888</span></p>\r\n\r\n<p><span style=\"font-size:16px;\">Tại ngân hàng ACB – CN Thủ Đức.</span></p>\r\n\r\n<p><span style=\"font-size:16px;\"><b>Chia sẻ:</b></span></p>\r\n', '', 'chinh-sach-thanh-toan_77c1.webp', 'hienthi', '1', '0', 'chinh-sach', '2025-06-24 00:08:00', '2025-08-13 08:43:39'),
('4', 'huong-dan-xoay-rubik-3x3-theo-cach-don-gian-nhat', '', 'HƯỚNG DẪN XOAY RUBIK 3X3 THEO CÁCH ĐƠN GIẢN NHẤT', '', 'Rubik từ lâu được biết đến là một trong những trò chơi giải đố trí tuệ giúp người chơi phát triển tư duy. Trong đó, Rubik 3x3x3 là phiên bản Rubik cơ bản và được coi là bán chạy nhất Thế Giới. Vậy Rubik 3x3 là gì và làm sao để biết cách giải Rubik 3x3? ', '', '<p><span style=\"line-height:2;\"><span style=\"font-size:16px;\"><strong>Rubik từ lâu được biết đến là một trong những trò chơi giải đố trí tuệ giúp người chơi phát triển tư duy. Trong đó, Rubik 3x3x3 là phiên bản Rubik cơ bản và được coi là bán chạy nhất Thế Giới. Vậy Rubik 3x3 là gì và làm sao để biết cách giải Rubik 3x3? </strong></span></span></p>\r\n\r\n<p><span style=\"line-height:2;\"><span style=\"font-size:16px;\"><img alt=\"\" src=\"https://file.hstatic.net/200000550051/file/1_d0670b5a768f43a6bb382d18e4f215dc_grande.jpg\" /></span></span></p>\r\n\r\n<h2 id=\"i-rubik-33-la-gi\"><span style=\"line-height:2;\"><span style=\"font-size:16px;\">I. Rubik 3×3 là gì?</span></span></h2>\r\n\r\n<p><span style=\"line-height:2;\"><span style=\"font-size:16px;\"><strong>Lập phương Rubik (Khối Rubik hay Rubik)</strong> là 1 trò chơi giải đố cơ học do Ernő Rubik - giáo sư kiến trúc, nhà điêu khắc người Hungary phát minh năm 1974.</span></span></p>\r\n\r\n<p><span style=\"line-height:2;\"><span style=\"font-size:16px;\">Trong đó, Rubik 3×3 có 9 ô vuông và được sơn phủ 1 trong 6 màu khác nhau (Trắng, đỏ, vàng, cam, xanh lá cây và xanh dương). Tuy nhiên, một số phiên bản có thể thay đổi bằng 1 số màu như mặt màu trắng bằng màu đen, màu đỏ bằng màu hồng, màu tím, màu xám.</span></span></p>\r\n\r\n<h3 id=\"1-cach-nhan-biet-cac-manhvien-cua-khoi-rubik\"><span style=\"line-height:2;\"><span style=\"font-size:16px;\">1. Cách nhận biết c<strong>ác mảnh/viên của khối Rubik</strong></span></span></h3>\r\n\r\n<p><span style=\"line-height:2;\"><span style=\"font-size:16px;\">Theo quy ước, khối Rubik 3x3 gồm 26 mảnh/ viên Rubik ghép lại với nhau. Trong đó:</span></span></p>\r\n\r\n<ul>\r\n	<li><span style=\"line-height:2;\"><span style=\"font-size:16px;\"><strong>Viên trung tâm:</strong> Gồm có 6 viên, mỗi viên chỉ có 1 mặt màu với vị trí không thay đổi. Khi đó, màu của 1 viên trung tâm ở 1 mặt nào đó cũng chính là màu của cả mặt đó.</span></span></li>\r\n	<li><span style=\"line-height:2;\"><span style=\"font-size:16px;\"><strong>Viên cạnh:</strong> Gồm 12 viên, mỗi viên có 2 mặt màu và nằm giữa các cạnh của khối Rubik.</span></span></li>\r\n	<li><span style=\"line-height:2;\"><span style=\"font-size:16px;\"><strong>Viên góc: </strong>Gồm 8 viên<strong>,</strong> mỗi viên có 3 mặt màu và nằm ở các góc của khối Rubik.</span></span></li>\r\n</ul>\r\n\r\n<p><span style=\"line-height:2;\"><span style=\"font-size:16px;\"><img alt=\"\" src=\"https://file.hstatic.net/200000550051/file/2_4be1e1de1680412b933f2a4e6c65237d_grande.jpg\" /></span></span></p>\r\n\r\n<p><span style=\"line-height:2;\"><span style=\"font-size:16px;\"><img alt=\"\" src=\"https://file.hstatic.net/200000550051/file/3_f89cf5b397ed470ebe0934e8f2de8e12_grande.jpg\" /></span></span></p>\r\n\r\n<h3 id=\"2-quy-uoc-va-ky-hieu-ve-cac-mat-xoay-cua-khoi-rubik-33\"><span style=\"line-height:2;\"><span style=\"font-size:16px;\">2. Quy ước và ký hiệu về các mặt xoay của khối Rubik 3×3</span></span></h3>\r\n\r\n<p><span style=\"line-height:2;\"><span style=\"font-size:16px;\"><strong>* Ký hiệu khối Rubik 3×3:</strong></span></span></p>\r\n\r\n<p><span style=\"line-height:2;\"><span style=\"font-size:16px;\">Khối Rubik 3x3 gồm có 6 mặt và được ký hiệu theo tên viết tắt của chúng trong tiếng Anh<strong> (R , L , U, D,  F,  B)</strong>. Điều này giúp bạn có thể xem thêm các cách giải trong nhiều tài liệu khác nhau, cụ thể:</span></span></p>\r\n\r\n<p><span style=\"line-height:2;\"><span style=\"font-size:16px;\"><img alt=\"\" src=\"https://file.hstatic.net/200000550051/file/4_f6337cfb0c614a73898df589566cf72d_grande.jpg\" /></span></span></p>\r\n\r\n<p><span style=\"line-height:2;\"><span style=\"font-size:16px;\"><strong>Lưu ý:</strong> Tuỳ thuộc vào cách nắm Rubik của bạn trên tay mà các mặt tương ứng với các màu được coi là R hay L hay U. </span></span></p>\r\n\r\n<p><span style=\"line-height:2;\"><span style=\"font-size:16px;\"><strong>* Quy ước cách xoay các mặt khối Rubik 3×3</strong></span></span></p>\r\n\r\n<p><span style=\"line-height:2;\"><span style=\"font-size:16px;\">Là một trong những phần quan trọng để xoay Rubik 3×3 thành công. Bạn cần chú ý một số quy ước sau:</span></span></p>\r\n\r\n<ul>\r\n	<li><span style=\"line-height:2;\"><span style=\"font-size:16px;\"><strong>Khi viết chữ cái các mặt in hoa R L U D F B</strong>: Bạn cần xoay các mặt tương ứng 90° theo chiều kim đồng hồ ( có nghĩa là 1/4 vòng ).</span></span></li>\r\n	<li><span style=\"line-height:2;\"><span style=\"font-size:16px;\"><strong>Khi viết chữ cái các mặt in hoa kèm theo dấu ( \' )</strong>:  R’ L’ U’ D’ F’ B\' hoặc chữ i như: Ri Li Ui Di Fi Bi tức là bạn phải xoay các mặt tương ứng 90° ngược chiều kim đồng hồ.</span></span></li>\r\n	<li><span style=\"line-height:2;\"><span style=\"font-size:16px;\"><strong>Khi viết chữ cái các mặt in hoa kèm theo số 2 như R2 L2 U2 D2 F2 B2</strong>: Bạn cần xoay các mặt tương ứng 180° theo chiều nào cũng được.</span></span></li>\r\n</ul>\r\n\r\n<p><span style=\"line-height:2;\"><span style=\"font-size:16px;\"><strong>Ví dụ:</strong> Khi bạn gặp phải công thức B thì bạn phải để mặt B hướng về phía mình rồi mới xoay 90° theo chiều kim đồng hồ. Rồi mới làm tương tự với các mặt khác. </span></span></p>\r\n\r\n<p><span style=\"line-height:2;\"><span style=\"font-size:16px;\"><img alt=\"\" src=\"https://file.hstatic.net/200000550051/file/5_593088c75d0447b58dfd6bd5993e4874_grande.jpg\" /></span></span></p>\r\n\r\n<h2 id=\"ii-huong-dan-cach-giai-rubik-3x3-don-gian\"><span style=\"line-height:2;\"><span style=\"font-size:16px;\">II. Hướng dẫn cách giải Rubik 3x3 đơn giản</span></span></h2>\r\n\r\n<h3 id=\"1-cach-giai-rubik-3x3-co-ban\"><span style=\"line-height:2;\"><span style=\"font-size:16px;\">1. Cách giải Rubik 3x3 cơ bản</span></span></h3>\r\n\r\n<p><span style=\"line-height:2;\"><span style=\"font-size:16px;\">Hiện tại, có rất nhiều cách để giải Rubik 3x3. Tuy nhiên, nếu bạn là một người mới bắt đầu chơi thì 7 bước sau đây được xem là cách làm đơn giản và dễ thực hiện nhất bạn có thể thử: </span></span></p>\r\n\r\n<ul>\r\n	<li><span style=\"line-height:2;\"><span style=\"font-size:16px;\"><strong>Bước 1:</strong> Xếp tạo thành hình Chữ thập màu trắng ở tầng 1 của khối Rubik</span></span></li>\r\n	<li><span style=\"line-height:2;\"><span style=\"font-size:16px;\"><strong>Bước 2:</strong> Hoàn thiện xếp tầng 1 của Rubik</span></span></li>\r\n	<li><span style=\"line-height:2;\"><span style=\"font-size:16px;\"><strong>Bước 3: </strong> Xoay hoàn thành tầng 2 của khối Rubik</span></span></li>\r\n	<li><span style=\"line-height:2;\"><span style=\"font-size:16px;\"><strong>Bước 4:</strong> Tạo chữ thập màu vàng ở tầng 3</span></span></li>\r\n	<li><span style=\"line-height:2;\"><span style=\"font-size:16px;\"><strong>Bước 5:</strong> Đưa các viên chữ thập màu vàng về đúng vị trí</span></span></li>\r\n	<li><span style=\"line-height:2;\"><span style=\"font-size:16px;\"><strong>Bước 6</strong>: Đưa các viên góc màu vàng về đúng vị trí</span></span></li>\r\n	<li><span style=\"line-height:2;\"><span style=\"font-size:16px;\"><strong>Bước 7:</strong> Hoàn thiện xếp khối Rubik</span></span></li>\r\n</ul>\r\n\r\n<p><span style=\"line-height:2;\"><span style=\"font-size:16px;\"><img alt=\"\" src=\"https://file.hstatic.net/200000550051/file/6_83d714110e3746d6b7d181e6959fc2d7_grande.jpg\" /></span></span></p>\r\n\r\n<p><span style=\"line-height:2;\"><span style=\"font-size:16px;\"><strong>Chi tiết các bước giải Rubik 3x3:</strong></span></span></p>\r\n\r\n<p><span style=\"line-height:2;\"><span style=\"font-size:16px;\"><strong>Bước 1: Tạo thành hình Chữ thập màu trắng ở tầng 1</strong></span></span></p>\r\n\r\n<p><span style=\"line-height:2;\"><span style=\"font-size:16px;\"><img alt=\"\" src=\"https://file.hstatic.net/200000550051/file/7_352e8af890134cff9eab384513411d8d_grande.jpg\" /></span></span></p>\r\n\r\n<p><span style=\"line-height:2;\"><span style=\"font-size:16px;\">Đầu tiên, bạn <strong>hướng mặt trắng lên phía trên </strong>để thực hiện các bước sau:</span></span></p>\r\n\r\n<p><span style=\"line-height:2;\"><span style=\"font-size:16px;\"><strong>- Xác định 1 viên cạnh có màu trắng cần di chuyển hiện đang ở đâu</strong></span></span></p>\r\n\r\n<p><span style=\"line-height:2;\"><span style=\"font-size:16px;\">Theo đó, bạn cần phải di chuyển viên cạnh đó ở về<strong> mặt trước – F</strong>. Khi đó, bạn sẽ có 3 vị trí của viên cạnh này ở mặt F (tầng 1, tầng 2 hoặc tầng 3). Tiếp theo, bằng 1 số phép quay nhất định bạn phải <strong>đưa nó về vị trí tầng 2</strong> ở mặt trước bên phải được đánh dấu X dưới hình.</span></span></p>\r\n\r\n<p><span style=\"line-height:2;\"><span style=\"font-size:16px;\"><img alt=\"\" src=\"https://file.hstatic.net/200000550051/file/8_cecf013f6ec54b4d94c29209fad5125d_grande.jpg\" /><strong>Ví dụ: </strong>Nếu viên cạnh trắng của bạn đang ở 4 vị trí sau, thì hãy dùng <strong>F</strong>, <strong>F\' </strong>hoặc <strong>F2</strong>, <strong>F2\'</strong> để đưa về tầng 2.</span></span></p>\r\n\r\n<p><span style=\"line-height:2;\"><span style=\"font-size:16px;\"><img alt=\"\" src=\"https://file.hstatic.net/200000550051/file/9_5cddf3c03cf041a482dd69179365e6fd_grande.jpg\" /></span></span></p>\r\n\r\n<p><span style=\"line-height:2;\"><span style=\"font-size:16px;\"><strong>- Xác định vị trí mà viên này sẽ phải trở về</strong></span></span></p>\r\n\r\n<p><span style=\"line-height:2;\"><span style=\"font-size:16px;\">Kế đến, bạn phải xoay <strong>U</strong> ( Hoặc <strong>U\'</strong>) để đưa  vị trí đó về vị trí <strong>mặt trên bên phải</strong>, có nghĩa là vị trí <strong>X</strong> dưới đây. </span></span></p>\r\n\r\n<p><span style=\"line-height:2;\"><span style=\"font-size:16px;\"><img alt=\"\" src=\"https://file.hstatic.net/200000550051/file/10_b29372e298934e5ea3ed4d3d7f57cfbb_grande.jpg\" /></span></span></p>\r\n\r\n<p><span style=\"line-height:2;\"><span style=\"font-size:16px;\"><strong>- Thực hiện công thức để đưa cạnh về vị trí X</strong></span></span></p>\r\n\r\n<ul>\r\n	<li><span style=\"line-height:2;\"><span style=\"font-size:16px;\"><strong>Trường hợp 1:</strong> Tiến hành xoay <strong>R</strong></span></span></li>\r\n	<li><span style=\"line-height:2;\"><span style=\"font-size:16px;\"><strong>Trường hợp 2:</strong> Thực hiện <strong>U F’ U’</strong> hoặc <strong>U Fi Ui</strong></span></span></li>\r\n</ul>\r\n\r\n<p><span style=\"line-height:2;\"><span style=\"font-size:16px;\">Sau đó, bạn lặp lại các bước từ nảy giờ để giải 3 viên cạnh còn lại. Nhớ là <strong>tránh</strong> <strong>quay các bước quay làm ảnh hưởng tới các cạnh đã giải nha.</strong></span></span></p>\r\n\r\n<p><span style=\"line-height:2;\"><span style=\"font-size:16px;\">Kết thúc bước 1 bạn sẽ được 1 hình chữ thập màu trắng và đúng với các màu trung tâm như sau:</span></span></p>\r\n\r\n<p><span style=\"line-height:2;\"><span style=\"font-size:16px;\"><img alt=\"\" src=\"https://file.hstatic.net/200000550051/file/11_d2252cff96924d5aac5b8dc168a215ba_grande.jpg\" /></span></span></p>\r\n\r\n<p><span style=\"line-height:2;\"><span style=\"font-size:16px;\"><strong>Bước 2: Hoàn thiện tầng 1 của Rubik</strong></span></span></p>\r\n\r\n<p><span style=\"line-height:2;\"><span style=\"font-size:16px;\"><img alt=\"\" src=\"https://file.hstatic.net/200000550051/file/12_e82cf005060e4a0bbaae4a9ac0b3024e_grande.jpg\" /></span></span></p>\r\n\r\n<p><span style=\"line-height:2;\"><span style=\"font-size:16px;\">Trước hết, bạn quay ngược khối Rubik lại để <strong>mặt màu trắng ở dưới</strong>, <strong>mặt màu vàng ở trên.</strong> Sau đó, bạn tiến hành quan sát tất cả khối một lượt để xác định vị trí của các ô góc đang nằm ở đâu.</span></span></p>\r\n\r\n<p><span style=\"line-height:2;\"><span style=\"font-size:16px;\">Đặc biệt, ô góc màu trắng là <strong>ô có 3 màu, 1 mặt là màu trắng</strong> và<strong> X </strong>được đánh dấu là vị trí mà ô góc đó phải trở về.</span></span></p>\r\n\r\n<p><span style=\"line-height:2;\"><span style=\"font-size:16px;\"><strong>- Nếu viên góc nằm ở tầng 3 ( tức tầng màu vàng):</strong></span></span></p>\r\n\r\n<p><span style=\"line-height:2;\"><span style=\"font-size:16px;\">Bạn phải dùng <strong>U</strong> hoặc <strong>U\'</strong> để đưa về 3 trường hợp sau:</span></span></p>\r\n\r\n<ul>\r\n	<li><span style=\"line-height:2;\"><span style=\"font-size:16px;\"><strong>Với hình 1:</strong> Sử dụng công thức xoay U R U’ R’</span></span></li>\r\n	<li><span style=\"line-height:2;\"><span style=\"font-size:16px;\"><strong>Với hình 2</strong>: Sử dụng công thức xoay R U R’</span></span></li>\r\n	<li><span style=\"line-height:2;\"><span style=\"font-size:16px;\"><strong>Với hình 3:</strong> Khi mặt màu trắng không ở mặt cạnh (xanh, đỏ) mà ở mặt màu vàng. Khi đó, bạn tiến hành đưa mặt màu trắng này sang bên cạnh như hình 1 và 2 bằng cách xoay R U’ R’ U2 .</span></span></li>\r\n</ul>\r\n\r\n<p><span style=\"line-height:2;\"><span style=\"font-size:16px;\"><img alt=\"\" src=\"https://file.hstatic.net/200000550051/file/13_d453b867afd6441e9b9e12df046d7359_grande.jpg\" /></span></span></p>\r\n\r\n<p><span style=\"line-height:2;\"><span style=\"font-size:16px;\">Kế đến, bạn chọn 1 trong 2 công thức hình 1 hoặc hình 2 để giải tiếp.</span></span></p>\r\n\r\n<p><span style=\"line-height:2;\"><span style=\"font-size:16px;\"><strong>- Nếu viên góc ở tầng 1 ( tức ở tầng màu trắng):</strong></span></span></p>\r\n\r\n<p><span style=\"line-height:2;\"><span style=\"font-size:16px;\">Nếu bạn thấy viên góc này đang ở đúng tầng 1 nhưng lại sai vị trí hoặc sai hướng thì sẽ có 3 trường hợp như sau:</span></span></p>\r\n\r\n<p><span style=\"line-height:2;\"><span style=\"font-size:16px;\"><img alt=\"\" src=\"https://file.hstatic.net/200000550051/file/14_8de7594c404c4321b57ab6c5c7847505_grande.jpg\" /></span></span></p>\r\n\r\n<p><span style=\"line-height:2;\"><span style=\"font-size:16px;\">Để giải, bạn phải dùng công thức (R U R’ U’) để đưa viên góc về tầng 3 rồi mới dùng phương pháp giải tầng 3 như trên để giải tiếp.</span></span></p>\r\n\r\n<p><span style=\"line-height:2;\"><span style=\"font-size:16px;\">Kết quả sau bước 2 bạn sẽ có tầng 1 hoàn thành và đồng thời các ô cạnh đúng với vị trí màu các bên như hình dưới đây. </span></span></p>\r\n\r\n<p><span style=\"line-height:2;\"><span style=\"font-size:16px;\"><img alt=\"\" src=\"https://file.hstatic.net/200000550051/file/15_3c70f96ae87e4a51ad7ba209226b2b5d_grande.jpg\" /></span></span></p>\r\n\r\n<p><span style=\"line-height:2;\"><span style=\"font-size:16px;\"><strong>Bước 3: Hoàn thành tầng 2 của khối Rubik</strong></span></span></p>\r\n\r\n<p><span style=\"line-height:2;\"><span style=\"font-size:16px;\"><img alt=\"\" src=\"https://file.hstatic.net/200000550051/file/16_2244197171a84732825ecfc4370f2fbb_grande.jpg\" /></span></span></p>\r\n\r\n<p><span style=\"line-height:2;\"><span style=\"font-size:16px;\">Trước hết, bạn cần xác định các viên cạnh của tầng 2, là các viên cạnh còn lại mà không có màu vàng. Chúng có thể nằm ở tầng 2 hoặc tầng 3. </span></span></p>\r\n\r\n<p><span style=\"line-height:2;\"><span style=\"font-size:16px;\"><strong>- Nếu viên cạnh nằm ở tầng 3</strong></span></span></p>\r\n\r\n<p><span style=\"line-height:2;\"><span style=\"font-size:16px;\">Bạn cần xác định vị trí viên cạnh cần đưa tới bằng cách xem xét 2 màu của viên cạnh (Goal) và cầm Rubik 3x3 sao cho viên Goal nằm ở mặt F.</span></span></p>\r\n\r\n<p><span style=\"line-height:2;\"><span style=\"font-size:16px;\">Sau đó, bạn tiến hành xoay <strong>U</strong>, <strong>U’</strong> hoặc <strong>U2 </strong>để đưa viên cạnh đến vị trí gần Goal để trục giữa của mặt F trùng màu và tạo <strong>thành chữ T</strong> </span></span></p>\r\n\r\n<p><span style=\"line-height:2;\"><span style=\"font-size:16px;\">Khi đó, tùy vào từng trường hợp, bạn dùng 1 trong 2 công thức sau để giải:</span></span></p>\r\n\r\n<p><span style=\"line-height:2;\"><span style=\"font-size:16px;\"><img alt=\"\" src=\"https://file.hstatic.net/200000550051/file/17_e13e2eedd9564a81b7f66e9173ca50db_grande.jpg\" /></span></span></p>\r\n\r\n<p><span style=\"line-height:2;\"><span style=\"font-size:16px;\"><strong>- Nếu viên cạnh nằm ở tầng 2</strong></span></span></p>\r\n\r\n<p><span style=\"line-height:2;\"><span style=\"font-size:16px;\">Bạn cũng dùng công thức <strong>(R U’ R’) (U’ F’ U F)</strong> để xếp và xoay viên cạnh về tầng 3 rồi mới dùng phương pháp phía trên để giải.</span></span></p>\r\n\r\n<p><span style=\"line-height:2;\"><span style=\"font-size:16px;\"><strong>Bước 4: Tạo chữ thập màu vàng ở tầng 3</strong></span></span></p>\r\n\r\n<p><span style=\"line-height:2;\"><span style=\"font-size:16px;\">Đầu tiên, bạn có 3 trường hợp của tầng 3 là: <strong>chỉ có 1 Dot, có 3 Dot hình chữ L, có 3 Dot theo đường thẳng</strong>. Tuy nhiên, bạn cần sử dụng công thức: <strong>F R U R\' U\' F\' </strong>để giải:</span></span></p>\r\n\r\n<ul>\r\n	<li><span style=\"line-height:2;\"><span style=\"font-size:16px;\"><strong>Trường hợp 1 Dot:</strong> Bạn phải xoay công thức này 3 lần</span></span></li>\r\n	<li><span style=\"line-height:2;\"><span style=\"font-size:16px;\"><strong>Trường hợp 2 Dot chữ L:</strong> Bạn phải xoay 2 lần với hướng của chữ L.</span></span></li>\r\n	<li><span style=\"line-height:2;\"><span style=\"font-size:16px;\"><strong>Trường hợp 3 Dot đường thẳng nằm ngang:</strong> Bạn xoay công thức này 1 lần</span></span></li>\r\n</ul>\r\n\r\n<p><span style=\"line-height:2;\"><span style=\"font-size:16px;\"><img alt=\"\" src=\"https://file.hstatic.net/200000550051/file/18_6d3f53132d31473f965eef362a39d5b2_grande.jpg\" /></span></span></p>\r\n\r\n<p><span style=\"line-height:2;\"><span style=\"font-size:16px;\">Lúc này tầng 3 sẽ lần lượt thay đổi như hình bên dưới. Nhưng nhớ là <strong>Hướng của khối Rubik rất quan trọng </strong>phải ở dạng <strong>\"L\" </strong>như minh họa cũng như đường thẳng phải nằm ngang.</span></span></p>\r\n\r\n<p><span style=\"line-height:2;\"><span style=\"font-size:16px;\"><img alt=\"\" src=\"https://file.hstatic.net/200000550051/file/19_6abcf8e90f8340158ca484c740c5afe6_grande.jpg\" /></span></span></p>\r\n\r\n<p><span style=\"line-height:2;\"><span style=\"font-size:16px;\">Bên cạnh đó, nếu như bạn đang ở dạng chữ L hãy chuyển ngay đến dạng chữ thập bằng cách xoay 1 lần công thức là: <strong>F U R U\' R \'F\'</strong></span></span></p>\r\n\r\n<p><span style=\"line-height:2;\"><span style=\"font-size:16px;\"><img alt=\"\" src=\"https://file.hstatic.net/200000550051/file/20_d988c16f484249b8843176cdff75a2a9_grande.jpg\" /></span></span></p>\r\n\r\n<p><span style=\"line-height:2;\"><span style=\"font-size:16px;\"><strong>Bước 5: Đưa các viên chữ thập màu vàng về đúng vị trí</strong></span></span></p>\r\n\r\n<p><span style=\"line-height:2;\"><span style=\"font-size:16px;\">Kế đến, bạn quan sát khối Rubik để kiểm tra vị trí của các mảnh cạnh màu vàng cần chuyển đổi. Sau đó, bạn cầm Rubik sao cho 2 cạnh cần hoán đổi với nhau, <strong>nằm ở mặt  trước F và mặt trái L.</strong></span></span></p>\r\n\r\n<p><span style=\"line-height:2;\"><span style=\"font-size:16px;\"><img alt=\"\" src=\"https://file.hstatic.net/200000550051/file/21_61c7503f6ede446f84ab296e28be3f63_grande.jpg\" /></span></span></p>\r\n\r\n<p><span style=\"line-height:2;\"><span style=\"font-size:16px;\">Bạn sử dụng công thức: (<strong>R U</strong>) (<strong>R’ U</strong>) (<strong>R U2</strong>) <strong>R’ U </strong>để hoán vị giữa cạnh vàng mặt F với cạnh vàng mặt L.</span></span></p>\r\n\r\n<p><span style=\"line-height:2;\"><span style=\"font-size:16px;\">Khi đó, bạn sẽ được kết quả là khối rubik như hình bên dưới:</span></span></p>\r\n\r\n<p><span style=\"line-height:2;\"><span style=\"font-size:16px;\"><img alt=\"\" src=\"https://file.hstatic.net/200000550051/file/22_3160214b985b48f6a40c610ddb82a61a_grande.jpg\" /></span></span></p>\r\n\r\n<p><span style=\"line-height:2;\"><span style=\"font-size:16px;\"><strong>Bước 6: Đưa các viên góc màu vàng về đúng vị trí </strong></span></span></p>\r\n\r\n<p><span style=\"line-height:2;\"><span style=\"font-size:16px;\">Tiếp đến, bạn phải quan sát xem các viên góc màu vàng có viên nào đang nằm sai vị trí không. Nếu viên có 3 góc: màu vàng và 2 màu còn lại đang nằm ở giao điểm tại 3 cạnh có màu tương ứng (không nhất thiết trùng màu tâm) thì chúng đã đúng vị trí. </span></span></p>\r\n\r\n<p><span style=\"line-height:2;\"><span style=\"font-size:16px;\"><strong>Lưu ý: </strong>Sẽ luôn chỉ có 0, 1 hoặc là 4 viên góc ở vị trí đúng.</span></span></p>\r\n\r\n<ul>\r\n	<li><span style=\"line-height:2;\"><span style=\"font-size:16px;\"><strong>Nếu bạn có 1 viên góc ở vị trí đúng:</strong> Bạn tiến hành cầm khối Rubik sao cho viên đúng ở vị trí FRU ( Mặt trước, phía trên, bên phải) rồi áp dụng công thức: <strong>U R U’ L’ U R’ U’ L</strong></span></span></li>\r\n	<li><span style=\"line-height:2;\"><span style=\"font-size:16px;\"><strong>Nếu không có viên góc nào ở vị trí đúng: </strong>Bạn phải thực hiện công thức trên khoảng 2 lần để tạo được 1 góc đúng.</span></span></li>\r\n	<li><span style=\"line-height:2;\"><span style=\"font-size:16px;\"><strong>Nếu cả 4 viên góc đúng</strong> thì bạn có thể chuyển ngay tới bước 7</span></span></li>\r\n</ul>\r\n\r\n<p><span style=\"line-height:2;\"><span style=\"font-size:16px;\"><img alt=\"\" src=\"https://file.hstatic.net/200000550051/file/23_056dbab34d2a48e1b19f69ad279d6c25_grande.jpg\" /></span></span></p>\r\n\r\n<p><span style=\"line-height:2;\"><span style=\"font-size:16px;\"><strong>Bước 7: Hoàn thành giải khối Rubik</strong></span></span></p>\r\n\r\n<p><span style=\"line-height:2;\"><span style=\"font-size:16px;\">Tới đây, bạn cần chọn hướng cầm Rubik sao cho 1 viên góc màu vàng bị sai hướng nằm ở <strong>mặt trước, phía trên, bên phải</strong> giống như <strong>vị trí đánh dấu bên dưới, có nghĩa là vị trí FRU.</strong></span></span></p>\r\n\r\n<p><span style=\"line-height:2;\"><span style=\"font-size:16px;\"><img alt=\"\" src=\"https://file.hstatic.net/200000550051/file/24_5d1455c9066b4006ad672567b4cdb2f0_grande.jpg\" /></span></span></p>\r\n\r\n<p><span style=\"line-height:2;\"><span style=\"font-size:16px;\">Sau đó, bạn tiếp tục thực hiện <strong>chẵn lần (2 hoặc 4 lần)</strong> theo công thức: <strong>R’ D’ R D </strong>để định hướng đúng góc vì mặt màu vàng sẽ xoay tại chỗ theo chiều kim đồng hồ.</span></span></p>\r\n\r\n<p><span style=\"line-height:2;\"><span style=\"font-size:16px;\">Khi đó, bạn phải dừng thực hiện khi mặt vàng ở đúng vị trí và việc xáo trộn các tầng 1, 2 không có vấn đề gì cả bởi chúng sẽ tự về vị trí đúng sau khi bạn giải xong tất cả các góc sai.</span></span></p>\r\n\r\n<p><span style=\"line-height:2;\"><span style=\"font-size:16px;\"><img alt=\"\" src=\"https://file.hstatic.net/200000550051/file/25_ad885062090b4c41b64e5201ac4c0d92_grande.jpg\" /></span></span></p>\r\n\r\n<p><span style=\"line-height:2;\"><span style=\"font-size:16px;\">Bạn tiếp tục dùng <strong>U</strong> / <strong>U\'</strong> để chuyển các ô vàng sai hướng còn lại đến vị trí đánh dấu <strong>FRU.</strong> Sau đó, bạn mới tiếp tục áp dụng lại công thức trên cho đến khi tất cả các ô góc vàng được giải. </span></span></p>\r\n\r\n<p><span style=\"line-height:2;\"><span style=\"font-size:16px;\"><strong>Lưu ý:</strong> Ngoại trừ góc đầu tiên, bạn chỉ sử dụng <strong>U</strong> và <strong>U\'</strong> để di chuyển các góc còn lại tới vị trí <strong>FRU</strong>.</span></span></p>\r\n\r\n<p><span style=\"line-height:2;\"><span style=\"font-size:16px;\"><img alt=\"\" src=\"https://file.hstatic.net/200000550051/file/26_3e4472343178479eaa4e04eb5c1e034c_grande.jpg\" /></span></span></p>\r\n\r\n<p><span style=\"line-height:2;\"><span style=\"font-size:16px;\"><img alt=\"\" src=\"https://file.hstatic.net/200000550051/file/27_9b5deb5e3424438fbeb58fbb70c9538b_grande.jpg\" /></span></span></p>\r\n\r\n<p><span style=\"line-height:2;\"><span style=\"font-size:16px;\">Khi tất cả các góc được định hướng chuẩn thì bạn đã giải xong khối Rubik 3x3 rồi đấy. Kết quả sẽ được hiển thị giống hình bên dưới. </span></span></p>\r\n\r\n<p><span style=\"line-height:2;\"><span style=\"font-size:16px;\"><img alt=\"\" src=\"https://file.hstatic.net/200000550051/file/28_61b4b8936ea7480c9bded6f48b0a7f51_grande.jpg\" /></span></span></p>\r\n', '', 'huong-dan-xoay-rubik-3x3-theo-cach-don-gian-nhat-2266_540x360x1.webp', 'hienthi,noibat', '1', '1', 'huong-dan-choi', '2025-06-24 00:10:47', '2025-08-20 13:58:44'),
('5', 'cac-giai-doan-de-tro-thanh-1-pro-rubik', 'cac-giai-doan-de-tro-thanh-1-pro-rubik', 'Các giai đoạn để trở thành 1 PRO rubik', 'Các giai đoạn để trở thành 1 PRO rubik', 'Nhằm giúp cho những người mới chơi hoặc đã biết chơi có cách rubik nâng cao và các giai đoạn rubik 1 cách nhanh hơn mình xin post bài này', '', '<p><span style=\"line-height:2;\"><span style=\"font-size:16px;\">Nhằm giúp cho những người mới chơi hoặc đã biết chơi có cách rubik nâng cao và các giai đoạn rubik 1 cách nhanh hơn mình xin post bài này</span></span></p>\r\n\r\n<p><span style=\"line-height:2;\"><span style=\"font-size:16px;\">Đầu tiên thì mình cũng có lời khuyên như tất cả các cuber khác để được tốc độ xoay rubik thì trước hết phải luyện tập. Thật vậy muốn xoay nhanh thực ra chỉ cần với cách cơ bản là bạn có thể xoay rubik dưới 20s nếu luyện tập. Nhưng nếu học thêm CT thì thời gian luyện tập sẽ rút ngắn xuống và chỉ cần tầm 1-2 tháng là bạn có thể dễ dàng xoay trong vòng 30s rồi. Bài viết này là tổng hợp kinh nghiệm của mình trong việc để đạt tốc độ xoay rubik nhanh nhất.</span></span></p>\r\n\r\n<p><span style=\"line-height:2;\"><span style=\"font-size:16px;\">Lưu ý: Mỗi người có 1 cách riêng để đạt nâng cao tốc độ xoay của mình bài viết này chỉ mang tính chất tham khảo. Còn đây là clip trung bình dưới 20s sử dụng phương pháp xoay rubik cơ bản của Erik Akkersdijk cho thấy luyện tập vẫn là rất quan trọng</span></span></p>\r\n\r\n<p><span style=\"line-height:2;\"><span style=\"font-size:16px;\"><strong>Giai đoạn 1:</strong></span></span></p>\r\n\r\n<p><span style=\"line-height:2;\"><span style=\"font-size:16px;\">Trung bình: tầm từ 1p30s trở lên hoặc chưa biết xoay rubik</span></span></p>\r\n\r\n<p><span style=\"line-height:2;\"><span style=\"font-size:16px;\">Mục tiêu: đạt trung bình từ 1p - 1p20s</span></span></p>\r\n\r\n<p><span style=\"line-height:2;\"><span style=\"font-size:16px;\">Phương pháp: Để dễ dàng cho mục tiêu này thì bạn nên làm quen với kí hiệu quốc tế sau đó học CT và cách xoay cơ bản ở đây đơn giản với cách cơ bản này bạn vẫn có thể đạt dưới 1p nếu lười học CT mà chăm luyện tập còn không thì có vài tips ở đây có thể giúp bạn dưới 1p chỉ với vài CT như trên:</span></span></p>\r\n\r\n<ul>\r\n	<li><span style=\"line-height:2;\"><span style=\"font-size:16px;\">1. cube xịn đã break-in và lub với sillicone</span></span></li>\r\n	<li><span style=\"line-height:2;\"><span style=\"font-size:16px;\">2. finger trick</span></span></li>\r\n	<li><span style=\"line-height:2;\"><span style=\"font-size:16px;\">3. Tập nhìn và giải 4 hướng khác nhau của các TH cơ bản trên</span></span></li>\r\n	<li><span style=\"line-height:2;\"><span style=\"font-size:16px;\">4. Luyện tập (tất nhiên rồi ) sao cho lúc xoay ít dừng nhất đặc biệt ở tầng 2</span></span></li>\r\n</ul>\r\n\r\n<p><span style=\"line-height:2;\"><span style=\"font-size:16px;\">Ngoài ra 1 số tips khác bạn có thể tham khảo ở đây</span></span></p>\r\n\r\n<p><span style=\"line-height:2;\"><span style=\"font-size:16px;\">Thời gian dự kiến: khoảng từ 2-3 tuần</span></span></p>\r\n\r\n<p><span style=\"line-height:2;\"><span style=\"font-size:16px;\"><strong>Giai đoạn 2</strong></span></span></p>\r\n\r\n<p><span style=\"line-height:2;\"><span style=\"font-size:16px;\">Trung bình: tầm từ 1p-1p20s</span></span></p>\r\n\r\n<p><span style=\"line-height:2;\"><span style=\"font-size:16px;\">Mục tiêu: đạt trung bình từ 48s-52s</span></span></p>\r\n\r\n<p><span style=\"line-height:2;\"><span style=\"font-size:16px;\">Phương pháp:: Để đạt được mục tiêu ở giai đoạn này trước hết lời khuyên là phải cầm ngược cube lại sao cho mình luôn làm tầng 1 trở đi ở dưới đáy (lúc đầu cũng sẽ chậm nhưng khi quen rồi sẽ look ahead rất dễ).Sau đó học thêm vài TH OLL và PLL cơ bản khác ở đây.Ngoài ra bạn nên tập giải các TH này ít nhất từ 2 hướng khác nhau hoặc từ 4 hướng càng tốt khi đó sẽ mất ít thời gian xoay cube hơn</span></span></p>\r\n\r\n<p><span style=\"line-height:2;\"><span style=\"font-size:16px;\">Thời gian dự kiến: khoảng từ 2- 4 tuần</span></span></p>\r\n\r\n<p><span style=\"line-height:2;\"><span style=\"font-size:16px;\"><strong>Giai đoạn 3</strong></span></span></p>\r\n\r\n<p><span style=\"line-height:2;\"><span style=\"font-size:16px;\">Trung bình: tầm từ 48s - 52s</span></span></p>\r\n\r\n<p><span style=\"line-height:2;\"><span style=\"font-size:16px;\">Mục tiêu: đạt trung bình từ 38s - 42s</span></span></p>\r\n\r\n<p><span style=\"line-height:2;\"><span style=\"font-size:16px;\">Phương pháp: Giai đoạn này thực sự nếu muốn đạt mục tiêu bạn nên học 41 công thức <a href=\"https://rubikstore.vn/41-cong-thuc-f2l-nang-cao-cong-thuc-rubik-nang-cao\">F2l</a> ( nhiều quá có cách nào dễ hơn ko?) đừng lo thực ra chỉ cần biết tầm 10 trường hợp trong <a href=\"https://rubikstore.vn/41-cong-thuc-f2l-nang-cao-cong-thuc-rubik-nang-cao\">F2l</a> là bạn có thể xài được rồi:). Kinh nghiệm học <a href=\"https://rubikstore.vn/41-cong-thuc-f2l-nang-cao-cong-thuc-rubik-nang-cao\">F2l</a> của mình một cách nhanh nhất là theo 2 bước</span></span></p>\r\n\r\n<p><span style=\"line-height:2;\"><span style=\"font-size:16px;\">- B1:Nhận biết và tự ngẫm ra vài TH <a href=\"https://rubikstore.vn/41-cong-thuc-f2l-nang-cao-cong-thuc-rubik-nang-cao\">F2l</a> đơn giản. Cái này bạn có thể tham khảo qua clip mà anh kieuphong đã post ở đây để hiểu hơn bản chất của F2l</span></span></p>\r\n\r\n<p><span style=\"line-height:2;\"><span style=\"font-size:16px;\">- B2:Sau khi hiểu 1 chút về bản chất của F2l bạn nếu ngại mò và ngẫm ra các TH còn lại bạn có thể xem qua java trên trang này để nhìn move di chuyển và học nhanh vào hơn</span></span></p>\r\n\r\n<p><span style=\"line-height:2;\"><span style=\"font-size:16px;\">Thời gian đầu chưa quen sẽ chậm hơn rất nhiều so với cách xoay cũ nhưng dần dần thời gian xoay của bạn sẽ xuống rất nhanh và nếu nắm chắc phần này thì có thể thành tích vượt qua cả sự mong đợi</span></span></p>\r\n\r\n<p><span style=\"line-height:2;\"><span style=\"font-size:16px;\">Thời gian dự kiến: khoảng từ 2- 6 tuần</span></span></p>\r\n\r\n<p><span style=\"line-height:2;\"><span style=\"font-size:16px;\"><strong>Giai đoạn 4</strong></span></span></p>\r\n\r\n<p><span style=\"line-height:2;\"><span style=\"font-size:16px;\">Trung bình: tầm từ 38s - 42s</span></span></p>\r\n\r\n<p><span style=\"line-height:2;\"><span style=\"font-size:16px;\">Mục tiêu: đạt trung bình từ 27s - 31s</span></span></p>\r\n\r\n<p><span style=\"line-height:2;\"><span style=\"font-size:16px;\">Phương pháp:: đến được mốc 38s - 42s finger trick của bạn đã có sự cải thiện và giờ là lúc học hết <a href=\"https://rubikstore.vn/21-cong-thuc-pll-cong-thuc-rubik-nang-cao\">21 TH PLL</a> vì với 1 vài finger trick bạn có thể dễ dàng học 21 TH này trong khoảng 3 - 4 ngày do <a href=\"https://rubikstore.vn/21-cong-thuc-pll-cong-thuc-rubik-nang-cao\">PLL</a> hầu hết toàn xài finger trick:) chi tiết có thể xem ở đây hoặc down file hướng dẫn và nhận biết ở đây .Công thức trong đó mang tính chọn lọc bạn có thể vào trang này để xem CT nào phù hợp với finger trick mình nhất</span></span></p>\r\n\r\n<p><span style=\"line-height:2;\"><span style=\"font-size:16px;\">Ngoài ra đến mốc này cần phải tập look ahead trong F2l nó sẽ giúp bạn giảm thời gian rất nhanh</span></span></p>\r\n\r\n<p><span style=\"line-height:2;\"><span style=\"font-size:16px;\">Thời gian dự kiến:: khoảng từ 4- 8 tuần</span></span></p>\r\n\r\n<p><span style=\"line-height:2;\"><span style=\"font-size:16px;\"><strong>Giai đoạn 5</strong></span></span></p>\r\n\r\n<p><span style=\"line-height:2;\"><span style=\"font-size:16px;\">Trung bình: tầm từ 27s - 31s</span></span></p>\r\n\r\n<p><span style=\"line-height:2;\"><span style=\"font-size:16px;\">Mục tiêu: đạt trung bình từ 15s - 18s</span></span></p>\r\n\r\n<p><span style=\"line-height:2;\"><span style=\"font-size:16px;\">Phương pháp::</span></span></p>\r\n\r\n<p><span style=\"line-height:2;\"><span style=\"font-size:16px;\">+ Đây là giai đoạn khó nhất để đạt được mốc này phải cải thiện rất nhiều cho F2l. Kinh nghiệm của mình là tập xoay từ cả 4 hướng trong F2l hoặc tham khảo nhiều CT khác nhau trên các link nước ngoài để finger trick dễ ngoài ra đặc biệt phải look ahead tốt giai đoạn này và chỉ mất khoảng 12s cho cross+F2l đoạn này</span></span></p>\r\n\r\n<p><span style=\"line-height:2;\"><span style=\"font-size:16px;\">+Học thêm vài TH OLL bạn có thể tham khảo ở đây hoặc CT khác ở trang này</span></span></p>\r\n\r\n<p><span style=\"line-height:2;\"><span style=\"font-size:16px;\">+ Cải thiện finger trick khi làm OLL và PLL và cố gắng chỉ mất tầm 3 -4s cho bước này bao gồm cả xoay và nhận biết</span></span></p>\r\n\r\n<p><span style=\"line-height:2;\"><span style=\"font-size:16px;\">+Làm cross lúc này chỉ phải mất ko quá 4s và cross luôn hoàn thành với trạng thái ở dưới đáy</span></span></p>\r\n\r\n<p><span style=\"line-height:2;\"><span style=\"font-size:16px;\">Thời gian dự kiến:: khoảng từ 4- 8 tuần</span></span></p>\r\n\r\n<p><span style=\"line-height:2;\"><span style=\"font-size:16px;\"><strong>Giai đoạn 6</strong></span></span></p>\r\n\r\n<p><span style=\"line-height:2;\"><span style=\"font-size:16px;\">Trung bình: dưới 20s</span></span></p>\r\n\r\n<p><span style=\"line-height:2;\"><span style=\"font-size:16px;\">Mục tiêu: đạt trung bình dưới 15s</span></span></p>\r\n\r\n<p><span style=\"line-height:2;\"><span style=\"font-size:16px;\">Phương pháp:</span></span></p>\r\n\r\n<p><span style=\"line-height:2;\"><span style=\"font-size:16px;\">+ Cố gắng giải cross+ F2l dưới 10s phương pháp hiện nay thường là tập x-cross có thể tham khảo ở đây</span></span></p>\r\n\r\n<p><span style=\"line-height:2;\"><span style=\"font-size:16px;\">+ Học nốt các TH OLL giúp bạn tiết kiệm khoảng <2s bước này</span></span></p>\r\n\r\n<p><span style=\"line-height:2;\"><span style=\"font-size:16px;\">+ Cuối cùng là luyện tập và luyện tập thôi</span></span></p>\r\n\r\n<p><span style=\"line-height:2;\"><span style=\"font-size:16px;\">Thời gian dự kiến: khoảng từ 4 tuần trở lên :)</span></span></p>\r\n\r\n<p><span style=\"line-height:2;\"><span style=\"font-size:16px;\">Trên đây là tổng hợp dựa trên kinh nghiệm xoay rubik của bản thân mình và tham khảo thêm từ trang speedsolving từng giai đoạn khi lên thành pro cuber trong thời gian ngắn nhất</span></span></p>\r\n', '', 'cac-giai-doan-de-tro-thanh-1-pro-rubik-6c37_540x360x1.webp', 'hienthi,noibat', '1', '0', 'huong-dan-choi', '2025-06-24 12:39:41', '2025-07-22 10:44:45'),
('6', 'chinh-sach-van-chuyen', '', 'Chính sách vận chuyển', '', '', '', '<p><span style=\"line-height:1.5;\"><span style=\"font-size:16px;\"><strong>- Quy định về chính sách giao hàng:</strong></span></span></p>\r\n\r\n<p><span style=\"line-height:1.5;\"><span style=\"font-size:16px;\"><strong>+ Nội thành phố Hồ Chí Minh: </strong></span></span></p>\r\n\r\n<p><span style=\"line-height:1.5;\"><span style=\"font-size:16px;\"> - Phí ship giao hàng giao động.<strong>100.000 - 200.000Đ</strong>. ( Đối với đơn hàng Dưới 1.500.000 Đ ) </span></span></p>\r\n\r\n<p><span style=\"line-height:1.5;\"><span style=\"font-size:16px;\"><strong>+  Các Tĩnh lân cận:</strong> ( Biên hòa, Bình Dương, Long An, Nhà Bè,  ( Khu vực xa thành phố ) </span></span></p>\r\n\r\n<p><span style=\"line-height:1.5;\"><span style=\"font-size:16px;\">-  Phí ship giao động: từ <strong>100.000 - 400.000Đ</strong> </span></span></p>\r\n\r\n<p><span style=\"line-height:1.5;\"><span style=\"font-size:16px;\">+ <strong>Các Tĩnh Huyện khác: </strong>Thỏa thuận.</span></span></p>\r\n\r\n<p><span style=\"line-height:1.5;\"><span style=\"font-size:16px;\"><strong>- Đối với các đơn hàng dự án:</strong></span></span></p>\r\n\r\n<p><span style=\"line-height:1.5;\"><span style=\"font-size:16px;\">+ Đơn hàng nhỏ hơn <strong>20.000.000đ</strong> sẽ miễn phí lắp đặt tại kho, Hỗ trợ phí vận chuyển. 15km</span></span></p>\r\n\r\n<p><span style=\"line-height:1.5;\"><span style=\"font-size:16px;\">+ Đơn hàng từ <strong>20.000.000đ</strong> đến <strong>50.000.000đ</strong> miễn phí vận chuyển và lắp đặt trong bán kính 20km, trên 20km sẽ hỗ trợ phí vận chuyển.</span></span></p>\r\n\r\n<p><span style=\"line-height:1.5;\"><span style=\"font-size:16px;\">+ Đơn hàng từ<strong> 50.000.000đ</strong> đến <strong>100.000.000đ</strong> miễn phí vận chuyển và lắp đặt trong bán kính 25km, trên 25km sẽ hỗ trợ phí vận chuyển.</span></span></p>\r\n\r\n<p><span style=\"line-height:1.5;\"><span style=\"font-size:16px;\">+ Đơn hàng trên <strong>100.000.000đ</strong> miễn phí vận chuyển và lắp đặt trong bán kính 60km, trên 60km sẽ hỗ trợ phí vận chuyển.</span></span></p>\r\n\r\n<p><span style=\"line-height:1.5;\"><span style=\"font-size:16px;\"><strong>- Quy định về giao hàng:</strong></span></span></p>\r\n\r\n<p><span style=\"line-height:1.5;\"><span style=\"font-size:16px;\">+ với các đơn hàng có sẵn, giao trong vòng 24h kể từ khi đặt hàng.</span></span></p>\r\n\r\n<p><span style=\"line-height:1.5;\"><span style=\"font-size:16px;\">+ Thời gian giao hàng tính từ khi xác nhận đơn hàng và giao hàng .</span></span></p>\r\n\r\n<p><span style=\"line-height:1.5;\"><span style=\"font-size:16px;\"><strong>- Chính sách lắp đặt:</strong></span></span></p>\r\n\r\n<p><span style=\"line-height:1.5;\"><span style=\"font-size:16px;\">+ Miễn phí lắp đặt tại kho đối với mọi đơn hàng: Bàn, Ghế, Tủ, Kệ, Giường và các sản phẩm nội thất văn phòng khác</span></span></p>\r\n\r\n<p><span style=\"line-height:1.5;\"><span style=\"font-size:16px;\">+ Mọi thắc mắt về vấn đề vận chuyển. Khác hàng có thể liên hệ trực tiếp để được hướng dẫn và giải đáp</span></span></p>\r\n\r\n<p><span style=\"line-height:1.5;\"><span style=\"font-size:16px;\"><strong> - Quy định chung:</strong><br />\r\n+ Để kiểm tra thông tin hoặc tình trạng đơn hàng của quý khách, xin vui lòng liên hệ qua tổng đài <strong>0376082129</strong><strong> </strong>hoặc để lại tin nhắn trên Fanpage: Nội Thất Huỳnh Gia cung cấp tên, thông tin đơn hàng, số điện thoại để được kiểm tra.</span></span></p>\r\n\r\n<p><span style=\"line-height:1.5;\"><span style=\"font-size:16px;\">+ Khi hàng được giao đến quý khách, vui lòng ký xác nhận với nhân viên giao hàng và kiểm tra lại số lượng, loại hàng, tình trạng sản phẩm.</span></span></p>\r\n\r\n<p><span style=\"line-height:1.5;\"><span style=\"font-size:16px;\">+ Xin quý khách vui lòng giữ lại biên lại vận chuyển và hóa đơn mua hàng để đối chiếu nếu có phát sinh xảy ra.</span></span></p>\r\n\r\n<p><span style=\"line-height:1.5;\"><span style=\"font-size:16px;\">+ Chính sách vận chuyển này được áp dụng kể từ ngày 20/09/2022. Nếu có bất kỳ sự thay đổi nào, Govi sẽ trực tiếp cập nhật thông tin tại trang chính sách vận chuyển này, kèm theo thông báo tới khách hàng có đơn hàng gần nhất.</span></span></p>\r\n\r\n<p><span style=\"line-height:1.5;\"><span style=\"font-size:16px;\">+ Mọi chi tiết cần hỗ trợ vui lòng liên hệ tổng đài <strong>0376082129. </strong>để được hỗ trợ nhanh nhất.</span></span></p>\r\n', '', 'chinh-sach-van-chuyen_4893.webp', 'hienthi', '1', '0', 'chinh-sach', '2025-06-24 15:31:27', '2025-08-13 08:44:14'),
('7', 'chinh-sach-doi-tra', '', 'Chính sách đổi trả', '', '', '', '<p><span style=\"line-height:2;\"><span style=\"font-size:16px;\"><strong>QUY ĐỊNH CHUNG VỀ CHÍNH SÁCH ĐỔI TRẢ:</strong></span></span></p>\r\n\r\n<p><span style=\"line-height:2;\"><span style=\"font-size:16px;\"><em><strong>Chính sách đổi trả chỉ áp dụng cho các dòng sản phẩm Ghế văn phòng. Riêng bàn, tủ , sofa, bàn ăn… không áp dụng chính sách đổi trả!</strong></em></span></span></p>\r\n\r\n<p><span style=\"line-height:2;\"><span style=\"font-size:16px;\">Quý khách có thể thực hiện đổi trả hàng trong vòng 2h kể từ ngày nhận hàng. Các sản phẩm thực hiện đổi trả phải còn nguyên vẹn, không có dấu hiệu đã qua sử dụng và còn nguyên tem, mác, nguyên đai nguyên kiện ( trừ trường hợp sản phẩm bị lỗi hoặc hư hại trong quá trình vận chuyển). Ngoài ra, khách hàng phải còn giữ Hóa đơn mua hàng tại Thương hiệu nội thất Huỳnh Gia</span></span></p>\r\n\r\n<p><span style=\"line-height:2;\"><span style=\"font-size:16px;\">Quá trình đổi trả hàng chỉ được thực hiện khi hàng được hoàn về tại kho. Chúng tôi sẽ kiểm tra chất lượng sản phẩm để tiến hành đổi trả nhanh nhất theo quy định.</span></span></p>\r\n\r\n<p><span style=\"line-height:2;\"><span style=\"font-size:16px;\"><strong>CÁC TRƯỜNG HỢP ĐỔI TRẢ:</strong></span></span></p>\r\n\r\n<p><span style=\"line-height:2;\"><span style=\"font-size:16px;\">1. Trường hợp quý khách đã mua hàng và đã thực hiện thanh toán nhưng dư tiền do chuyển thừa. Công ty TNHH Huỳnh Gia sẽ hoàn trả lại tiền cho Quý khách theo thời hạn như sau: Quý khách sẽ nhận được tiền bằng hình thức chuyển khoản trong thời gian từ 3-5 ngày ( trừ thứ 7, CN và ngày lễ) kể từ khi Công ty TNHH Huỳnh Gia nhận được đề nghị thanh toán từ phía Quý khách hàng.<br />\r\n2. Công ty TNHH Huỳnh Gia sẽ không hoàn trả lại tiền trong các trường hợp sau:<br />\r\n2.1 Trường hợp Quý khách hàng đã mua sản phẩm mà bị lỗi, Công ty sẽ đổi trả lại cho Quý khách sản phẩm đó hoặc sản phẩm khác có giá trị tương đương.</span></span></p>\r\n\r\n<p><span style=\"line-height:2;\"><span style=\"font-size:16px;\"><em><strong> </strong><strong>ĐIỀU KIỆN ĐỔI TRẢ</strong></em></span></span></p>\r\n\r\n<p><span style=\"line-height:2;\"><span style=\"font-size:16px;\">Chúng tôi chỉ chấp nhận đổi trả cho các sản phẩm còn nguyên điều kiện ban đầu, còn hóa đơn mua hàng tại Huỳnh Gia và sản phẩm chưa qua sử dụng, bao gồm:</span></span></p>\r\n\r\n<ul>\r\n	<li><span style=\"line-height:2;\"><span style=\"font-size:16px;\">Tem/ phiếu bảo hành, tem thương hiệu và các quà tặng kèm theo (nếu có) v.v… phải còn đầy đủ và nguyên vẹn.</span></span></li>\r\n	<li><span style=\"line-height:2;\"><span style=\"font-size:16px;\">Hàng hóa nhận lại phải mới ít nhất 100%, còn đầy đủ linh phụ kiện kèm theo</span></span></li>\r\n	<li><span style=\"line-height:2;\"><span style=\"font-size:16px;\">Hàng hóa nhận lại phải đảm bảo đầy đủ bao bì, xốp ( nếu có)</span></span></li>\r\n</ul>\r\n', '', 'chinh-sach-doi-tra_b21d.webp', 'hienthi', '1', '2', 'chinh-sach', '2025-06-24 15:32:10', '2025-08-20 13:23:22'),
('8', 'chinh-sach-bao-mat', '', 'Chính Sách Bảo Mật', '', '', '', '<h2 id=\"1-muc-dich-va-pham-vi-thu-thap-thong-tin\"><span style=\"line-height:2;\"><span style=\"font-size:16px;\"><strong>1. Mục đích và phạm vi thu thập thông tin</strong></span></span></h2>\r\n\r\n<p><span style=\"line-height:2;\"><span style=\"font-size:16px;\"><strong>Chúng tôi chỉ thu thập thông tin cá nhân của khách hàng khi cần thiết để:</strong></span></span></p>\r\n\r\n<ul>\r\n	<li><span style=\"line-height:2;\"><span style=\"font-size:16px;\">Cung cấp sản phẩm, dịch vụ một cách tốt nhất.</span></span></li>\r\n	<li><span style=\"line-height:2;\"><span style=\"font-size:16px;\">Liên lạc, tư vấn, và hỗ trợ khách hàng khi cần thiết.</span></span></li>\r\n	<li><span style=\"line-height:2;\"><span style=\"font-size:16px;\">Cải thiện chất lượng dịch vụ thông qua phân tích dữ liệu.</span></span></li>\r\n	<li><span style=\"line-height:2;\"><span style=\"font-size:16px;\">Đáp ứng các yêu cầu pháp lý hoặc quy định của cơ quan chức năng.</span></span></li>\r\n</ul>\r\n\r\n<h2 id=\"2-bao-mat-thong-tin-huynh-gia\"><span style=\"line-height:2;\"><span style=\"font-size:16px;\"><strong>2. Bảo mật thông tin huỳnh gia.</strong></span></span></h2>\r\n\r\n<p><span style=\"line-height:2;\"><span style=\"font-size:16px;\"><strong>Chúng tôi áp dụng các biện pháp bảo mật tối ưu để bảo vệ thông tin cá nhân của khách hàng:</strong></span></span></p>\r\n\r\n<ul>\r\n	<li><span style=\"line-height:2;\"><span style=\"font-size:16px;\">Sử dụng hệ thống mã hóa để lưu trữ thông tin.</span></span></li>\r\n	<li><span style=\"line-height:2;\"><span style=\"font-size:16px;\">Hạn chế truy cập thông tin chỉ cho nhân viên có nhiệm vụ liên quan.</span></span></li>\r\n	<li><span style=\"line-height:2;\"><span style=\"font-size:16px;\">Đảm bảo không chia sẻ, bán, hoặc trao đổi thông tin cá nhân khách hàng với bên thứ ba mà không có sự đồng ý.</span></span></li>\r\n</ul>\r\n\r\n<h2 id=\"3 pham-vi-su-dung-thong-tin\"><span style=\"line-height:2;\"><span style=\"font-size:16px;\"><strong>3. Phạm vi sử dụng thông tin.</strong></span></span></h2>\r\n\r\n<p><span style=\"line-height:2;\"><span style=\"font-size:16px;\"><strong>Thông tin cá nhân của khách hàng được sử dụng trong các trường hợp sau:</strong></span></span></p>\r\n\r\n<ul>\r\n	<li>\r\n	<p><span style=\"line-height:2;\"><span style=\"font-size:16px;\"><strong>Xử lý đơn hàng</strong>: Đảm bảo giao hàng đúng địa chỉ, thời gian, và yêu cầu.</span></span></p>\r\n	</li>\r\n	<li>\r\n	<p><span style=\"line-height:2;\"><span style=\"font-size:16px;\"><strong>Liên hệ hỗ trợ</strong>: Gửi thông báo, phản hồi thắc mắc, và giải quyết các vấn đề liên quan đến sản phẩm hoặc dịch vụ.</span></span></p>\r\n	</li>\r\n	<li>\r\n	<p><span style=\"line-height:2;\"><span style=\"font-size:16px;\"><strong>Quảng bá sản phẩm</strong>: Cung cấp thông tin về chương trình khuyến mãi, sản phẩm mới (nếu khách hàng đồng ý).</span></span></p>\r\n	</li>\r\n	<li>\r\n	<p><span style=\"line-height:2;\"><span style=\"font-size:16px;\"><strong>Phân tích dữ liệu</strong>: Đánh giá trải nghiệm khách hàng để nâng cao chất lượng sản phẩm, dịch vụ.</span></span></p>\r\n	</li>\r\n</ul>\r\n\r\n<h2 id=\"4-quyen-loi-cua-khach-hang\"><span style=\"line-height:2;\"><span style=\"font-size:16px;\"><strong>4. Quyền lợi của khách hàng.</strong></span></span></h2>\r\n\r\n<p><span style=\"line-height:2;\"><span style=\"font-size:16px;\"><strong>Khách hàng có quyền:</strong></span></span></p>\r\n\r\n<ul>\r\n	<li><span style=\"line-height:2;\"><span style=\"font-size:16px;\">Yêu cầu kiểm tra, cập nhật, hoặc xóa thông tin cá nhân bất kỳ lúc nào.</span></span></li>\r\n	<li><span style=\"line-height:2;\"><span style=\"font-size:16px;\">Từ chối nhận thông tin quảng cáo từ chúng tôi.</span></span></li>\r\n	<li><span style=\"line-height:2;\"><span style=\"font-size:16px;\">Báo cáo nếu phát hiện thông tin cá nhân bị sử dụng sai mục đích.</span></span></li>\r\n</ul>\r\n\r\n<h2 id=\"6-lien-he-va-khieu-nai\"><span style=\"line-height:2;\"><span style=\"font-size:16px;\"><strong>6. Liên hệ và khiếu nại.</strong></span></span></h2>\r\n\r\n<p><span style=\"line-height:2;\"><span style=\"font-size:16px;\">Nếu khách hàng có bất kỳ thắc mắc hoặc khiếu nại nào liên quan đến chính sách bảo mật, vui lòng liên hệ:</span></span></p>\r\n\r\n<ul>\r\n	<li><span style=\"line-height:2;\"><span style=\"font-size:16px;\"><strong>Hotline</strong>: <strong>0376082129</strong></span></span></li>\r\n	<li><span style=\"line-height:2;\"><span style=\"font-size:16px;\"><strong>Email</strong>: huynhgia@gmail.com</span></span></li>\r\n</ul>\r\n\r\n<p><span style=\"line-height:2;\"><span style=\"font-size:16px;\">Chúng tôi trân trọng sự tin tưởng và luôn nỗ lực để bảo vệ quyền lợi của khách hàng. Mọi thay đổi về chính sách bảo mật sẽ được thông báo kịp thời để khách hàng có thể cập nhật và yên tâm sử dụng dịch vụ.</span></span></p>\r\n', '', 'chinh-sach-bao-mat_f68f.webp', 'hienthi', '1', '0', 'chinh-sach', '2025-06-24 15:32:50', '2025-08-13 08:47:13'),
('9', 'chinh-sach-bao-hanh', '', 'Chính Sách Bảo Hành', '', '', '', '<p><span style=\"line-height:2;\"><span style=\"font-size:16px;\"><strong>Đề nghị quý khách kiểm tra hàng trước khi thanh toán</strong>. Quý khách hàng không được trả lại hàng nếu không thuộc trường hợp hoàn tiền phía dưới.</span></span></p>\r\n\r\n<p><span style=\"line-height:2;\"><span style=\"font-size:16px;\"><img alt=\"Nội Thất Huỳnh Gia\" height=\"500\" src=\"https://truongmaisaigon.com/upload/elfinder/files/Ch%C3%ADnh%20s%C3%A1ch%20truongmaisaigon.com/ch%C3%ADnh%20s%C3%A1ch%20b%E1%BA%A3o%20h%C3%A0nh%20hu%E1%BB%B3nh%20gia.jpg\" width=\"960\" /></span></span></p>\r\n\r\n<h2 id=\"chinh-sach-bao-hanh-chi-tiet-cua-noi-that-huynh-gia\"><span style=\"line-height:2;\"><span style=\"font-size:16px;\"><strong>CHÍNH SÁCH BẢO HÀNH CHI TIẾT CỦA NỘI THẤT HUỲNH GIA</strong></span></span></h2>\r\n\r\n<p><span style=\"line-height:2;\"><span style=\"font-size:16px;\"><strong>Nội Thất Huỳnh Gia </strong>trân trọng cảm ơn sự tin tưởng và hỗ trợ của quý khách hàng. Chúng tôi cam kết cung cấp những sản phẩm nội thất chất lượng cao kèm theo chế độ bảo hành và dịch vụ hậu mãi tận tâm, nhằm đảm bảo quyền lợi và sự hài lòng tuyệt đối của khách hàng. Chính sách bảo hành chi tiết như sau:</span></span></p>\r\n\r\n<h3 id=\"1-thoi-gian-bao-hanh\"><span style=\"line-height:2;\"><span style=\"font-size:16px;\"><strong>1. Thời Gian Bảo Hành</strong></span></span></h3>\r\n\r\n<ul>\r\n	<li>\r\n	<p><span style=\"line-height:2;\"><span style=\"font-size:16px;\"><strong>Tiêu chuẩn thời gian bảo hành</strong> : Tất cả các sản phẩm<strong>12 tháng</strong> kể từ lúc nhận hàng</span></span></p>\r\n	</li>\r\n	<li>\r\n	<p><span style=\"line-height:2;\"><span style=\"font-size:16px;\">Đối với các sản phẩm cao cấp hoặc các chương trình khuyến mãi đặc biệt, thời gian bảo hành có thể kéo dài đến <strong>24 tháng</strong> (sẽ được ghi rõ</span></span></p>\r\n	</li>\r\n</ul>\r\n\r\n<h3 id=\"2-dieu-kien-ap-dung-bao-hanh\"><span style=\"line-height:2;\"><span style=\"font-size:16px;\"><strong>2. Điều Kiện Áp Dụng Bảo Hành</strong></span></span></h3>\r\n\r\n<p><span style=\"line-height:2;\"><span style=\"font-size:16px;\"><strong>Chúng tôi cam kết bảo hành miễn phí trong các trường hợp sau:</strong></span></span></p>\r\n\r\n<ul>\r\n	<li>\r\n	<p><span style=\"line-height:2;\"><span style=\"font-size:16px;\">Sản phẩm có kỹ thuật bị lỗi do quá trình sản xuất hoặc lắp đặt của <strong>Nội Thất Huỳnh Gia.</strong></span></span></p>\r\n	</li>\r\n	<li>\r\n	<p><span style=\"line-height:2;\"><span style=\"font-size:16px;\">Các vấn đề rắc rối liên quan đến chất lượng nguyên liệu ( sơn, phụ kiện đi đính kèm…).</span></span></p>\r\n	</li>\r\n	<li>\r\n	<p><span style=\"line-height:2;\"><span style=\"font-size:16px;\">Lỗi phát hiện lỗi trong điều kiện sử dụng bình thường.</span></span></p>\r\n	</li>\r\n</ul>\r\n\r\n<h3 id=\"3-cac-truong-hop-khong-thuoc-pham-vi-bao-hanh\"><span style=\"line-height:2;\"><span style=\"font-size:16px;\"><strong>3. Các Trường Hợp Không Thuộc Phạm Vi Bảo Hành</strong></span></span></h3>\r\n\r\n<p><span style=\"line-height:2;\"><span style=\"font-size:16px;\"><strong>Chúng tôi không bảo đảm cho các trường hợp sau:</strong></span></span></p>\r\n\r\n<ul>\r\n	<li>\r\n	<p><span style=\"line-height:2;\"><span style=\"font-size:16px;\">Sản phẩm bị hỏng do sử dụng không theo hướng dẫn hoặc sử dụng sai mục tiêu (ví dụ: dùng ghế để dựng lên, đặt đồ quá tải trên bàn làm việc).</span></span></p>\r\n	</li>\r\n	<li>\r\n	<p><span style=\"line-height:2;\"><span style=\"font-size:16px;\">Hư hư hỏng <strong>tai nạn, thiên tai, hỏa hoạn, động đất, hoặc các yếu tố bất khả kháng</strong> .</span></span></p>\r\n	</li>\r\n	<li>\r\n	<p><span style=\"line-height:2;\"><span style=\"font-size:16px;\">Sản phẩm được thay đổi, sửa chữa bởi bên thứ ba mà không được chấp thuận từ Nội Thất Huỳnh Gia.</span></span></p>\r\n	</li>\r\n	<li>\r\n	<p><span style=\"line-height:2;\"><span style=\"font-size:16px;\">Các lỗi hao mòn tự nhiên (bong tróc lớp sơn, phai màu... )</span></span></p>\r\n	</li>\r\n</ul>\r\n\r\n<h3 id=\"4-quy-trinh-bao-hanh\"><span style=\"line-height:2;\"><span style=\"font-size:16px;\"><strong>4. Quy Trình Bảo Hành</strong></span></span></h3>\r\n\r\n<p><span style=\"line-height:2;\"><span style=\"font-size:16px;\"><b>Để thực hiện:</b></span></span></p>\r\n\r\n<p><span style=\"line-height:2;\"><span style=\"font-size:16px;\"><strong>Bước 4.1: Liên Hệ Yêu Cầu Bảo Hành</strong></span></span></p>\r\n\r\n<ul>\r\n	<li>\r\n	<p><span style=\"line-height:2;\"><span style=\"font-size:16px;\">Quý khách vui lòng liên hệ <strong>hotline</strong>: <strong>0376082129 </strong>để nhân viên ghi nhận thông tin.</span></span></p>\r\n	</li>\r\n	<li><span style=\"line-height:2;\"><span style=\"font-size:16px;\">Cung cấp thông tin bao gồm:</span></span>\r\n	<ul>\r\n		<li><span style=\"line-height:2;\"><span style=\"font-size:16px;\"><strong>Họ và tên, số điện thoại đã đặt hàng.</strong></span></span></li>\r\n		<li><span style=\"line-height:2;\"><span style=\"font-size:16px;\"><strong>Mã đơn hàng, hoá đơn hoặc phiếu bảo hành</strong> .</span></span></li>\r\n		<li><span style=\"line-height:2;\"><span style=\"font-size:16px;\">Mô tả chi tiết lỗi hỏng hoặc vấn đề cần bảo trì (kèm hình ảnh nếu có).</span></span></li>\r\n	</ul>\r\n	</li>\r\n</ul>\r\n\r\n<p><span style=\"line-height:2;\"><span style=\"font-size:16px;\"><strong>Bước 4.2: Xác minh thông tin</strong></span></span></p>\r\n\r\n<ul>\r\n	<li><span style=\"line-height:2;\"><span style=\"font-size:16px;\">Bộ phận bảo hành sẽ tiếp tục nhận được yêu cầu và kiểm tra các thông tin như:</span></span>\r\n\r\n	<ul>\r\n		<li><span style=\"line-height:2;\"><span style=\"font-size:16px;\">Bảo trì có thời hạn vẫn còn hiệu lực.</span></span></li>\r\n		<li><span style=\"line-height:2;\"><span style=\"font-size:16px;\">Sản phẩm trạng thái có đủ điều kiện bảo hành hay không.</span></span></li>\r\n	</ul>\r\n	</li>\r\n	<li><span style=\"line-height:2;\"><span style=\"font-size:16px;\">Sau khi xác minh, đội ngũ hỗ trợ sẽ liên hệ với khách hàng để thông báo kết quả trong vòng <strong>24 - 48 </strong>giờ làm việc.</span></span></li>\r\n</ul>\r\n\r\n<p><span style=\"line-height:2;\"><span style=\"font-size:16px;\"><strong>Bước 4.3: Lên Lịch Bảo Hành</strong></span></span></p>\r\n\r\n<ul>\r\n	<li>\r\n	<p><span style=\"line-height:2;\"><span style=\"font-size:16px;\"><strong>Nếu sản phẩm có đủ điều kiện bảo hành:</strong></span></span></p>\r\n	</li>\r\n	<li>\r\n	<p><span style=\"line-height:2;\"><span style=\"font-size:16px;\"><strong>Sửa chữa tại nhà khách: ( chi phí sẽ báo trước cho khách )</strong></span></span></p>\r\n\r\n	<ul>\r\n		<li>\r\n		<p><span style=\"line-height:2;\"><span style=\"font-size:16px;\">Áp dụng cho các sản phẩm lớn</span></span></p>\r\n		</li>\r\n		<li>\r\n		<p><span style=\"line-height:2;\"><span style=\"font-size:16px;\">Nhân viên kỹ thuật sẽ đến tận nơi để kiểm tra</span></span></p>\r\n		</li>\r\n	</ul>\r\n	</li>\r\n	<li><span style=\"line-height:2;\"><span style=\"font-size:16px;\"><strong>Sửa lỗi tại xưởng:</strong></span></span></li>\r\n	<li>\r\n	<p><span style=\"line-height:2;\"><span style=\"font-size:16px;\">Áp dụng cho các trường hợp sản phẩm bị hỏng, cần thay thế điều kiện hoặc sửa chữa</span></span></p>\r\n	</li>\r\n	<li>\r\n	<p><span style=\"line-height:2;\"><span style=\"font-size:16px;\">Sản phẩm sẽ được thu hồi và chuyển về xưởng của Nội Thất Huỳnh Gia</span></span></p>\r\n	</li>\r\n	<li>\r\n	<p><span style=\"line-height:2;\"><span style=\"font-size:16px;\">Thời gian bảo vệ có thể được thông báo và đồng ý với khách hàng, thông thường</span></span></p>\r\n	</li>\r\n</ul>\r\n\r\n<h3 id=\"buoc-5-ho-tro-sau-bao-hanh\"><span style=\"line-height:2;\"><span style=\"font-size:16px;\"><strong>Bước 5: Hỗ Trợ Sau Bảo Hành</strong></span></span></h3>\r\n\r\n<ul>\r\n	<li>\r\n	<p><span style=\"line-height:2;\"><span style=\"font-size:16px;\">Đối với các trường hợp ngoài phạm vi bảo hành, chúng tôi vẫn cung cấp dịch vụ sửa chữa với chi phí hợp lý và đảm bảo chất lượng.</span></span></p>\r\n	</li>\r\n	<li>\r\n	<p><span style=\"line-height:2;\"><span style=\"font-size:16px;\">Đội ngũ chăm sóc khách hàng sẽ theo dõi và hỗ trợ nếu có bất kỳ vấn đề nào được phát hiện sau bảo trì.</span></span></p>\r\n	</li>\r\n</ul>\r\n', '', 'chinh-sach-bao-hanh_dce9.webp', 'hienthi', '1', '0', 'chinh-sach', '2025-06-24 15:33:19', '2025-08-13 08:47:33'),
('21', '', '', 'GIÁ CẢ HỢP LÝ ', '', 'Đáp ứng đầy đủ các tiện ích đến cho người dùng', '', '', '', 'gia-ca-hop-ly-_07ce.png', 'hienthi', '3', '0', 'tieu-chi', '2025-06-23 00:09:09', '2025-08-01 22:10:41'),
('22', '', '', 'CHÍNH SÁCH ĐỔI TRẢ ', '', 'Sản phẩm đổi trả phải giữ nguyên 100% hình dạng ban đầu và đủ điều kiện bảo hành của hãng\r\n            ', '', '', '', 'chinh-sach-doi-tra-_8730.png', 'hienthi', '2', '0', 'tieu-chi', '2025-06-23 00:09:09', '2025-08-01 22:11:36'),
('23', '', '', 'THANH TOÁN TIỆN LỢI', '', 'Linh hoạt và tiện lợi, tiết kiệm thời gian trong thanh toán\r\n         ', '', '', '', 'thanh-toan-tien-loi_5ce1.png', 'hienthi', '4', '0', 'tieu-chi', '2025-06-23 00:09:09', '2025-08-01 22:09:52'),
('24', '', '', 'Giao hàng nhanh', '', 'sản phẩm chính hãng 100% được nhập từ nước ngoài', '', '', '', 'giao-hang-nhanh_7ab6.png', 'hienthi', '5', '0', 'tieu-chi', '2025-06-23 00:09:09', '2025-08-01 22:08:54'),
('25', '', '', 'Hỗ trợ 24/7', '', 'Khẳng định thương hiệu hàng đầu thế giới', '', '', '', 'ho-tro-24-7_e8a6.png', 'hienthi', '7', '0', 'tieu-chi', '2025-06-23 00:09:09', '2025-08-01 16:27:33'),
('26', '', '', 'Thời gian linh hoạt', '', 'Linh hoạt và tiện lợi, tiết kiệm thời gian trong thanh toán\r\n', '', '', '', 'gia-ca-hop-ly_5afc.png', 'hienthi', '1', '0', 'tieu-chi', '2025-06-26 16:23:53', '2025-08-11 09:25:44'),
('28', '', '', 'Chị Hoàng Trâm', '', 'Mình mua hàng ở đây chắc phải cả chục con máy rồi, Từ giá cả cho tới giao hàng và chất lượng sản phẩm...Ở đây tạo cho mình cảm giác an toàn khi mua sắm online', '', 'Quận Tân Phú', '', '00e5c297c9.png', 'hienthi', '1', '0', 'danh-gia', '2025-06-23 01:01:08', '2025-08-05 13:50:09'),
('29', '', '', 'anh Quốc Việt ', '', 'Đã mua hàng bên này cũng khá lâu rồi, rất hài lòng về sản phẩm cũng như dịch vụ bên này', '', '11A Hồng Hà, Phường 2', '', 'anh-quoc-viet--a302_100x100x1.webp', 'hienthi', '4', '0', 'danh-gia', '2025-06-23 01:01:08', '2025-07-22 10:20:45'),
('30', '', '', 'Hoàng W E B', '', 'Đã mua hàng bên này cũng khá lâu rồi, rất hài lòng về sản phẩm cũng như dịch vụ bên này', '', 'Thới An', '', 'hoang-w-e-b-44d5_100x100x1.webp', 'hienthi', '3', '0', 'danh-gia', '2025-06-23 01:01:08', '2025-07-22 10:20:39'),
('31', '', '', 'Chị Thanh Tuyền', '', 'Tôi rất ấn tượng với cách công ty chăm sóc và lắng nghe khách hàng. Cảm ơn vì trải nghiệm tuyệt vời!', '', 'Gò Kông', '', 'chi-thanh-tuyen-386f_100x100x1.webp', 'hienthi', '2', '0', 'danh-gia', '2025-06-23 01:01:08', '2025-08-05 13:50:07'),
('32', '', '', 'Nguyễn Huy Tuấn', '', 'Tôi đã mua hàng ở đây nhiều lần và luôn cảm thấy rất hài lòng. Chất lượng đáng tin cậy.', '', 'Kiên Giang', '', 'nguyen-huy-tuan-a65d_100x100x1.webp', 'hienthi', '5', '0', 'danh-gia', '2025-06-23 01:01:08', '2025-08-05 13:50:08'),
('40', 'don-vi-thiet-ke-website-chuan-seo-chuyen-nghiep-hieu-qua', '', 'Đơn vị thiết kế website chuẩn SEO, chuyên nghiệp, hiệu quả', '', 'Minh Trí BlueWeb chuyên thiết kế web tại HCM, Bình Dương, Tây Ninh, Long An, Bình Phước và các tỉnh miền tây chuyên nghiệp, số điện thoại 0328 732 834, bảo hành 12 tháng và bảo trì vĩnh viễn', '', '<section class=\".shadow .p-3 .mb-5 bg-body-tertiary rounded overflow-hidden fs-6 lh-lg\">\r\n<h2 class=\"main-title text-danger text-center fw-bold lh-base fs-4\" style=\"filter: drop-shadow(1px 1px black);\">TƯ VẤN THIẾT KẾ <span class=\"text-primary\">WEBSITE CHUẨN SEO</span></h2>\r\n\r\n<div class=\"blockquote alert alert-danger\" role=\"alert\" style=\"border-left:3px solid;font-size: 1rem;\">\r\n<div class=\"row\">\r\n<div class=\"col-sm-2 col-12 d-flex align-items-center justify-content-center\"><img alt=\"Minh Trí Blue Web - 0328 732 834\" src=\"http://chengyuansteel.vn/upload/filemanager/images/ho-tro/don-vi-thiet-ke-website/blueweb.png\" /></div>\r\n\r\n<div class=\"col-sm-10 col-12\">\r\n<p style=\"text-align: justify;\">\"<strong>Quy trình thiết kế web chuẩn SEO</strong> sẽ mang đến cho bạn một website chuyên nghiệp\". Quy trình phát triển website chuẩn được mô phỏng theo mô hình thác nuớc, các giai đọan chủ chốt được chia thành các công đọan nhỏ hơn, cho phép thực hiện việc thiết kế web song song một lúc nhiều công đọan. Quy trình chuẩn có thể được chúng tôi thêm, bớt hoặc thay đổi để phù hợp với nhu cầu của dự án.</p>\r\n</div>\r\n</div>\r\n</div>\r\n\r\n<h3 class=\"border-bottom border-danger text-danger fw-bolder h5\">Câu Châm Ngôn</h3>\r\n\r\n<p>Tại Blue Web, chúng tôi tin rằng một trang web không chỉ đơn thuần là một trang trực tuyến, mà còn là một công cụ mạnh mẽ để kể câu chuyện của doanh nghiệp và tương tác với khách hàng.</p>\r\n\r\n<p>Chúng tôi luôn cam kết mang đến những giải pháp thiết kế web độc đáo và cá nhân hóa nhằm phản ánh tinh thần và giá trị của từng khách hàng. Mang đến giá trị trải nghiệm thật sự hiệu quả từ nền tảng website doanh nghiệp</p>\r\n\r\n<h3 class=\"border-bottom border-danger text-danger fw-bolder h5\">Lĩnh Vực Chuyên Môn</h3>\r\n\r\n<p>Với đội ngũ chuyên gia thiết kế và phát triển web tài năng, chúng tôi tự hào về khả năng sáng tạo và kỹ năng kỹ thuật của mình. Chúng tôi đã thành công trong việc làm việc với một loạt các ngành công nghiệp từ các doanh nghiệp khởi nghiệp đến các đơn vị Group quy mô. Chúng tôi kết hợp cùng đối tác khách hàng thiết kế xây dựng các trang Website chuyên nghiệp Hiệu quả, Mang đến trải nghiệm sử dũng tốt nhất và giá trị đích thật cho đơn vị chủ sở hữu.</p>\r\n\r\n<h3 class=\"border-bottom border-danger text-danger fw-bolder h5\">Tiêu Chuẩn Chất Lượng</h3>\r\n\r\n<p>Tại BlueWeb Design, chất lượng là ưu tiên hàng đầu trong mọi dự án chúng tôi thực hiện. Chúng tôi không chỉ đánh giá thành công của mình dựa trên việc hoàn thành dự án một cách đúng hẹn, mà còn dựa trên việc tạo ra những trang web mà cả khách hàng và người dùng đều hài lòng. Bằng cách kết hợp thiết kế đẹp mắt với trải nghiệm người dùng xuất sắc, chúng tôi cam kết mang lại giải pháp web tối ưu và độc đáo, từ khâu thiết kế đến triển khai và quản lý.</p>\r\n\r\n<h3 class=\"border-bottom border-danger text-danger fw-bolder h5\">Cam Kết Đối với Khách Hàng</h3>\r\n\r\n<p>Chúng tôi tôn trọng mỗi dự án và xem mối quan hệ với khách hàng là một phần không thể thiếu của sự thành công của chúng tôi. Tận dụng sự tận tâm và kinh nghiệm của chúng tôi, chúng tôi cam kết cung cấp dịch vụ chất lượng cao và đáp ứng mọi yêu cầu đặc biệt của khách hàng để đảm bảo sự hài lòng tối đa.</p>\r\n\r\n<h3 class=\"border-bottom border-danger text-danger fw-bolder h5\">Sứ Mệnh và Tầm Nhìn Của Blueweb</h3>\r\n\r\n<p>Sứ mệnh của blueweb.com.vn là mang đến cho khách hàng những giải pháp công nghệ website tốt nhất, giúp họ tối ưu hóa hoạt động kinh doanh, nâng cao hiệu quả, và đạt được mục tiêu đề ra. Blueweb.com.vn tin rằng, với sự nỗ lực và tâm huyết của mình, công ty sẽ góp phần đưa doanh nghiệp Việt Nam vươn tầm thế giới bằng cách cung cấp những giải pháp công nghệ Website tiên tiến và thật sự hiệu quả.</p>\r\n\r\n<p>Chúng tôi mong muốn kết nối và trở thành đối tác tin cậy của khách hàng trong lĩnh vực công nghệ Website kinh doanh, góp phần thúc đẩy sự phát triển của doanh nghiệp Việt Nam.</p>\r\n\r\n<h2 class=\"main-title text-danger text-center fw-bold lh-base fs-4\" style=\"filter: drop-shadow(1px 1px black);\">CÁC BƯỚC <span class=\"text-primary\">THỰC HIỆN</span></h2>\r\n\r\n<h3 class=\"border-bottom border-danger text-danger fw-bolder h5\">Lấy thông tin yêu cầu và nghiên cứu tính khả thi</h3>\r\n\r\n<p>Sau khi thiết lập cuộc hẹn thành công thì sẽ gặp trao đổi trực tiếp để lấy rõ nhu cầu khách hàng. Nghiên cứu ngành nghề và phân tích rõ về các đối thủ cạnh tranh để lên chiến lược marketing cho phù hợp.</p>\r\n\r\n<h3 class=\"border-bottom border-danger text-danger fw-bolder h5\">Phân tích yêu cầu và lên kế hoạch thiết kế website</h3>\r\n\r\n<p>Sau khi đã thực hiện các yêu cầu cho việc thiết kế website được thu thập đầy đủ, chúng tôi sẽ lên kế hoạch định hướng phát triển về hình thức website. Lập ra kế hoạch chi tiết về phương pháp làm việc cũng như kế hoạch trao đổi thông tin với người trực tiếp thực hiện.</p>\r\n\r\n<h3 class=\"border-bottom border-danger text-danger fw-bolder h5\">Thiết kế giao diện</h3>\r\n\r\n<p>Giai đoạn thiết kế giao diện cho website là một quá trình sáng tạo nhằm chuyển đổi hình ảnh doanh nghiệp của bạn thành một website chất lượng, giúp quảng bá doanh nghiệp của bạn thông qua website theo cách chuyên nghiệp nhất.</p>\r\n\r\n<p>Thiết kế giao diện theo yêu cầu của từng khách hàng và từng doanh nghiệp, khi đã có ý tưởng từ khách hàng, thì chúng tôi sẽ bắt đầu tiến hành việc thiết kế giao diện. Khi đã hoàn tất về giao diện thì chúng tôi sẽ gặp bạn để trao đổi về giao diện đó. Khi bạn đã cảm thấy ok về giao diện thì chúng tôi sẽ tiến hành qua bước lập trình web, hoặc trong trường hợp bạn chưa ok về giao diện đó thì chúng tôi sẽ tiến hành chỉnh lại cho bạn.</p>\r\n\r\n<h3 class=\"border-bottom border-danger text-danger fw-bolder h5\">Xây dựng cơ sở dữ liệu và Lập trình web</h3>\r\n\r\n<p>Giai đoạn lập trình web bao gồm việc chuyển đổi giao diện sang dạng website hoạt động. Nhân viên lập trình sẽ làm việc trực tiếp với nhân viên thiết kế giao diện để bảo đảm website thực sự sẽ phản ánh chính xác giao diện cuối cùng. Một khi khung sườn cơ bản của trang web được thiết lập, bộ phận lập trình sẽ bắt đầu hợp nhất bộ “Quản trị nội dung website CMS” với những chức năng được lựa chọn cho trang web. Song song với giai đoạn lập trình web, chúng tôi sẽ đăng ký tên miền và cấu hình các tài khoản email của bạn.</p>\r\n\r\n<h3 class=\"border-bottom border-danger text-danger fw-bolder h5\">Kiểm tra chất lượng, nghiệm thu và bàn giao</h3>\r\n\r\n<p>Trước khi upload website của bạn lên mạng để nghiệm thu, các nhân viên phát triển web sẽ thực hiện các cuộc kiểm tra chất lượng cho website của bạn với các tiêu chuẩn khắt khe nhằm đảm bảo các tính năng của trang web vận hành hoàn hảo. Sau đó website sẽ được đưa lên môi trường mạng để thực hiện nghiệm thu.</p>\r\n\r\n<p>Một khi bạn hoàn toàn hài lòng với website của mình, chúng tôi sẽ tiến hành chuyển giao sản phẩm cùng các tài liệu liên quan. Website sau khi hoàn thành sẽ đi kèm với một chế độ bảo hành tối thiểu 12 tháng. Đặc biệt, đối với những website được lưu trữ trên server của <strong>Blue Web</strong> sẽ được bảo hành mãi mãi (chế độ bảo hành sẽ chấm dứt khi bạn không còn sử dụng website hoặc chuyển website về một máy chủ (server) khác không do Blue Web cung cấp).</p>\r\n\r\n<p>Với một quy trình phát triển và thiết kế web chuẩn , mỗi mẫu thiết kế của Blue Web là sự kết hợp hiệu quả giữa chức năng thương mại, kiểu dáng và sáng tạo nghệ thuật.</p>\r\n\r\n<p>Chúng tôi luôn nỗ lực không ngừng để giảm thiểu chi phí xây dựng mà không làm ảnh hưởng đến tính hiệu quả về tính năng và giao diện trang web.</p>\r\n\r\n<p>Mục tiêu của chúng tôi là phát triển và xây dựng những website chuyên nghiệp, phục vụ hiệu quả mục đích của doanh nghiệp. nâng cao uy tín trên thị trường và kinh doanh ngày càng phát triển hơn với thời đại thương mại điện tử.</p>\r\n\r\n<h2 class=\"main-title text-danger text-center fw-bold lh-base fs-4\" style=\"filter: drop-shadow(1px 1px black);\">CÁC QUY TRÌNH <span class=\"text-primary\">QUẢNG BÁ WEBSITE</span></h2>\r\n\r\n<p>Quảng bá website còn gọi là dịch vụ seo web, seo website với mục đích thu hút khách truy cập và nâng thứ hạng trên google.</p>\r\n\r\n<p>\"<strong>Thiết kế website</strong> đạt tiêu chuẩn là đã tạo một hạt giống tốt, làm cho hạt giống nẩy mầm, đâm chồi và phát triển là cả một quá trình dài\". Hãy để Blue Web.Vn khẳng định thương hiệu của Quý Khách trên mạng toàn cầu. <strong>Dịch vụ Quảng bá web - Dịch vụ SEO</strong> (Search engine optimization – SEO): Xây dựng thương hiệu công ty của Quý Khách trên mạng toàn cầu.</p>\r\n\r\n<div style=\"text-align:center\">\r\n<figure class=\"image\" style=\"display:inline-block\"><img alt=\"\" src=\"http://chengyuansteel.vn/upload/filemanager/images/ho-tro/don-vi-thiet-ke-website/seo.png\" width=\"800\" />\r\n<figcaption>Các Quy Trình Quảng Bá Website</figcaption>\r\n</figure>\r\n</div>\r\n\r\n<h3 class=\"border-bottom border-danger text-danger fw-bolder h5\">Quá trình 1</h3>\r\n\r\n<ul>\r\n	<li><strong>Quảng bá web - SEO</strong> ( Search Engine Optimization): (Tối ưu hóa website dành cho máy tìm kiếm)</li>\r\n	<li>Liên kết URL thân thiện máy tìm kiếm.</li>\r\n	<li>Tối ưu hóa kích thước trang Web.</li>\r\n	<li>Cải thiện tốc độ tải trang.</li>\r\n	<li>Khách hàng của <strong>thiết kế web</strong> của Blue Web đã được trang bị đầy đủ quá trình 1.</li>\r\n</ul>\r\n\r\n<h3 class=\"border-bottom border-danger text-danger fw-bolder h5\">Quá trình 2</h3>\r\n\r\n<ul>\r\n	<li>SEM - Search Engine Marketing: (Quảng bá web rộng rãi tới máy tìm kiếm)</li>\r\n	<li>Tư vấn, chọn lọc những từ khóa hiệu quả nhất liên quan đến lĩnh vực kinh doanh.</li>\r\n	<li>Đăng ký website vào các máy tìm kiếm như Google, Yahoo, MSN, Bing...</li>\r\n	<li>Đăng banner quảng cáo trên các web có nhiều người truy cập để thu hút traffic</li>\r\n	<li>Luôn thay đổi mới nội dung Website</li>\r\n	<li>Đăng ký website vào các danh bạ website, trang vàng.</li>\r\n	<li>Xây dựng liên kết rộng rãi tới website.</li>\r\n	<li>Tư vấn Quý Khách phát triển, đầu tư mạnh mẽ vào nội dung website</li>\r\n	<li>Chúng tôi phát triển công nghệ Quảng bá web riêng đảm bảo tăng thứ hạng và hiệu quả lên đến 99%.</li>\r\n	<li>\"<strong>Thiết kế website</strong> đạt tiêu chuẩn là đã tạo một hạt giống tốt, làm cho hạt giống nẩy mầm, đâm chồi và phát triển là cả một quá trình dài\".</li>\r\n</ul>\r\n\r\n<h2 class=\"main-title text-danger text-center fw-bold lh-base fs-4\" style=\"filter: drop-shadow(1px 1px black);\">ƯU ĐIỂM NỔI BẬT CỦA <span class=\"text-primary\">MINH TRÍ BLUEWEB</span></h2>\r\n\r\n<h3 class=\"border-bottom border-danger text-danger fw-bolder h5\">Chi phí hợp lý</h3>\r\n\r\n<p class=\"card-text\"><strong>Minh Trí BlueWeb</strong> cung cấp dịch vụ thiết kế website chất lượng, theo yêu cầu với chi phí hợp lý, phù hợp với nhu cầu và ngân sách của từng doanh nghiệp. Luôn không ngừng sáng tạo để tạo ra những mẫu website phù hợp với từng ngành nghề và thương hiệu.</p>\r\n\r\n<h3 class=\"border-bottom border-danger text-danger fw-bolder h5\">Tiến độ chặt chẽ</h3>\r\n\r\n<p>Với kinh nghiệm triển khai hàng nhiều dự án ở đa dạng quy mô, mức độ phức tạp, Công ty Blue Web có hệ thống quản lý chặt chẽ dự án thiết kế website của doanh nghiệp đảm bảo triển khai đúng tiến độ. Thiết kế với giao diện trực quan, dễ sử dụng, giúp khách hàng dễ dàng tìm kiếm thông tin.</p>\r\n\r\n<h3 class=\"border-bottom border-danger text-danger fw-bolder h5\">Tương tác liên tục, kịp thời</h3>\r\n\r\n<p>Đội ngũ thiết kế, kỹ thuật của công ty Blue Web đều là những chuyên gia giàu kinh nghiệm, chúng tôi thường xuyên trao đổi, tương tác trong quá trình thực hiện với doanh nghiệp để tiếp nhận phản hồi, hiệu chỉnh thiết kế đảm bảo mục tiêu đề ra</p>\r\n\r\n<h3 class=\"border-bottom border-danger text-danger fw-bolder h5\">Chất lượng vượt trội</h3>\r\n\r\n<p><strong>Minh Trí Blue Web</strong> cung cấp dịch vụ thiết kế website cho doanh nghiệp với chất lượng vượt trội, liên tục cập nhật các công nghệ mới trên thiết kế, nhằm mang đến những giao diện, trải nghiệm tuyệt vời cho khách hàng.</p>\r\n\r\n<p>Tối ưu hóa công cụ tìm kiếm (SEO): Để tăng thứ hạng trên các công cụ tìm kiếm như Google, giúp bạn tiếp cận khách hàng hiệu quả.</p>\r\n\r\n<p>Tốc độ tải trang nhanh: Công nghệ hiện đại để đảm bảo website của bạn tải nhanh, mang lại trải nghiệm tốt cho người dùng.</p>\r\n\r\n<h3 class=\"border-bottom border-danger text-danger fw-bolder h5\">Hỗ trợ vận hành</h3>\r\n\r\n<p>Cung cấp hỗ trợ và bảo trì liên tục để đảm bảo trang web luôn được cập nhật và hoạt động hiệu quả từ việc backup dữ liệu, sửa lỗi hay nâng cấp tính năng, tích hợp các dịch vụ bên ngoài.</p>\r\n\r\n<h2 class=\"main-title text-danger text-center fw-bold lh-base fs-4\" style=\"filter: drop-shadow(1px 1px black);\">PHẠM VI HỖ TRỢ CỦA <span class=\"text-primary\">MINH TRÍ BLUEWEB</span></h2>\r\n\r\n<p><span style=\"color:#27ae60;\"><em><strong>Minh Trí BlueWeb chuyên thiết kế web tại Thành phố Hồ Chí Minh, Bình Dương, Tây Ninh, Long An, Bình Phước và các tỉnh miền tây.</strong></em></span></p>\r\n\r\n<p>Bên cạnh đó, <strong>Minh Trí BlueWeb</strong> còn hỗ trợ online cho những khách hàng ở khu vực Miền Bắc, Miền Trung. Có hợp đồng điện tử đầy đủ.</p>\r\n\r\n<p>( <strong>Liên Hệ: <a href=\"https://zalo.me/0328732834\">Minh Trí Blue Web - 0328 732 834</a></strong> ).  Để được hỗ trợ tư vấn chuyên sâu về thiết kế website và SEO lên thứ hạng tốt trên Google.</p>\r\n</section>\r\n\r\n<section .data-aos=\"zoom-out\" .data-aos-duration=\"1000\" class=\"d-none d-sm-block\" style=\"text-align: center; margin-top: 20px; margin-bottom: 20px; border: 2px dashed rgb(255, 108, 0); background-color: rgb(255, 255, 255); padding: 20px 0px; width: 100%;\"><a href=\"https://zalo.me/0328732834\" style=\"font-size:18px;text-decoration:none;font-weight:600;color:#4267b2\">Minh Trí Website</a>\r\n\r\n<p style=\"font-size:26px;color:red;margin:10px 0;font-weight:900!important;text-shadow:2px 2px 0 rgba(255,255,255,1),5px 4px 0 rgba(0,0,0,.15)\">UY TÍN - CHẤT LƯỢNG - GIÁ CẢ HỢP LÝ</p>\r\n\r\n<p style=\"font-size:20px;color:#ff6c00;font-weight:bolder;letter-spacing:1px;margin:6px 0\">THIẾT KẾ WEBSITE BẢN QUYỀN - NHẬN DIỆN THƯƠNG HIỆU</p>\r\n\r\n<p style=\"font-size:20px;font-weight:600;letter-spacing:1px;margin:6px 0\">Hotline tư vấn</p>\r\n\r\n<p class=\"animate__animated animate__infinite animate__rubberBand\"><a href=\"https://zalo.me/0328732834\" style=\"text-shadow:2px 1px 0 #fff,1px 2px 0 #fff,1px -1px 0 #fff,-1px 1px 0 #fff,4px 4px 4px grey;font-size:26px;color:red;font-weight:700;text-decoration:none;letter-spacing:2px\">0328 732 834</a></p>\r\n\r\n<p class=\"btn btn-danger\" style=\"font-size:18px;margin:5px 0;font-weight:700;letter-spacing:1px\">WEB - HOSTING - MAIL SEVER</p>\r\n</section>\r\n', '', 'don-vi-thiet-ke-website-chuan-seo-chuyen-nghiep-hieu-qua_34cf.webp', 'noibat,hienthi', '1', '2', 'tin-tuc', '2025-07-24 16:46:42', '2025-08-20 16:29:45'),
('41', 'top-10-bo-hoa-tuoi-dep-nhat-danh-tang-nguoi-yeu', '', 'Top 10 bó hoa tươi đẹp nhất dành tặng người yêu', '', 'Hoa tươi từ lâu đã được xem là biểu tượng của tình yêu, sự lãng mạn và những cảm xúc chân thành. Một bó hoa tươi thắm không chỉ là món quà vật chất, mà còn là lời bày tỏ tình cảm sâu sắc, là cầu nối gắn kết trái tim những người yêu nhau. Trong thế giới hiện đại, khi cuộc sống trở nên vội vã, một bó hoa tươi càng trở nên ý nghĩa, mang đến niềm vui và sự tươi mới cho mối quan hệ.', '', '<article>\r\n<h2><span style=\"color:#e74c3c;\"><span style=\"font-size:20px;\"><strong>GIỚI THIỆU VỀ NGÀY TỐT NGHIỆP VÀ TẦM QUAN TRỌNG CỦA HOA</strong></span></span></h2>\r\n\r\n<h3><span style=\"color:#16a085;\"><strong><span style=\"font-size:18px;\">Ngày tốt nghiệp là gì? Ý nghĩa của ngày tốt nghiệp</span></strong></span></h3>\r\n\r\n<p><span style=\"line-height:2;\"><span style=\"font-size:16px;\">Ngày tốt nghiệp là một cột mốc quan trọng trong cuộc đời mỗi người, đánh dấu sự kết thúc của một hành trình học tập và mở ra một chương mới đầy hứa hẹn. Đây là dịp để nhìn lại những nỗ lực, cố gắng đã bỏ ra, đồng thời bày tỏ lòng biết ơn đến gia đình, thầy cô và bạn bè, những người đã luôn sát cánh, động viên và giúp đỡ trên con đường chinh phục tri thức. Ý nghĩa của ngày tốt nghiệp không chỉ dừng lại ở việc nhận tấm bằng, mà còn là sự khẳng định bản thân, sự trưởng thành và sẵn sàng đối mặt với những thử thách mới.</span></span></p>\r\n\r\n<p style=\"text-align:center\"><img alt=\"SHOP HOA TƯƠI NGUYỄN MINH\" src=\"https://shophoatuoicanduoc.com/upload/filemanager/images/hoa-bo/hoa-bo-13331.jpg\" width=\"600\" /></p>\r\n\r\n<h3><span style=\"color:#16a085;\"><strong><span style=\"font-size:18px;\">Tại sao hoa lại là món quà phổ biến trong ngày tốt nghiệp?</span></strong></span></h3>\r\n\r\n<p><span style=\"line-height:2;\"><span style=\"font-size:16px;\">Hoa tươi từ lâu đã trở thành một món quà truyền thống và ý nghĩa trong ngày tốt nghiệp. Mỗi loài hoa mang một thông điệp riêng, thể hiện những cảm xúc khác nhau. Ví dụ, hoa hướng dương tượng trưng cho sự thành công và tương lai tươi sáng, hoa hồng thể hiện sự trân trọng và lời chúc tốt đẹp, hoa cẩm tú cầu bày tỏ lòng biết ơn và sự cảm kích. Bên cạnh đó, một bó hoa tươi thắm còn mang đến niềm vui, sự phấn khởi và làm cho ngày tốt nghiệp thêm phần đáng nhớ.</span></span></p>\r\n\r\n<h3><span style=\"color:#16a085;\"><strong><span style=\"font-size:18px;\">Giới thiệu về Shop Hoa Tươi Nguyễn Minh Và Các Dịch Vụ Cung Cấp</span></strong></span></h3>\r\n\r\n<p><span style=\"line-height:2;\"><span style=\"font-size:16px;\"><strong>SHOP HOA TƯƠI NGUYỄN MINH </strong>tự hào là đơn vị cung cấp hoa tươi uy tín và chất lượng tại [Địa điểm]. Chúng tôi chuyên cung cấp các loại hoa tươi đa dạng, phù hợp với mọi dịp đặc biệt, đặc biệt là hoa tốt nghiệp. Ngoài ra, <strong>SHOP HOA TƯƠI NGUYỄN MINH</strong> còn cung cấp các dịch vụ thiết kế hoa theo yêu cầu, giao hoa tận nơi, điện hoa online, giúp bạn dễ dàng trao gửi những tình cảm chân thành đến người thân yêu.</span></span></p>\r\n\r\n<h2><span style=\"color:#e74c3c;\"><span style=\"font-size:20px;\"><strong>TỔNG HỢP NHỮNG BÓ HOA ĐẸP TRONG NGÀY TỐT NGHIỆP ĐÁNG NHỚ</strong></span></span></h2>\r\n\r\n<h3><span style=\"color:#16a085;\"><strong><span style=\"font-size:18px;\">Hoa hướng dương – Biểu tượng của sự thành công và tương lai tươi sáng</span></strong></span></h3>\r\n\r\n<p><span style=\"line-height:2;\"><span style=\"font-size:16px;\">Hoa hướng dương luôn là lựa chọn hàng đầu trong ngày tốt nghiệp bởi vẻ đẹp rực rỡ và ý nghĩa biểu tượng sâu sắc. Bó hoa hướng dương thể hiện lời chúc thành công, may mắn và một tương lai tươi sáng đang chờ đón phía trước.</span></span></p>\r\n\r\n<p style=\"text-align:center\"><img alt=\"SHOP HOA TƯƠI NGUYỄN MINH\" src=\"https://shophoatuoicanduoc.com/upload/filemanager/images/hoa-bo/hoa-bo-13368.jpg\" width=\"600\" /></p>\r\n\r\n<h3><span style=\"color:#16a085;\"><strong><span style=\"font-size:18px;\">Hoa hồng – Sự trân trọng và lời chúc tốt đẹp</span></strong></span></h3>\r\n\r\n<p><span style=\"line-height:2;\"><span style=\"font-size:16px;\">Hoa hồng, đặc biệt là hoa hồng vàng hoặc cam, là một lựa chọn tinh tế để thể hiện sự trân trọng, ngưỡng mộ và lời chúc tốt đẹp đến người nhận. Bó hoa hồng thể hiện sự quan tâm, yêu thương và niềm tự hào về những thành quả mà người tốt nghiệp đã đạt được.</span></span></p>\r\n\r\n<h3><span style=\"color:#16a085;\"><strong><span style=\"font-size:18px;\">Hoa cẩm tú cầu – Sự biết ơn và lời cảm ơn chân thành</span></strong></span></h3>\r\n\r\n<p><span style=\"line-height:2;\"><span style=\"font-size:16px;\">Hoa cẩm tú cầu với vẻ đẹp dịu dàng và thanh lịch là món quà ý nghĩa để bày tỏ lòng biết ơn đến những người đã luôn đồng hành và giúp đỡ trong suốt quá trình học tập. Bó hoa cẩm tú cầu thể hiện sự trân trọng, biết ơn và lời cảm ơn chân thành đến gia đình, thầy cô và bạn bè.</span></span></p>\r\n\r\n<h3><span style=\"color:#16a085;\"><strong><span style=\"font-size:18px;\">Hoa baby – Sự tinh khôi, trong sáng và lời chúc may mắn</span></strong></span></h3>\r\n\r\n<p><span style=\"line-height:2;\"><span style=\"font-size:16px;\">Hoa baby với vẻ đẹp nhỏ nhắn, tinh khôi tượng trưng cho sự khởi đầu mới, sự trong sáng và lời chúc may mắn. Bó hoa baby là món quà ý nghĩa để dành tặng cho những người tốt nghiệp trẻ tuổi, mang đến niềm hy vọng và sự lạc quan vào tương lai.</span></span></p>\r\n\r\n<h3><span style=\"color:#16a085;\"><strong><span style=\"font-size:18px;\">Hoa đồng tiền – Sự giàu có, thịnh vượng và lời chúc thành công</span></strong></span></h3>\r\n\r\n<p><span style=\"line-height:2;\"><span style=\"font-size:16px;\">Hoa đồng tiền mang ý nghĩa về sự giàu có, thịnh vượng và thành công. Bó hoa đồng tiền là món quà ý nghĩa để chúc mừng người tốt nghiệp đạt được những thành công lớn trong sự nghiệp và cuộc sống.</span></span></p>\r\n\r\n<h3><span style=\"color:#16a085;\"><strong><span style=\"font-size:18px;\">Các loại hoa kết hợp độc đáo khác từ Shop Hoa Tươi Nguyễn Minh</span></strong></span></h3>\r\n\r\n<p><span style=\"line-height:2;\"><span style=\"font-size:16px;\">Ngoài những loại hoa phổ biến trên, <strong>SHOP HOA TƯƠI NGUYỄN MINH</strong> còn cung cấp các bó hoa kết hợp độc đáo, sử dụng nhiều loại hoa khác nhau để tạo nên những tác phẩm nghệ thuật đầy sáng tạo và ý nghĩa. Chúng tôi sẽ tư vấn và thiết kế bó hoa phù hợp nhất với sở thích và cá tính của người nhận.</span></span></p>\r\n\r\n<p style=\"text-align:center\"><img alt=\"SHOP HOA TƯƠI NGUYỄN MINH\" src=\"https://shophoatuoicanduoc.com/upload/filemanager/images/hoa-bo/hoa-bo-56083.jpg\" width=\"600\" /></p>\r\n\r\n<h2><span style=\"color:#e74c3c;\"><span style=\"font-size:20px;\"><strong>CÁCH CHỌN BÓ HOA TỐT NGHIỆP PHÙ HỢP</strong></span></span></h2>\r\n\r\n<h3><span style=\"color:#16a085;\"><strong><span style=\"font-size:18px;\">Chọn hoa theo sở thích của người nhận</span></strong></span></h3>\r\n\r\n<p><span style=\"line-height:2;\"><span style=\"font-size:16px;\">Yếu tố quan trọng nhất khi chọn hoa tốt nghiệp là sở thích của người nhận. Hãy tìm hiểu xem người nhận thích loại hoa gì, màu sắc nào, phong cách cắm hoa nào để chọn được bó hoa ưng ý nhất.</span></span></p>\r\n\r\n<h3><span style=\"color:#16a085;\"><strong><span style=\"font-size:18px;\">Chọn hoa theo màu sắc phù hợp với trang phục tốt nghiệp</span></strong></span></h3>\r\n\r\n<p><span style=\"line-height:2;\"><span style=\"font-size:16px;\">Màu sắc của hoa cũng là một yếu tố cần cân nhắc. Hãy chọn những màu sắc hài hòa với trang phục tốt nghiệp để tạo nên sự đồng điệu và nổi bật.</span></span></p>\r\n\r\n<h3><span style=\"color:#16a085;\"><strong><span style=\"font-size:18px;\">Chọn hoa theo ngân sách của bạn</span></strong></span></h3>\r\n\r\n<p><span style=\"line-height:2;\"><span style=\"font-size:16px;\">Giá cả của hoa tươi rất đa dạng. Hãy xác định ngân sách của bạn trước khi chọn hoa để đảm bảo rằng bạn có thể mua được bó hoa ưng ý mà không vượt quá khả năng tài chính.</span></span></p>\r\n\r\n<h3><span style=\"color:#16a085;\"><strong><span style=\"font-size:18px;\">Tham khảo ý kiến của nhân viên tư vấn tại Shop Hoa Tươi Nguyễn Minh</span></strong></span></h3>\r\n\r\n<p><span style=\"line-height:2;\"><span style=\"font-size:16px;\">Nếu bạn còn phân vân, đừng ngần ngại liên hệ với <strong>SHOP HOA TƯƠI NGUYỄN MINH</strong> để được tư vấn và hỗ trợ. Đội ngũ nhân viên giàu kinh nghiệm của chúng tôi sẽ giúp bạn chọn được bó hoa tốt nghiệp phù hợp nhất.</span></span></p>\r\n\r\n<p style=\"text-align:center\"><img alt=\"SHOP HOA TƯƠI NGUYỄN MINH\" src=\"https://shophoatuoicanduoc.com/upload/filemanager/images/hoa-bo/hoa-bo-83620.jpg\" width=\"600\" /></p>\r\n\r\n<h2><span style=\"color:#e74c3c;\"><span style=\"font-size:20px;\"><strong>LƯU Ý KHI TẶNG HOA TỐT NGHIỆP</strong></span></span></h2>\r\n\r\n<h3><span style=\"color:#16a085;\"><strong><span style=\"font-size:18px;\">Thời điểm tặng hoa tốt nghiệp</span></strong></span></h3>\r\n\r\n<p><span style=\"line-height:2;\"><span style=\"font-size:16px;\">Thời điểm tặng hoa tốt nghiệp lý tưởng nhất là sau khi người nhận hoàn thành buổi lễ tốt nghiệp và chụp ảnh lưu niệm cùng gia đình, bạn bè.</span></span></p>\r\n\r\n<h3><span style=\"color:#16a085;\"><strong><span style=\"font-size:18px;\">Lời chúc ý nghĩa đi kèm với bó hoa</span></strong></span></h3>\r\n\r\n<p><span style=\"line-height:2;\"><span style=\"font-size:16px;\">Một bó hoa đẹp sẽ thêm phần ý nghĩa khi đi kèm với một lời chúc chân thành và ý nghĩa. Hãy viết những lời chúc tốt đẹp nhất để gửi đến người tốt nghiệp.</span></span></p>\r\n\r\n<h3><span style=\"color:#16a085;\"><strong><span style=\"font-size:18px;\">Cách bảo quản hoa tươi lâu hơn sau khi nhận</span></strong></span></h3>\r\n\r\n<p><span style=\"line-height:2;\"><span style=\"font-size:16px;\">Để hoa tươi lâu hơn sau khi nhận, hãy cắt vát gốc hoa, loại bỏ những lá bị dập nát và cắm hoa vào bình nước sạch. Thay nước thường xuyên và đặt hoa ở nơi thoáng mát, tránh ánh nắng trực tiếp.</span></span></p>\r\n\r\n<h2><span style=\"color:#e74c3c;\"><span style=\"font-size:20px;\"><strong>SHOP HOA TƯƠI NGUYỄN MINH – ĐỊA CHỈ UY TÍN CUNG CẤP HOA TỐT NGHIỆP CHẤT LƯỢNG</strong></span></span></h2>\r\n\r\n<h3><span style=\"color:#16a085;\"><strong><span style=\"font-size:18px;\">Ưu điểm khi chọn mua hoa tại Shop Hoa Tươi Nguyễn Minh</span></strong></span></h3>\r\n\r\n<p><span style=\"line-height:2;\"><span style=\"font-size:16px;\"><strong>SHOP HOA TƯƠI NGUYỄN MINH</strong> cam kết mang đến cho khách hàng những bó hoa tươi đẹp, chất lượng và độc đáo nhất. Chúng tôi có đội ngũ thợ cắm hoa lành nghề, sáng tạo và luôn cập nhật những xu hướng mới nhất.</span></span></p>\r\n\r\n<h3><span style=\"color:#16a085;\"><strong><span style=\"font-size:18px;\">Cam kết về chất lượng hoa và dịch vụ</span></strong></span></h3>\r\n\r\n<p><span style=\"line-height:2;\"><span style=\"font-size:16px;\">Chúng tôi cam kết sử dụng hoa tươi được nhập từ những nhà vườn uy tín, đảm bảo độ tươi mới và độ bền của hoa. Chúng tôi cũng cam kết cung cấp dịch vụ tận tâm, chu đáo và chuyên nghiệp nhất.</span></span></p>\r\n\r\n<h3><span style=\"color:#16a085;\"><strong><span style=\"font-size:18px;\">Chính sách ưu đãi và khuyến mãi hấp dẫn</span></strong></span></h3>\r\n\r\n<p><span style=\"line-height:2;\"><span style=\"font-size:16px;\"><strong>SHOP HOA TƯƠI NGUYỄN MINH </strong>thường xuyên có những chương trình ưu đãi và khuyến mãi hấp dẫn dành cho khách hàng, đặc biệt là trong dịp tốt nghiệp. Hãy liên hệ với chúng tôi để biết thêm chi tiết.</span></span></p>\r\n</article>\r\n\r\n<section class=\"shadow rounded\" style=\"background-color: #f5f5f5; padding: 16px 20px; border-left: 2px solid transparent; border-image: linear-gradient(to bottom, #00ff00, #ff0000, #0000ff) 1; font-family: sans-serif;font-size:1rem;line-height: 2;\">\r\n<p style=\"margin: 0;\"><span style=\"color:#c0392b;\"><strong>SHOP HOA TƯƠI NGUYỄN MINH</strong></span></p>\r\n\r\n<p style=\"margin: 0;\"><span><strong>Địa chỉ:</strong> Ấp 4, xã Long Hòa, Cần Đước, Long An</span></p>\r\n\r\n<p style=\"margin: 0;\"><span><strong>Mở cửa:</strong> 7h30 – 20h</span></p>\r\n\r\n<p style=\"margin: 0;\"><span><strong>Hotline:</strong> 0798 212 333 - 0799 090 978</span></p>\r\n\r\n<p style=\"margin: 0;\"><span><strong>Zalo:</strong> 0799 090 978 - A.Minh</span></p>\r\n\r\n<p style=\"margin: 0;\"><span><strong>Email:</strong> phamminh220217@gmail.com</span></p>\r\n\r\n<p style=\"margin: 0;\"><span><strong>Website:</strong> </span><a href=\"https://shophoatuoicanduoc.com\" target=\"_blank\"><span>www.shophoatuoicanduoc.com</span></a></p>\r\n</section>\r\n', '', 'top-10-bo-hoa-tuoi-dep-nhat-danh-tang-nguoi-yeu_6684.webp', 'hienthi,noibat', '1', '9', 'tin-tuc', '2025-07-24 16:50:26', '2025-08-20 16:50:00'),
('42', 'khai-truong-cong-ty-cheng-yuan-binh-duong', '', 'KHAI TRƯƠNG CÔNG TY CHENG YUAN Bình Dương', '', 'KHAI TRƯƠNG CÔNG TY CHENG YUAN không chỉ là một sự kiện đơn thuần mà còn là một bước ngoặt quan trọng trong ngành xây dựng tại Việt Nam, đặc biệt tại Bình Dương. Sự kiện này được tổ chức với mục tiêu giới thiệu đến khách hàng và đối tác các sản phẩm và dịch vụ kết cấu thép chất lượng cao mà công ty cung cấp.', '', '<p><span style=\"line-height:1.5;\"><span style=\"color:#16a085;\"><strong><span style=\"font-size:16px;\">KHAI TRƯƠNG CÔNG TY CHENG YUAN: Sự Kiện Đánh Dấu Bước Ngoặt Trong Ngành Xây Dựng</span></strong></span></span></p>\r\n\r\n<p style=\"text-align:center\">\r\n<video autoplay=\"\" controls=\"\" loop=\"\" muted=\"\" preload=\"metadata\" src=\"https://chengyuansteel.vn/upload/filemanager/files/khai-truong-cong-ty-co-phan-ket-cau-thep-cheng-yuan.mp4\" width=\"100%\"> </video>\r\n</p>\r\n\r\n<p><span style=\"line-height:1.5;\"><span style=\"font-size:16px;\"><strong>KHAI TRƯƠNG CÔNG TY CHENG YUAN</strong> không chỉ là một sự kiện đơn thuần mà còn là một bước ngoặt quan trọng trong ngành xây dựng tại Việt Nam, đặc biệt tại Bình Dương. Sự kiện này được tổ chức với mục tiêu giới thiệu đến khách hàng và đối tác các sản phẩm và dịch vụ kết cấu thép chất lượng cao mà công ty cung cấp.</span></span></p>\r\n\r\n<h2><span style=\"line-height:1.5;\"><strong><span style=\"color:#c0392b;\"><span style=\"font-size:20px;\">MỤC ĐÍCH CỦA KHAI TRƯƠNG CÔNG TY CHENG YUAN</span></span></strong></span></h2>\r\n\r\n<p><span style=\"line-height:1.5;\"><span style=\"font-size:16px;\">Sự kiện <strong>KHAI TRƯƠNG CÔNG TY CHENG YUAN</strong> nhằm giới thiệu các giải pháp kết cấu thép tiên tiến, giúp các doanh nghiệp và chủ đầu tư có thêm lựa chọn trong việc xây dựng và phát triển công trình. Cheng Yuan cam kết mang đến những sản phẩm chất lượng, an toàn và bền vững, phù hợp với nhu cầu ngày càng cao của thị trường.</span></span></p>\r\n\r\n<p style=\"text-align:center\"><img alt=\"\" src=\"http://chengyuansteel.vn/upload/filemanager/images/tin-tuc/khai-truong-cong-ty-cheng-yuan/PA8B9216-2048x1365.jpg\" width=\"800\" /></p>\r\n\r\n<h2><span style=\"line-height:1.5;\"><strong><span style=\"color:#c0392b;\"><span style=\"font-size:20px;\">NHỮNG ĐIỂM NỔI BẬT TẠI SỰ KIỆN</span></span></strong></span></h2>\r\n\r\n<h3><span style=\"line-height:1.5;\"><strong><span style=\"color:#2980b9;\"><span style=\"font-size:18px;\">Giới Thiệu Sản Phẩm Mới</span></span></strong></span></h3>\r\n\r\n<p><span style=\"line-height:1.5;\"><span style=\"font-size:16px;\">Tại <strong>KHAI TRƯƠNG CÔNG TY CHENG YUAN</strong>, khách hàng đã có cơ hội tìm hiểu về các sản phẩm kết cấu thép mới nhất. Công ty đã giới thiệu các giải pháp kết cấu thép hiện đại, tiết kiệm chi phí và thời gian thi công, đáp ứng nhu cầu đa dạng của các dự án xây dựng.</span></span></p>\r\n\r\n<h3><span style=\"line-height:1.5;\"><strong><span style=\"color:#2980b9;\"><span style=\"font-size:18px;\">Gặp Gỡ Đối Tác Chiến Lược</span></span></strong></span></h3>\r\n\r\n<p><span style=\"line-height:1.5;\"><span style=\"font-size:16px;\">Sự kiện cũng là dịp để <strong>CÔNG TY CỔ PHẦN KẾT CẤU THÉP CHENG YUAN</strong> gặp gỡ, giao lưu với các đối tác chiến lược trong ngành xây dựng. Những cuộc trao đổi này không chỉ giúp tăng cường mối quan hệ hợp tác mà còn mở ra cơ hội phát triển mới cho các bên liên quan.</span></span></p>\r\n\r\n<h3><span style=\"line-height:1.5;\"><strong><span style=\"color:#2980b9;\"><span style=\"font-size:18px;\">Tăng Cường Nhận Thức Về Sản Phẩm</span></span></strong></span></h3>\r\n\r\n<p><span style=\"line-height:1.5;\"><span style=\"font-size:16px;\"><strong>KHAI TRƯƠNG CÔNG TY CHENG YUAN</strong> cũng nhằm nâng cao nhận thức của khách hàng về tầm quan trọng của kết cấu thép trong xây dựng. Các chuyên gia của công ty đã chia sẻ những kiến thức quý báu về ưu điểm và ứng dụng của kết cấu thép trong các công trình hiện đại.</span></span></p>\r\n\r\n<h2><span style=\"line-height:1.5;\"><strong><span style=\"color:#c0392b;\"><span style=\"font-size:20px;\">LỢI ÍCH KHI CHỌN KẾT CẤU THÉP CHENG YUAN</span></span></strong></span></h2>\r\n\r\n<h3><span style=\"line-height:1.5;\"><strong><span style=\"color:#2980b9;\"><span style=\"font-size:18px;\">Chất Lượng Đảm Bảo</span></span></strong></span></h3>\r\n\r\n<p><span style=\"line-height:1.5;\"><span style=\"font-size:16px;\">Với kinh nghiệm nhiều năm trong ngành, <strong>CÔNG TY CỔ PHẦN KẾT CẤU THÉP CHENG YUAN</strong> cam kết mang lại sản phẩm chất lượng nhất. Mỗi sản phẩm đều được kiểm tra và đảm bảo đạt tiêu chuẩn quốc tế trước khi đến tay khách hàng.</span></span></p>\r\n\r\n<h3><span style=\"line-height:1.5;\"><strong><span style=\"color:#2980b9;\"><span style=\"font-size:18px;\">Dịch Vụ Khách Hàng Tận Tâm</span></span></strong></span></h3>\r\n\r\n<p><span style=\"line-height:1.5;\"><span style=\"font-size:16px;\"><strong>Cheng Yuan </strong>luôn đặt khách hàng lên hàng đầu. Đội ngũ nhân viên nhiệt tình, chuyên nghiệp sẵn sàng hỗ trợ và tư vấn để khách hàng có được lựa chọn tối ưu nhất cho dự án của mình.</span></span></p>\r\n\r\n<h2><span style=\"line-height:1.5;\"><strong><span style=\"color:#2980b9;\"><span style=\"font-size:18px;\">Công Nghệ Hiện Đại</span></span></strong></span></h2>\r\n\r\n<p><span style=\"line-height:1.5;\"><span style=\"font-size:16px;\">Công ty áp dụng công nghệ sản xuất tiên tiến trong <strong>KHAI TRƯƠNG CÔNG TY CHENG YUAN</strong>, giúp nâng cao hiệu quả sản xuất và chất lượng sản phẩm. Điều này không chỉ giúp tiết kiệm thời gian mà còn giảm thiểu chi phí cho khách hàng.</span></span></p>\r\n\r\n<p style=\"text-align:center\"><img alt=\"\" src=\"http://chengyuansteel.vn/upload/filemanager/images/tin-tuc/khai-truong-cong-ty-cheng-yuan/PA8B9277-1024x683.jpg\" width=\"800\" /></p>\r\n\r\n<h2><span style=\"line-height:1.5;\"><strong><span style=\"color:#c0392b;\"><span style=\"font-size:20px;\">PHẢN HỒI TỪ KHÁCH HÀNG</span></span></strong></span></h2>\r\n\r\n<p><span style=\"line-height:1.5;\"><span style=\"font-size:16px;\">Khách hàng tham gia sự kiện <strong>KHAI TRƯƠNG CÔNG TY CHENG YUAN</strong> đã có những phản hồi tích cực về chất lượng sản phẩm và dịch vụ của công ty. Nhiều khách hàng đã bày tỏ sự tin tưởng và hài lòng với các giải pháp kết cấu thép mà Cheng Yuan cung cấp.</span></span></p>\r\n\r\n<section>\r\n<article class=\"row\">\r\n<article class=\"col-sm-2 col-4 d-flex flex-column justify-content-center\"><img alt=\"\" class=\"img-fluid rounded-circle\" src=\"https://chengyuansteel.vn/upload/news/t-5293.png\" /></article>\r\n\r\n<article class=\"col-sm-10 col-8 d-flex flex-column justify-content-center\">\r\n<p class=\"text-success fw-bold\">Chị Hoàng Trâm</p>\r\n\r\n<p style=\"text-align: justify;\">\"Tôi đã có cơ hội hợp tác với Công ty Cheng Yuan trong một số dự án gần đây và thực sự hài lòng với chất lượng dịch vụ mà công ty cung cấp. Đội ngũ nhân viên rất chuyên nghiệp, nhiệt tình và luôn sẵn sàng hỗ trợ khi có vấn đề phát sinh. Quá trình làm việc diễn ra trôi chảy, đúng tiến độ và đặc biệt là sản phẩm cuối cùng luôn đạt tiêu chuẩn cao, đáp ứng đúng yêu cầu kỹ thuật của chúng tôi.\"</p>\r\n</article>\r\n</article>\r\n\r\n<article class=\"row\">\r\n<article class=\"col-sm-10 col-8 d-flex flex-column justify-content-center\">\r\n<p class=\"text-success fw-bold text-end\">Anh Minh Trí</p>\r\n\r\n<p style=\"text-align: justify;\">\"Cheng Yuan rất linh hoạt trong việc điều chỉnh kế hoạch để phù hợp với tình hình thực tế, điều này giúp chúng tôi tiết kiệm được thời gian và chi phí. Tôi đánh giá cao tinh thần hợp tác và trách nhiệm của công ty trong từng dự án. Nếu có cơ hội, tôi chắc chắn sẽ tiếp tục lựa chọn Cheng Yuan là đối tác tin cậy trong tương lai. Xin cảm ơn Cheng Yuan vì sự đồng hành chuyên nghiệp và hiệu quả trong thời gian qua.\"</p>\r\n</article>\r\n\r\n<article class=\"col-sm-2 col-4 d-flex flex-column justify-content-center\"><img alt=\"\" class=\"img-fluid rounded-circle\" src=\"https://chengyuansteel.vn/upload/news/z6333934023155e5cea4d5df7f0225a59c32b7fdf5d7a8-3048.jpg\" /></article>\r\n</article>\r\n\r\n<article class=\"row\">\r\n<article class=\"col-sm-2 col-4 d-flex flex-column justify-content-center\"><img alt=\"\" class=\"img-fluid rounded-circle\" src=\"https://chengyuansteel.vn/upload/news/untitled-6320.png\" /></article>\r\n\r\n<article class=\"col-sm-10 col-8 d-flex flex-column justify-content-center\">\r\n<p class=\"text-success fw-bold\">Chị Thanh Tuyền</p>\r\n\r\n<p style=\"text-align: justify;\">\" Thi công nhanh chóng, đúng tiến độ. Rất hài lòng với chất lượng nhà tiền chế ở Bình Dương!. Kết cấu chắc chắn, thiết kế hiện đại. Chi phí hợp lý so với xây dựng truyền thống. Đội ngũ thi công chuyên nghiệp, hỗ trợ tư vấn tận tình từ đầu đến cuối \"</p>\r\n</article>\r\n</article>\r\n</section>\r\n\r\n<h2><span style=\"line-height:1.5;\"><strong><span style=\"color:#c0392b;\"><span style=\"font-size:20px;\">KẾT LUẬN</span></span></strong></span></h2>\r\n\r\n<p><span style=\"line-height:1.5;\"><span style=\"font-size:16px;\"><strong>KHAI TRƯƠNG CÔNG TY CHENG YUAN</strong> không chỉ là một sự kiện quan trọng trong ngành xây dựng mà còn đánh dấu bước phát triển mới của công ty. Với cam kết mang lại sản phẩm và dịch vụ chất lượng, <strong>CÔNG TY CỔ PHẦN KẾT CẤU THÉP CHENG YUAN</strong> tự tin sẽ là lựa chọn hàng đầu cho mọi dự án xây dựng. Hãy liên hệ với chúng tôi để được tư vấn và hỗ trợ tốt nhất!</span></span></p>\r\n\r\n<section style=\"width: 100%;background: rgba(231, 246, 255, 0.58);border: 5px dashed rgb(224, 12, 61);padding: 10px;margin-bottom: 10px;text-align: center;font: 500 16px / 1.6 Arial;color: rgb(0, 65, 118);line-height: 1.2;\">\r\n<p><strong>CÔNG TY CỔ PHẦN KẾT CẤU THÉP CHENG YUAN</strong></p>\r\n\r\n<p><strong>ĐỐI TÁC VỮNG MẠNH TRONG LĨNH VỰC LẮP DỰNG KẾT CẤU THÉP<br />\r\n------------------</strong></p>\r\n\r\n<p><strong>MST </strong>: 3703198711</p>\r\n\r\n<p><strong>Email</strong> : info@chengyuansteel.vn</p>\r\n\r\n<p><strong>Website</strong> : www.chengyuansteel.vn</p>\r\n\r\n<p><strong>Địa chỉ</strong> : 26 đường số 8, Trung tâm Hành Chính, P. Dĩ An, Tp. Dĩ An, Bình Dương</p>\r\n\r\n<div style=\"width: 100%; margin-top: 30px; margin-bottom: 30px; text-align: center;\"><a href=\"https://zalo.me/0939885139\" style=\"padding:20px 40px;background:#e00c3d;color:#fff;text-decoration:none!important;border-radius:10px;border:2px dashed #fefa04\"><strong>0939 885 139 (Mr. Sơn)</strong></a></div>\r\n</section>\r\n', '', 'khai-truong-cong-ty-cheng-yuan_2cab.webp', 'noibat,hienthi', '1', '10', 'tin-tuc', '2025-07-30 13:57:38', '2025-08-20 16:46:21'),
('44', 'salon-co-dien-dang-cap-sang-trong-tai-khong-gian-nha-dep', 'salon-co-dien-dang-cap-sang-trong-tai-khong-gian-nha-dep', 'Salon cổ điển đẳng cấp, sang trọng tại Không Gian Nhà Đẹp', 'Salon cổ điển đẳng cấp, sang trọng tại Không Gian Nhà Đẹp', 'Bạn đang tìm kiếm đơn vị cung cấp salon cổ điển đẳng cấp, sang trọng thì không nên bỏ qua địa chỉ mua sắm tại Không Gian Nhà Đẹp. Chúng tôi mang đến cho khách hàng những mẫu thiết kế vừa chất lượng vừa có mức giá hợp lý. Cùng Không Gian Nhà Đẹp tìm hiểu về dịch vụ này tại công ty chúng tôi.', '', '<h2>TÌM HIỂU VỀ SALON CỔ ĐIỂN ĐẲNG CẤP</h2>\r\n\r\n<p><em><strong>Salon cổ điển là gì? Bạn biết gì về salon cổ điển? Tại sao chúng nhận được nhiều sự yêu mến của khách hàng? Hãy theo dõi những thông tin sau đây của Không Gian Nhà Đẹp để tìm lời giải đáp.</strong></em></p>\r\n\r\n<h3>Salon cổ điển là gì?</h3>\r\n\r\n<p>Như tên gọi, <strong>salon cổ điển</strong> là những mẫu salon được thiết kế dựa trên phong cách cổ điển. Những tín đồ đam mê phong cách cổ điển thì không nên bỏ qua chúng tại Không Gian Nhà Đẹp. </p>\r\n\r\n<p>Phong cách cổ điển được thiết kế để làm nổi bật vẻ đẹp tinh tế và sang trọng. Salon được thiết kế theo phong cách cổ điển sẽ tạo nên không gian lịch sự và trang nhã.</p>\r\n\r\n<p><img alt=\"Không Gian Nhà Đẹp \" src=\"http://khonggiannhadep.com.vn/upload/filemanager/images/tin-tuc/salon-co-dien-dang-cap-sang-trong-tai-khong-gian-nha-dep/salon-co-dien-dang-cap-1.png\" width=\"600\" /></p>\r\n\r\n<h3>Salon cổ điển tại Không Gian Nhà Đẹp</h3>\r\n\r\n<p>Thay vì lựa chọn những mẫu ghế salon theo phong cách hiện đại với nhiều hoa văn cầu kỳ thì bạn có thể trang trí không gian ngôi nhà bằng bộ bàn ghế salon cổ điển. Điều này sẽ mang đến sự sang trọng và tinh tế cho không gian của bạn.</p>\r\n\r\n<p>Những chiếc salon cổ điển tại Không Gian Nhà Đẹp có nhiều kiểu dáng và màu sắc đa dạng. Chúng được thiết kế tinh tế trong từng đường nét và chi tiết nhỏ, từ đó mang đến không gian đẳng cấp cho ngôi nhà, văn phòng. </p>\r\n\r\n<p>Đặc biệt, những mẫu thiết kế mang phong cách cổ điển không bao giờ lỗi mốt và theo thời gian thì chúng càng được yêu thích nhiều hơn. Tại đây, chúng tôi đều có thể đáp ứng yêu cầu của khách hàng, từ phong cách châu Âu đến truyền thống, nhẹ nhàng. </p>\r\n\r\n<h2>SALON CỔ ĐIỂN ĐẲNG CẤP TẠI KHÔNG GIAN NHÀ ĐẸP CÓ ƯU ĐIỂM GÌ? </h2>\r\n\r\n<p>Salon mang phong cách cổ điển mang đến nhiều vẻ đẹp ấn tượng cho khách hàng. Chúng mang đến không gian đẳng cấp và quý phải, đồng thời mang lại không gian sống ấn tượng, lý tưởng cho ngôi nhà. Cùng <strong>Không Gian Nhà Đẹp </strong>tìm hiểu những ưu điểm của salon cổ điển:</p>\r\n\r\n<ul>\r\n	<li aria-level=\"1\">Thiết kế: Salon cổ điển tại công ty chúng tôi mang đến vẻ đẹp tráng lệ cho không gian ngôi nhà của bạn. Những chi tiết chạm trổ đều mang đến vẻ đẹp cổ điển và quý phái. </li>\r\n	<li aria-level=\"1\">Đậm chất hoài cổ: Các mẫu thiết kế salon tại Không Gian Nhà Đẹp phong đến hình ảnh hoài cổ, sang trọng. Điều này sẽ tạo nên cảm giác quý phái cho ngôi nhà của bạn.</li>\r\n	<li aria-level=\"1\">Kết hợp giữa cổ điển và hiện đại: Sự kết hợp giữa salon cổ điển và hiện đại mang đến không gian hài hòa và độc đáo.</li>\r\n	<li aria-level=\"1\">Tạo cảm giác ấm cúng: Salon cổ điển tại công ty chúng tôi mang đến không gian yên bình và dễ chịu cho ngôi nhà của bạn. </li>\r\n	<li aria-level=\"1\">Đa dạng: Những mẫu salon cổ điển đẳng cấp tại Không Gian Nhà Đẹp không chỉ đẹp mắt mà còn rất đa dạng về màu sắc và kiểu dáng. Chúng tôi mang đến cho khách hàng nhiều mẫu thiết kế, do vậy, bạn có thể thỏa sức lựa chọn những mẫu mã phù hợp. </li>\r\n</ul>\r\n\r\n<p>Dựa vào những ưu điểm trên đây thì Không Gian Nhà Đẹp tự tin mang đến cho khách hàng những trải nghiệm mua sắm tuyệt vời. </p>\r\n\r\n<h2>KHÔNG GIAN NHÀ ĐẸP HƯỚNG DẪN VỆ SINH SALON CỔ ĐIỂN</h2>\r\n\r\n<p><strong>Vệ sinh ghế salon</strong> là vấn đề vô cùng cần thiết để đảm bảo sức khỏe cho các thành viên trong gia đình. Việc vệ sinh đúng cách và đình kỳ sẽ giúp loại bỏ những tác nhân như: Vi khuẩn, virus, nấm mốc,… Từ đó giúp ghế luôn sạch sẽ và tránh khỏi nguy cơ lây nhiễm bệnh. Ngoài ra, ghế salon sạch sẽ, thơm tho sẽ mang đến cảm giác thoải mái cho khách hàng. </p>\r\n\r\n<p>Việc vệ sinh ghế salon vôi cùng đơn giản, quý khách hoàn toàn có thể tự thực hiện tại nhà. Sau đây, Không Gian Nhà Đẹp sẽ hướng dẫn bạn cách vệ sinh salon:</p>\r\n\r\n<ul>\r\n	<li aria-level=\"1\">Loại bỏ bụi bẩn: Cách đơn giản nhất để vệ sinh salon chính là loại bỏ những bụi bẩn bên trên bề mặt của ghế. Bạn có thể dùng cây chổi hay bàn chải để loại bỏ bụi bẩn và những chất lạ trên ghế. Nếu có điều kiện hơn, quý khách có thể dùng máy hút bụi. Bằng cách này thì công tác vệ sinh sẽ dễ dàng và hiệu quả hơn.</li>\r\n	<li aria-level=\"1\">Lau bằng dung dịch chuyên dụng: Sử dụng dung dịch chuyên dụng để lau nhẹ lên trên bề mặt salon. Một lưu ý nho nhỏ là nên vắt khăn khô để tránh nước bị thấm quá nhiều trên ghế.</li>\r\n	<li aria-level=\"1\">Lau khô: Sau khi sử dụng dung dịch chuyên dụng, bạn sử dụng một chiếc khăn khô để lau khô trên bề mặt ghế salon. Hãy chắc chắn rằng bạn đã lau khô nó hoàn toàn. </li>\r\n	<li aria-level=\"1\">Sát khuẩn: Dùng dung dịch sát khuẩn chuyên dụng để phun lên ghế salon và lau khô sau đó. Ngoài ra, bạn cũng có thể dùng chất khử mùi khử sạch mùi của nước sát khuẩn.</li>\r\n	<li aria-level=\"1\">Vệ sinh đình kỳ: Để salon luôn sạch sẽ, thơm tho, đặc biệt an toàn cho sức khỏe con người thì bạn nên vệ sinh chúng thường xuyên. </li>\r\n</ul>\r\n\r\n<p>Thông qua những bước trên đây, bạn đã giữ được sự sạch sẽ và thơm tho cho chiếc ghế của mình. </p>\r\n\r\n<h2>CAM KẾT KHI MUA SALON CỔ ĐIỂN ĐẲNG CẤP TẠI KHÔNG GIAN NHÀ ĐẸP</h2>\r\n\r\n<p>Sau đây là những cam kết khi mua salon cổ điển đẳng cấp tại Không Gian Nhà Đẹp:</p>\r\n\r\n<ul>\r\n	<li aria-level=\"1\">Chất lượng: Không Gian Nhà Đẹp cam kết cung cấp salon chất lượng, chính hãng.</li>\r\n	<li aria-level=\"1\">Độ bền: Chúng tôi chỉ cung cấp những sản phẩm chất lượng. Do vậy, bạn có thể an tâm về độ bền của chúng.</li>\r\n	<li aria-level=\"1\">Đa dạng: <strong>Không Gian Nhà Đẹp</strong> mang đến cho khách hàng nhiều mẫu thiết kế. Chúng tôi tự tin có thể cung cấp những mẫu thiết kế phù hợp với không gian ngôi nhà của bạn.</li>\r\n	<li aria-level=\"1\">Tư vấn: Đội ngũ nhân viên tư vấn nhiệt tình, giúp khách hàng tìm ra những sản phẩm phù hợp nhất.</li>\r\n	<li aria-level=\"1\">Bảo hành: Bảo hành sản phẩm là một trong những yếu tố nhận về nhiều sự quan tâm của khách hàng khi mua sản phẩm. Về vấn đề này, bạn hoàn toàn có thể an tâm khi lựa chọn đơn vị của chúng tôi.</li>\r\n	<li aria-level=\"1\">Giá thành: <strong>Không Gian Nhà Đẹp</strong> không chỉ mang đến những mẫu thiết kế đẹp mà chúng tôi còn bán nó với mức giá hợp lý. Hơn thế, salon cổ điển đẳng cấp của chúng tôi cũng có rất nhiều mức giá khác nhau. Do vậy, tùy vào điều kiện tài chính mà bạn có thể lựa chọn sản phẩm phù hợp.</li>\r\n</ul>\r\n\r\n<p><strong>Không Gian Nhà Đẹp</strong> hy vọng những cam kết trên đây sẽ giúp bạn hiểu thêm về dịch vụ cung cấp salon cổ điển đẳng cấp tại công ty chúng tôi. </p>\r\n\r\n<h2>THÔNG TIN LIÊN HỆ</h2>\r\n\r\n<p>Liên hệ với Không Gian Nhà Đẹp để được tư vấn kỹ hơn về salon cổ điển đẳng cấp:</p>\r\n', '', 'salon-co-dien-dang-cap-sang-trong-tai-khong-gian-nha-dep_a5c7.webp', 'noibat,hienthi', '1', '29', 'tin-tuc', '2025-08-17 08:58:35', '2025-08-20 16:50:08');

DROP TABLE IF EXISTS `tbl_photo`;
CREATE TABLE `tbl_photo` (
  `id` int(11) unsigned NOT NULL AUTO_INCREMENT,
  `file` varchar(100) DEFAULT NULL,
  `contenten` mediumtext DEFAULT NULL,
  `contentvi` mediumtext DEFAULT NULL,
  `descen` mediumtext DEFAULT NULL,
  `descvi` mediumtext DEFAULT NULL,
  `nameen` varchar(255) DEFAULT NULL,
  `namevi` varchar(255) DEFAULT NULL,
  `link` mediumtext DEFAULT NULL,
  `link_video` mediumtext DEFAULT NULL,
  `options` mediumtext DEFAULT NULL,
  `type` varchar(30) DEFAULT NULL,
  `act` varchar(30) DEFAULT NULL,
  `numb` int(11) DEFAULT 0,
  `status` varchar(255) DEFAULT NULL,
  `date_created` datetime NOT NULL DEFAULT current_timestamp(),
  `date_updated` datetime NOT NULL DEFAULT current_timestamp() ON UPDATE current_timestamp(),
  PRIMARY KEY (`id`)
) ENGINE=MyISAM AUTO_INCREMENT=53 DEFAULT CHARSET=utf8mb4 COLLATE=utf8mb4_unicode_ci;

INSERT INTO `tbl_photo` (`id`, `file`, `contenten`, `contentvi`, `descen`, `descvi`, `nameen`, `namevi`, `link`, `link_video`, `options`, `type`, `act`, `numb`, `status`, `date_created`, `date_updated`) VALUES
('1', '943ff3afca.png', '', '', '', '', '', '', '', '', '{\"position\":\"6\",\"opacity\":\"100\",\"per\":\"40\",\"small_per\":\"50\",\"max\":\"500\",\"min\":\"100\",\"offset_x\":\"0\",\"offset_y\":\"0\",\"width\":\"50\",\"height\":\"50\",\"zc\":\"1\"}', 'watermark', '', '1', 'hienthi', '2025-07-15 14:50:26', '2025-08-11 14:27:19'),
('2', 'd84f32a970.png', NULL, NULL, NULL, NULL, NULL, NULL, NULL, NULL, '{\"width\":\"300\",\"height\":\"120\",\"zc\":\"1\"}', 'logo', NULL, '2', 'hienthi', '2025-07-15 15:23:07', '2025-08-11 09:33:50'),
('3', '45fb02da23.png', NULL, NULL, NULL, NULL, NULL, 'favicon', NULL, NULL, '{\"width\":\"48\",\"height\":\"48\",\"zc\":\"1\"}', 'favicon', NULL, '3', 'hienthi', '2025-07-15 15:44:45', '2025-07-27 00:49:35'),
('28', '6592935cfd_1366x600x1.webp', '', '', '', '', 'Trăng sáng miền địa đầu ', 'Trăng sáng miền địa đầu', 'https://www.youtube.com/watch?v=zA338v52yLk', NULL, '{\"width\":\"1366\",\"height\":\"600\",\"zc\":\"1\"}', 'slideshow', 'photo_man', '1', 'hienthi', '0000-00-00 00:00:00', '2025-08-11 09:43:21'),
('29', 'a9e146e37c_1366x600x1.webp', '', '', '', '', 'Tròn Thương (Thanh Phương) - Chế Linh', 'Tròn Thương (Thanh Phương) - Chế Linh', 'https://www.youtube.com/watch?v=i0O5o9ajx5kkkkk', NULL, '{\"width\":\"1366\",\"height\":\"600\",\"zc\":\"1\"}', 'slideshow', 'photo_man', '2', 'hienthi', '0000-00-00 00:00:00', '2025-08-03 23:56:07'),
('30', 'd120c69dc1.png', '', '', '', 'Đó là ACB', '', 'ACB', '', NULL, '{\"width\":\"70\",\"height\":\"42\",\"zc\":\"2\"}', 'payment', NULL, '0', 'hienthi', '2025-06-24 00:52:01', '2025-08-11 09:44:05'),
('31', 'e2fe03d6af.png', '', '<p>techcombank</p>\r\n', NULL, NULL, '', 'techcombank', NULL, NULL, '', 'payment', NULL, '1', '', '2025-06-24 00:52:01', '2025-08-01 22:25:27'),
('32', 'f9f68bfc02.png', '', '', NULL, NULL, '', 'timo', NULL, NULL, '', 'payment', NULL, '1', 'hienthi', '2025-06-24 00:52:01', '2025-08-01 22:24:49'),
('33', 'agribank-badc_72x40x2.jpg', '', '', NULL, NULL, '', 'agribank', NULL, NULL, '{\"w\":72,\"h\":40}', 'payment', NULL, '1', 'hienthi', '2025-06-24 00:52:01', '2025-08-01 22:24:49'),
('34', 'ad883f221e.jpg', '', '', NULL, NULL, '', 'Vietcombank.', NULL, NULL, '', 'payment', NULL, '1', 'hienthi', '2025-06-24 00:52:01', '2025-06-24 00:52:01'),
('35', '517cce1842.png', '', '', NULL, NULL, '', 'OCB', NULL, NULL, '', 'payment', NULL, '1', 'hienthi', '2025-06-24 00:52:01', '2025-06-24 00:52:01'),
('36', '4f495854b6.webp', '', '', NULL, NULL, '', 'Ngân hàng Xây dựng – CB', NULL, NULL, '', 'payment', NULL, '1', 'hienthi', '2025-06-24 00:52:01', '2025-06-24 00:52:01'),
('37', 'ngan-hang-dau-khi-toan-cau-gpbank-ccb0_72x40x2.png', '', '', NULL, NULL, '', 'Ngân hàng Dầu Khí Toàn Cầu – GPBank', NULL, NULL, '{\"w\":72,\"h\":40}', 'payment', NULL, '1', 'hienthi', '2025-06-24 00:52:01', '2025-06-24 13:39:28'),
('38', 'f4975c0836.webp', '', '', NULL, NULL, '', 'Ngân hàng Đại Dương – Oceanbank', NULL, NULL, '', 'payment', NULL, '1', 'hienthi', '2025-06-24 00:52:01', '2025-07-16 10:29:42'),
('39', 'fanpage-1989.png', NULL, NULL, '', 'Minh Trí', '', 'Fanpage', 'https://www.facebook.com/minhtri150920/', NULL, '{\"width\":\"50\",\"height\":\"50\",\"zc\":\"1\"}', 'social', NULL, '1', 'hienthi', '2025-06-24 00:44:11', '2025-08-12 00:00:12'),
('40', 'tiktok-741d.png', NULL, NULL, '', 'Minhtriweb', '', 'Tiktok', 'https://www.tiktok.com/@minhtriweb', NULL, '{\"width\":\"50\",\"height\":\"50\",\"zc\":\"1\"}', 'social', NULL, '1', 'hienthi', '2025-06-24 00:44:11', '2025-08-12 00:00:09'),
('41', 'hotline-64ee.png', NULL, NULL, '', '( 8h - 20h )', '', 'Hotline', 'tel:0328732834', NULL, '{\"width\":\"50\",\"height\":\"50\",\"zc\":\"1\"}', 'social', NULL, '1', 'hienthi', '2025-06-24 00:44:11', '2025-08-12 00:00:05'),
('42', 'chat-zalo-1e03.png', '', '', '', '( 8h - 20h )', '', 'Chat Zalo', 'https://zalo.me/0328732834', NULL, '{\"width\":\"50\",\"height\":\"50\",\"zc\":\"1\"}', 'social', NULL, '1', 'hienthi', '2025-06-24 00:44:11', '2025-08-11 23:59:34'),
('52', 'background_footer_8046.png', NULL, NULL, NULL, NULL, NULL, NULL, NULL, NULL, '{\"width\":\"800\",\"height\":\"265\",\"zc\":\"1\"}', 'background_footer', NULL, '0', 'hienthi', '2025-08-12 23:35:32', '2025-08-12 23:41:47'),
('51', 'background_bc_981d.jpg', NULL, NULL, NULL, NULL, NULL, NULL, NULL, NULL, '{\"width\":\"1300\",\"height\":\"100\",\"zc\":\"1\"}', 'background_bc', NULL, '0', 'hienthi', '2025-08-11 22:47:46', '2025-08-12 23:44:03');

DROP TABLE IF EXISTS `tbl_product`;
CREATE TABLE `tbl_product` (
  `id` int(11) NOT NULL AUTO_INCREMENT,
  `id_list` int(11) NOT NULL,
  `id_cat` int(11) NOT NULL,
  `id_item` int(11) NOT NULL,
  `id_brand` int(11) NOT NULL,
  `slugvi` text NOT NULL,
  `slugen` text NOT NULL,
  `namevi` text NOT NULL,
  `nameen` text NOT NULL,
  `descvi` text NOT NULL,
  `descen` text NOT NULL,
  `contentvi` text NOT NULL,
  `contenten` text NOT NULL,
  `file` text DEFAULT NULL,
  `regular_price` text NOT NULL,
  `sale_price` text DEFAULT NULL,
  `discount` int(11) DEFAULT NULL,
  `code` varchar(100) DEFAULT NULL,
  `type` varchar(50) DEFAULT NULL,
  `status` text NOT NULL,
  `numb` int(11) DEFAULT 0,
  `views` int(20) NOT NULL DEFAULT 0,
  `date_created` datetime NOT NULL DEFAULT current_timestamp(),
  `date_updated` datetime NOT NULL DEFAULT current_timestamp() ON UPDATE current_timestamp(),
  PRIMARY KEY (`id`)
) ENGINE=InnoDB AUTO_INCREMENT=124 DEFAULT CHARSET=utf8mb4 COLLATE=utf8mb4_general_ci;

INSERT INTO `tbl_product` (`id`, `id_list`, `id_cat`, `id_item`, `id_brand`, `slugvi`, `slugen`, `namevi`, `nameen`, `descvi`, `descen`, `contentvi`, `contenten`, `file`, `regular_price`, `sale_price`, `discount`, `code`, `type`, `status`, `numb`, `views`, `date_created`, `date_updated`) VALUES
('2', '2', '2', '59', '2', 'rubik-moyu-meilong-2x2-m-stickerless-co-nam-cham-sp006075', '', 'Rubik MoYu Meilong 2x2 M Stickerless có nam châm (SP006075)', '', '<p>Meilong 2x2 M - Có nam châm sẵn là bản nâng cấp của cube Meilong làm mưa làm gió thị trường giá rẻ suốt năm qua. Sản phẩm đem lại hiệu năng tốt, cảm giác tuyệt vời với nam châm được dán sẵn trong cube rất vừa tay, xoay trơn ít ma sát. Và quan trọng nhất là mức giá vô cùng phải chăng so với các cube 2x2 nam châm khác.</p>\r\n', '', '<p>Rubik Mofangjiaoshi Meilong 2x2 M Stickerless</p>\r\n\r\n<p>Meilong 2x2 M - Có nam châm sẵn là bản nâng cấp của cube Meilong làm mưa làm gió thị trường giá rẻ suốt năm qua. Sản phẩm đem lại hiệu năng tốt, cảm giác tuyệt vời với nam châm được dán sẵn trong cube rất vừa tay, xoay trơn ít ma sát. Và quan trọng nhất là mức giá vô cùng phải chăng so với các cube 2x2 nam châm khác.</p>\r\n\r\n<p>Kích thước    50x50x50mm<br />\r\nTrọng lượng    54g</p>\r\n\r\n<p><iframe allow=\"accelerometer; autoplay; clipboard-write; encrypted-media; gyroscope; picture-in-picture; web-share\" allowfullscreen=\"\" frameborder=\"0\" height=\"315\" src=\"https://www.youtube.com/embed/UuVlXcHoUF8\" title=\"YouTube video player\" width=\"560\"></iframe></p>\r\n', '', 'rubik-moyu-meilong-2x2-m-stickerless-co-nam-cham-sp006075-_2c63.webp', '150,000', '', '0', 'SP006075', 'san-pham', 'hienthi,noibat,banchay', '1', '168', '2025-07-24 22:28:20', '2025-08-19 23:46:58'),
('96', '4', '8', '0', '0', 'rubik-yj-yushi-6x6x6-v2-m-stickerless-sp005980', '', 'Rubik YJ Yushi 6x6x6 v2 M Stickerless - SP005980', '', '<p>Cấu tạo:</p>\r\n\r\n<p>+ Bên trong các viên cạnh và góc có các khe để định vị, giữ nam châm một cách chắc chắn nhất</p>\r\n\r\n<p>+ Được thiết kế với các rãnh giảm ma sát giúp tăng tốc độ đáng kể và tránh bị lệc các tầng với nhau</p>\r\n\r\n<p>Ngoài ra các rãnh ma sát còn làm cho lube có thể giữ trên các bề mặt được lâu hơn gúp tăng cường sự ổn định khi xoay.</p>\r\n\r\n<p>Yushi 6x6x là kiệt tác của YongJun</p>\r\n', '', '<p><strong>YJ Yushi 6x6x6 V2 M </strong></p>\r\n\r\n<p>Lần đầu tiên YJ tung ra cube 6x6x6 được sản xuất sẵn nam châm</p>\r\n\r\n<p>Box và logo ở Yushi 6x6x6 này hoàn toàn mới so với những sản phẩm trước đây</p>\r\n\r\n<p>Cấu tạo:</p>\r\n\r\n<p>+ Bên trong các viên cạnh và góc có các khe để định vị, giữ nam châm một cách chắc chắn nhất</p>\r\n\r\n<p>+ Được thiết kế với các rãnh giảm ma sát giúp tăng tốc độ đáng kể và tránh bị lệc các tầng với nhau</p>\r\n\r\n<p>Ngoài ra các rãnh ma sát còn làm cho lube có thể giữ trên các bề mặt được lâu hơn gúp tăng cường sự ổn định khi xoay.</p>\r\n\r\n<p>Yushi 6x6x là kiệt tác của YongJun</p>\r\n\r\n<p>Phân loại: Sticker; Stickerless</p>\r\n\r\n<p><img alt=\"\" data-src=\"https://rubikstore.vn/cdn/old/uploadfck/TIM_20191209010001_grande.png\" height=\"445\" src=\"https://rubikstore.vn/cdn/old/uploadfck/TIM_20191209010001_grande.png\" width=\"600\" /></p>\r\n\r\n<p><img alt=\"\" data-src=\"https://rubikstore.vn/cdn/old/uploadfck/YJ_YuShi_6x6_M_stickerless_2_500x.jpg\" height=\"500\" src=\"https://rubikstore.vn/cdn/old/uploadfck/YJ_YuShi_6x6_M_stickerless_2_500x.jpg\" width=\"500\" /></p>\r\n', '', 'rubik-yj-yushi-6x6x6-v2-m-stickerless-sp005980_f742.webp', '', '', '0', '', 'san-pham', 'hienthi,noibat,banchay', '1', '18', '2025-07-25 00:15:39', '2025-08-19 08:18:18'),
('97', '4', '8', '0', '9', 'rubik-yuxin-little-magic-6x6-m-stickerless-sp006081', '', 'Rubik YuXin Little Magic 6x6 M Stickerless (SP006081)', '', '<p>YuXin Little Magic 6x6 M là chiếc flagship 6x6 mới nhất của YuXin. Đúng với cái tên Little Magic, cube có cảm giác nhẹ nhàng. Nam châm có độ bền trung bình tạo nên sự ổn định mượt mà. Phối màu rực rỡ với độ tương phản tốt. Kích thước 65mm thoải mái sẽ giúp bạn tận hưởng mỗi lượt.</p>\r\n', '', '<p>YuXin Little Magic 6x6 M là chiếc flagship 6x6 mới nhất của YuXin. Đúng với cái tên Little Magic, cube có cảm giác nhẹ nhàng. Nam châm có độ bền trung bình tạo nên sự ổn định mượt mà. Phối màu rực rỡ với độ tương phản tốt. Kích thước 65mm thoải mái sẽ giúp bạn tận hưởng mỗi lượt.</p>\r\n\r\n<p>Nếu bạn đang tìm kiếm một chiếc 6x6 hiệu suất cao, thì đừng tìm đâu xa ngoài YuXin Little Magic 6x6 M!</p>\r\n\r\n<p><img alt=\"\" data-src=\"https://rubikstore.vn/cdn/old/uploadfck/1f0ff680751c8842d10d.jpg\" height=\"800\" src=\"https://rubikstore.vn/cdn/old/uploadfck/1f0ff680751c8842d10d.jpg\" width=\"800\" /></p>\r\n\r\n<p><iframe allowfullscreen=\"\" frameborder=\"0\" height=\"360\" src=\"https://www.youtube.com/embed/Qo02Ni60pjU\" width=\"640\"></iframe></p>\r\n', '', 'rubik-yuxin-little-magic-6x6-m-stickerless-sp006081-_e72e.webp', '', '', '0', 'SP006081', 'san-pham', 'hienthi,noibat,banchay', '1', '32', '2025-07-25 00:41:37', '2025-08-19 08:15:17'),
('99', '2', '3', '61', '10', 'rubik-qiyi-xmd-tornado-v3-m-standard-3x3x3-stickerless', '', 'Rubik QiYi XMD Tornado V3 M Standard 3x3x3 Stickerless', '', '<p>Xoay trơn tru, nhanh chóng<br />\r\ncơ chế linh hoạt<br />\r\nCắt góc linh hoạt<br />\r\nPHỤ KIỆN BAO GỒM<br />\r\nTúi đựng đồ bằng da<br />\r\ncông cụ điều chỉnh<br />\r\nVải sạch<br />\r\nVỏ cứng</p>\r\n', '', '<p>Rubik QiYi XMD Tornado V3 M Standard 3x3x3 Stickerless</p>\r\n\r\n<p>X-Man Tornado V3 M là khối RUBIK 3x3 XỊN và MỚI NHẤT của QiYi. Rubik này có tốc độ đáng kinh ngạc và dễ dàng tùy chỉnh. QiYi X-man với cấu trúc nam châm lõi Maglev Tornado.So với phiên bản v2 , phiên bản này đã thay thế đinh tán bằng vít và cho phép center cap vừa khớp với mọi hướng.</p>\r\n\r\n<p><iframe allowfullscreen=\"\" frameborder=\"0\" height=\"360\" src=\"https://www.youtube.com/embed/QQBqDHPvU9c\" width=\"640\"></iframe></p>\r\n\r\n<p><img alt=\"\" data-src=\"https://rubikstore.vn/cdn/upload/images/918fe1a71b82c2dc9b93.jpg\" height=\"600\" src=\"https://rubikstore.vn/cdn/upload/images/918fe1a71b82c2dc9b93.jpg\" width=\"600\" /></p>\r\n\r\n<p>CÁC TÍNH NĂNG CHÍNH<br />\r\nNam châm góc/lõi Maglev (Phiên bản cao cấp)<br />\r\nHệ thống điều chỉnh dễ sử dụng</p>\r\n\r\n<p>TỔNG QUÁT<br />\r\nXoay trơn tru, nhanh chóng<br />\r\ncơ chế linh hoạt<br />\r\nCắt góc linh hoạt<br />\r\nPHỤ KIỆN BAO GỒM<br />\r\nTúi đựng đồ bằng da<br />\r\ncông cụ điều chỉnh<br />\r\nVải sạch<br />\r\nVỏ cứng</p>\r\n', '', 'rubik-qiyi-xmd-tornado-v3-m-standard-3x3x3-stickerless_a93a.webp', '', '', '0', '', 'san-pham', 'hienthi,noibat,banchay', '1', '4', '2025-07-27 01:47:14', '2025-08-19 13:06:18'),
('100', '2', '3', '61', '6', 'rubik-3x3-moyu-rs3m-v5-magnetic-3x3-stickerless-co-nam-cham', '', 'Rubik 3x3 MoYu RS3M V5 Magnetic 3x3 Stickerless có nam châm', '', '<p>MoYu RS3 M V5 3×3 có hệ thống điều chỉnh kép 9 cấp, trung tâm này cung cấp khả năng tùy chỉnh để đạt được độ căng mong muốn. Nam châm cổ điển của nó mang lại sự ổn định tuyệt vời trong mỗi lượt quay, khiến nó trở thành lựa chọn yêu thích của các đối thủ cũng như những người đam mê lập phương. Với trọng lượng chỉ nặng hơn 2 gram so với phiên bản tiêu chuẩn.</p>\r\n', '', '<p><strong>Rubik 3x3 MoYu RS3M V5 Magnetic 3x3 Stickerless có nam châm</strong></p>\r\n\r\n<p>MoYu RS3 M V5 3×3 có hệ thống điều chỉnh kép 9 cấp, trung tâm này cung cấp khả năng tùy chỉnh để đạt được độ căng mong muốn. Nam châm cổ điển của nó mang lại sự ổn định tuyệt vời trong mỗi lượt quay, khiến nó trở thành lựa chọn yêu thích của các đối thủ cũng như những người đam mê lập phương. Với trọng lượng chỉ nặng hơn 2 gram so với phiên bản tiêu chuẩn.</p>\r\n\r\n<p><iframe allowfullscreen=\"\" frameborder=\"0\" height=\"360\" src=\"https://www.youtube.com/embed/sVw_vfVFAvc\" width=\"640\"></iframe></p>\r\n\r\n<p><strong><img alt=\"\" data-src=\"https://rubikstore.vn/cdn/upload/images/0a4720a36042dc1c8553.jpg\" height=\"533\" src=\"https://rubikstore.vn/cdn/upload/images/0a4720a36042dc1c8553.jpg\" width=\"800\" /></strong></p>\r\n\r\n<p><strong><img alt=\"\" data-src=\"https://rubikstore.vn/cdn/upload/images/dcaab9e4b2050e5b5714.jpg\" height=\"439\" src=\"https://rubikstore.vn/cdn/upload/images/dcaab9e4b2050e5b5714.jpg\" width=\"500\" /></strong></p>\r\n', '', 'rubik-3x3-moyu-rs3m-v5-magnetic-3x3-stickerless-co-nam-cham_0490.webp', '', '', '0', '', 'san-pham', 'hienthi,noibat,banchay', '1', '11', '2025-07-27 01:47:52', '2025-08-20 08:48:28'),
('101', '2', '3', '61', '1', 'rubik-gan-356-m-no-ges-3x3-stickerless-co-nam-cham-cao-cap-sp006057', '', 'Rubik GAN 356 M no GES+ 3x3 Stickerless có nam châm cao cấp (SP006057)', '', '<ul>\r\n	<li>Thương hiệu: GAN</li>\r\n	<li>Vật chất: Nhựa ABS</li>\r\n	<li>Kích thước (tính bằng mm): 56 x 56 x 56</li>\r\n	<li>Trọng lượng sản phẩm (tính bằng gam): 74</li>\r\n	<li>Trọng lượng gói (tính bằng gam): 210</li>\r\n	<li>Bảng màu: Tiêu chuẩn</li>\r\n</ul>\r\n', '', '<p><strong>Rubik GAN 356 M 3X3 </strong>là khối rubik cao cấp mới nhất trong phân khúc 3x3 được hãng GAN giới thiệu. Phiên bản này đi kèm với lõi IPG Numerical điều chỉnh tay kép độc đáo </p>\r\n\r\n<p>Thật dễ dàng để cảm thấy tốc độ cải thiện rõ rệt. Khối rubik GAN 356 M có thể điều chỉnh độ kín tùy theo sở thích riêng của mình để có được cảm giác phù hợp hơn khi chơi tốc độ</p>\r\n\r\n<p><iframe allowfullscreen=\"\" frameborder=\"0\" height=\"360\" src=\"https://www.youtube.com/embed/7Ye2vgQqRfY\" width=\"640\"></iframe></p>\r\n\r\n<p><strong>Thông Số kỹ thuật</strong></p>\r\n\r\n<ul>\r\n	<li>Thương hiệu: GAN</li>\r\n	<li>Vật chất: Nhựa ABS</li>\r\n	<li>Kích thước (tính bằng mm): 56 x 56 x 56</li>\r\n	<li>Trọng lượng sản phẩm (tính bằng gam): 74</li>\r\n	<li>Trọng lượng gói (tính bằng gam): 210</li>\r\n	<li>Bảng màu: Tiêu chuẩn</li>\r\n</ul>\r\n\r\n<p>Review Rubik 3x3 GAN 356 M Lite 3x3 Stickerless có nam châm  </p>\r\n', '', 'rubik-gan-356-m-no-ges-3x3-stickerless-co-nam-cham-cao-cap-sp006057-_bada.webp', '', '', '0', 'SP006057', 'san-pham', 'hienthi,noibat,banchay', '1', '14', '2025-07-27 01:48:28', '2025-08-20 16:50:20'),
('102', '2', '3', '0', '1', 'rubik-3x3-gan-356-m-stickerless-with-ges-cao-cap-co-nam-cham', '', 'Rubik 3x3 GAN 356 M Stickerless with GES+ (Cao cấp có nam châm)', '', '<p>GAN 356 M 3X3 là khối rubik cao cấp mới nhất trong phân khúc 3x3 được hãng GAN giới thiệu. Phiên bản này đi kèm với lõi IPG Numerical điều chỉnh tay kép độc đáo và một bộ tùy chọn lò xo GES dự phòng </p>\r\n\r\n<p>Thật dễ dàng để cảm thấy tốc độ cải thiện rõ rệt. Khối rubik GAN 356 M có thể điều chỉnh độ kín tùy theo sở thích riêng của mình để có được cảm giác phù hợp hơn khi chơi tốc độ</p>\r\n', '', '<p><strong>RUBIK GAN 356 M no GES+ 3x3 Stickerless (SP006057) Có nam châm cao cấp</strong></p>\r\n\r\n<p>GAN 356 M 3X3 là khối rubik cao cấp mới nhất trong phân khúc 3x3 được hãng GAN giới thiệu. Phiên bản này đi kèm với lõi IPG Numerical điều chỉnh tay kép độc đáo và một bộ tùy chọn lò xo GES dự phòng </p>\r\n\r\n<p>Thật dễ dàng để cảm thấy tốc độ cải thiện rõ rệt. Khối rubik GAN 356 M có thể điều chỉnh độ kín tùy theo sở thích riêng của mình để có được cảm giác phù hợp hơn khi chơi tốc độ</p>\r\n\r\n<p><img alt=\"\" data-src=\"https://rubikstore.vn/cdn/upload/images/1030392700x.jpg\" height=\"700\" src=\"https://rubikstore.vn/cdn/upload/images/1030392700x.jpg\" width=\"700\" /></p>\r\n\r\n<p><strong>GAN 356 M 3X3 Magnetic với lõi Numerical IPG có thể điều chỉnh kép với lò xo GES đi kèm. Đây là phiên bản đủ lò xo GES dự phòng đi kèm.</strong></p>\r\n\r\n<p>* Thông Số kỹ thuật</p>\r\n\r\n<p>- Thương hiệu: GAN<br />\r\n- Vật chất: Nhựa ABS<br />\r\n- Kích thước (tính bằng mm): 56 x 56 x 56<br />\r\n- Trọng lượng sản phẩm (tính bằng gam): 74<br />\r\n- Trọng lượng gói (tính bằng gam): 210<br />\r\n- Bảng màu: Tiêu chuẩn<br />\r\n*Xem video Review chi tiết Gan 356 M tại đây: (click vào ảnh)</p>\r\n\r\n<p><iframe allowfullscreen=\"\" frameborder=\"0\" height=\"360\" src=\"https://www.youtube.com/embed/7Ye2vgQqRfY\" width=\"640\"></iframe></p>\r\n\r\n<p>#rubik, rubik gan,rubik 3x3 gan,rubik gan 11m pro,rubik gan 356 xs,rubik gan giá rẻ,rubik 2x2 gan,rubik gan 356,rubik 3x3 gan 356 rs,rubik gan 356 rs,rubik gan 356 m,rubik 3x3 gan 11m pro,monster go 3x3,rubik gan x,rubik 4x4 gan,rubik gan rs,rubik gan xs,gan rs mkl,gan cube 3x3,gan i smart rubik\'s cube,rubik có nam châm,gan 356 rs có nam châm,gan rubik 3x3,rubik gan 3x3,gan rubik cube,rubik 3x3 gan giá rẻ</p>\r\n', '', 'rubik-3x3-gan-356-m-stickerless-with-ges-cao-cap-co-nam-cham-_253e.webp', '', '', '0', '', 'san-pham', 'hienthi,noibat,banchay', '1', '31', '2025-07-27 01:49:10', '2025-08-19 08:21:03'),
('103', '2', '3', '0', '1', 'rubik-gan-356-rs-stickerless-3x3x3-sp004254', '', 'Rubik Gan 356 RS stickerless 3x3x3 (SP004254)', '', '<p><span style=\"line-height:1;\"><span style=\"font-size:14px;\">+ Màu sắc có thay đổi hơn hẳn so với Gan R, giống màu của các loại Rubik Gan XS<br />\r\n+ Thiết kế các bề mặt rubik bằng nhựa nhám giúp hạn chế bị trầy xước<br />\r\n+ Core cũng được thay bằng core nhựa, làm giảm trọng lượng cube. Có thể điều chỉnh tension, độ nén lò xo bằng tay (2 mức: 0,6 và 0,8)<br />\r\n+ Kích thước 5,7 x 5,7 x 5,7 cm<br />\r\n+ Trọng lượng: 98g</span></span></p>\r\n', '', '<p><strong>Rubik 3x3 Gan 356 RS 3x3 Stickerless - Một siêu phẩm tầm trung mới ra mắt của hãng Rubik Gan với nhiều cải tiến</strong></p>\r\n\r\n<p>+ Là một sản phẩm đến từ hãng sản xuất rubik GAN cao cấp. Phiên bản GAN RS với cấu trúc mới nhất từ hãng, bề mặt được trang bị toàn bộ theo cấu trúc tổ ong, giúp tăng khả năng speed cho Rubik Gan 356 RS<br />\r\n+ Màu sắc có thay đổi hơn hẳn so với Gan R, giống màu của các loại Rubik Gan XS<br />\r\n+ Thiết kế các bề mặt rubik bằng nhựa nhám giúp hạn chế bị trầy xước<br />\r\n+ Core cũng được thay bằng core nhựa, làm giảm trọng lượng cube. Có thể điều chỉnh tension, độ nén lò xo bằng tay (2 mức: 0,6 và 0,8)<br />\r\n+ Kích thước 5,7 x 5,7 x 5,7 cm<br />\r\n+ Trọng lượng: 98g</p>\r\n\r\n<p><img alt=\"\" data-src=\"https://rubikstore.vn/cdn/upload/images/gan-356-rs.jpg\" height=\"704\" src=\"https://rubikstore.vn/cdn/upload/images/gan-356-rs.jpg\" width=\"700\" /></p>\r\n', '', 'rubik-gan-356-rs-stickerless-3x3x3-sp004254-_bc20.webp', '', '', '0', 'SP004254', 'san-pham', 'hienthi,noibat,banchay', '1', '11', '2025-07-27 01:50:05', '2025-08-18 23:32:31'),
('104', '2', '3', '61', '2', 'rubik-mofangjiaoshi-meilong-3x3-m-stickerless-co-nam-cham-sp006076', '', 'Rubik Mofangjiaoshi Meilong 3x3 M Stickerless có nam châm (SP006076)', '', '<h4>Khối Rubik 3x3 MoYu MeiLong 3M Có Nam Châm (Hãng Mod M)</h4>\r\n\r\n<h4>- Tên sản phẩm: MoYu MFJS Meilong 3M 3x3</h4>\r\n\r\n<p>- Hãng sản xuất: Cubing Classroom - MoYu</p>\r\n\r\n<p>- Kích thước cube: 55mm</p>\r\n\r\n<p>- Khối lượng cube: 72g</p>\r\n\r\n<p>- Màu Sắc: Stickerless</p>\r\n\r\n<p>- Dòng Meilong vừa cho ra mắt những khối được gắn sẵn nam châm với mức giá cực kì rẻ.</p>\r\n', '', '<p> Rubik 3x3 MoYu MeiLong 3M M Series MoYu M MeiLong M Rubic 3x3x3 Nam Châm Stickerless</p>\r\n\r\n<p><iframe allowfullscreen=\"\" frameborder=\"0\" height=\"360\" src=\"https://www.youtube.com/embed/TYegp3b86HY\" width=\"640\"></iframe></p>\r\n\r\n<p><img alt=\"\" data-src=\"https://rubikstore.vn/cdn/old/uploadfck/44149c70e9f014ae4de1.jpg\" height=\"600\" sizes=\"600\" src=\"https://rubikstore.vn/cdn/old/uploadfck/44149c70e9f014ae4de1.jpg\" width=\"600\" /></p>\r\n\r\n<p><iframe allowfullscreen=\"\" frameborder=\"0\" height=\"360\" src=\"https://www.youtube.com/embed/mOfE3IZw98E\" width=\"640\"></iframe></p>\r\n\r\n<h4>Khối Rubik 3x3 MoYu MeiLong 3M Có Nam Châm (Hãng Mod M)</h4>\r\n\r\n<h4>- Tên sản phẩm: MoYu MFJS Meilong 3M 3x3</h4>\r\n\r\n<p>- Hãng sản xuất: Cubing Classroom - MoYu</p>\r\n\r\n<p>- Kích thước cube: 55mm</p>\r\n\r\n<p>- Khối lượng cube: 72g</p>\r\n\r\n<p>- Màu Sắc: Stickerless</p>\r\n\r\n<p>- Dòng Meilong vừa cho ra mắt những khối được gắn sẵn nam châm với mức giá cực kì rẻ.</p>\r\n\r\n<p>- Lực hút nam châm nhẹ đến vừa</p>\r\n\r\n<p>- Vừa mở hộp có thể hơi khô, cần lube lại để có trải nghiệm tốt hơn.</p>\r\n\r\n<p>- Xoay êm, không rít, không kẹt</p>\r\n\r\n<p>- Cực kì tốt trong tầm giá.</p>\r\n\r\n<p>- Phụ kiện: tua vít, giấy công thức, moyu cards</p>\r\n', '', 'rubik-mofangjiaoshi-meilong-3x3-m-stickerless-co-nam-cham-sp006076-_85b7.webp', '', '', '0', 'SP006076', 'san-pham', 'hienthi,noibat,banchay', '1', '14', '2025-07-27 01:50:32', '2025-08-18 23:29:51'),
('105', '2', '2', '0', '9', 'rubik-yuxin-little-magic-2x2-black-sp004867', '', 'Rubik YuXin Little Magic 2x2 Black - SP004867', '', '<p><strong>Đồ chơi Rubik Valk 2x2 M</strong> có nam châm không chỉ giúp người chơi có những giây phút thư giãn, giải trí với những vòng xoay tùy ý quanh chiếc rubik mà nó còn giúp người chơi, đặc biệt là trẻ em nâng cao khả năng tư duy và phát triển trí não</p>\r\n', '', '<p><strong>Đồ chơi Rubik Valk 2x2 M</strong> có nam châm không chỉ giúp người chơi có những giây phút thư giãn, giải trí với những vòng xoay tùy ý quanh chiếc rubik mà nó còn giúp người chơi, đặc biệt là trẻ em nâng cao khả năng tư duy và phát triển trí não</p>\r\n\r\n<p>Rubik là đồ chơi phù hợp với trẻ ở mọi độ tuổi để trẻ có thể chơi mọi lúc mọi nơi bởi kích cỡ và kiểu dáng nhỏ gọn, những chi tiết được xoay dễ dàng và cách chơi cũng vô cùng đơn giản. Đồ chơi Rubik có những lợi ích tiềm tàng vượt trội hơn những loại đồ chơi trí tuệ khác để bố mẹ có thể sẵn sàng mua cho con mình để phát triển trí não một cách tối đa.  - Thiết kế với cấu trúc mới giúp giải nhanh, giải tốc độ.  - Rubik xoay trơn, không kẹt, không rít  - Độ bền cao  - Chất liệu nhựa ABS an toàn, không độc hại  - Rèn luyện trí nhớ, sự thông minh, sáng tạo và khéo léo.  </p>\r\n', '', 'rubik-yuxin-little-magic-2x2-black-sp004867_212d.webp', '', '', '0', '', 'san-pham', 'hienthi,noibat,banchay', '1', '17', '2025-07-27 01:50:50', '2025-08-19 08:57:24'),
('106', '2', '2', '0', '10', 'qiyi-valk-2-2x2x2-m', '', 'QiYi Valk 2 2x2x2 M', '', '<p><strong>Đồ chơi Rubik Valk 2x2 M</strong> có nam châm không chỉ giúp người chơi có những giây phút thư giãn, giải trí với những vòng xoay tùy ý quanh chiếc rubik mà nó còn giúp người chơi, đặc biệt là trẻ em nâng cao khả năng tư duy và phát triển trí não</p>\r\n', '', '<p><strong>Đồ chơi Rubik Valk 2x2 M</strong> có nam châm không chỉ giúp người chơi có những giây phút thư giãn, giải trí với những vòng xoay tùy ý quanh chiếc rubik mà nó còn giúp người chơi, đặc biệt là trẻ em nâng cao khả năng tư duy và phát triển trí não</p>\r\n\r\n<p>Rubik là đồ chơi phù hợp với trẻ ở mọi độ tuổi để trẻ có thể chơi mọi lúc mọi nơi bởi kích cỡ và kiểu dáng nhỏ gọn, những chi tiết được xoay dễ dàng và cách chơi cũng vô cùng đơn giản. Đồ chơi Rubik có những lợi ích tiềm tàng vượt trội hơn những loại đồ chơi trí tuệ khác để bố mẹ có thể sẵn sàng mua cho con mình để phát triển trí não một cách tối đa.  - Thiết kế với cấu trúc mới giúp giải nhanh, giải tốc độ.  - Rubik xoay trơn, không kẹt, không rít  - Độ bền cao  - Chất liệu nhựa ABS an toàn, không độc hại  - Rèn luyện trí nhớ, sự thông minh, sáng tạo và khéo léo.  </p>\r\n', '', 'qiyi-valk-2-2x2x2-m_ddf1.webp', '0', '0', '0', '26938', 'san-pham', 'hienthi,noibat,banchay', '1', '28', '2025-07-27 01:51:05', '2025-08-18 23:25:10'),
('107', '2', '2', '47', '1', 'rubik-mofangjiaoshi-meilong-2x2x2-stickerless-sp005837', 'hoa-bo-tieng-anhh', 'Rubik Mofangjiaoshi Meilong 2x2x2 Stickerless - SP005837', 'hoa bó tiếng anh', '<p><strong>Chính sách ưu đãi:</strong></p>\r\n\r\n<ul>\r\n	<li>Chương trình hỗ trợ học sinh, sinh viên giảm giá 10% hóa đơn trên 200.000đ đối với khách mua online. Khách mua trực tiếp tại showroom giảm giá 10% không giới hạn giá trị đơn hàng.</li>\r\n	<li> Chương trình khách hàng thân thiết.</li>\r\n	<li>  Chương trình tích điểm đổi quà.</li>\r\n	<li>Tặng voucher ngày sinh nhật.</li>\r\n	<li>Tặng quà, tri ân khách hàng cuối năm. </li>\r\n	<li>Freeship thường đơn hàng trên 200.000đ. Đối với các khu vực nội thành Hà Nội & TP Hồ Chí Minh, hóa đơn trên 500.000đ được</li>\r\n</ul>\r\n', '', '<p><strong>Chính sách ưu đãi:</strong></p>\r\n\r\n<ol>\r\n	<li>  Chương trình hỗ trợ học sinh, sinh viên giảm giá 10% hóa đơn trên 200.000đ đối với khách mua online. Khách mua trực tiếp tại showroom giảm giá 10% không giới hạn giá trị đơn hàng.</li>\r\n	<li>  Chương trình khách hàng thân thiết.</li>\r\n	<li>   Chương trình tích điểm đổi quà.</li>\r\n	<li>  Tặng voucher ngày sinh nhật.</li>\r\n	<li>  Tặng quà, tri ân khách hàng cuối năm. </li>\r\n	<li>  Freeship thường đơn hàng trên 200.000đ. Đối với các khu vực nội thành Hà Nội & TP Hồ Chí Minh, hóa đơn trên 500.000đ được</li>\r\n</ol>\r\n', '', 'rubik-mofangjiaoshi-meilong-2x2x2-stickerless-sp005837_5918.webp', '', '', '0', 'SP005837', 'san-pham', 'hienthi,noibat,banchay', '1', '46', '2025-07-27 01:52:37', '2025-08-18 23:22:16'),
('116', '4', '8', '0', '10', 'rubik-qiyi-wuhua-6x6-v2-sp002445', '', 'Rubik QiYi Wuhua 6x6 V2 SP002445', '', '<p>Chương trình hỗ trợ học sinh, sinh viên giảm giá 10% hóa đơn trên 200.000đ đối với khách mua online. Khách mua trực tiếp tại showroom giảm giá 10% không giới hạn giá trị đơn hàng.<br />\r\n  Chương trình khách hàng thân thiết.<br />\r\n   Chương trình tích điểm đổi quà.<br />\r\n  Tặng voucher ngày sinh nhật.<br />\r\n  Tặng quà, tri ân khách hàng cuối năm. </p>\r\n', '', '<p>Chính sách ưu đãi:</p>\r\n\r\n<p>   Chương trình hỗ trợ học sinh, sinh viên giảm giá 10% hóa đơn trên 200.000đ đối với khách mua online. Khách mua trực tiếp tại showroom giảm giá 10% không giới hạn giá trị đơn hàng.<br />\r\n  Chương trình khách hàng thân thiết.<br />\r\n   Chương trình tích điểm đổi quà.<br />\r\n  Tặng voucher ngày sinh nhật.<br />\r\n  Tặng quà, tri ân khách hàng cuối năm. <br />\r\n  Freeship thường đơn hàng trên 100.000đ, freeship nhanh đơn hàng trên 500.000đ với các vùng ngoại thành Hà Nội và tỉnh thành. Đối với các khu vực nội thành Hà Nội, hóa đơn trên 500.000đ được freeship.</p>\r\n\r\n<p><img alt=\"\" data-src=\"https://rubikstore.vn/cdn/old/uploadfck/IMG_5723(1).jpg\" height=\"500\" src=\"https://rubikstore.vn/cdn/old/uploadfck/IMG_5723(1).jpg\" width=\"750\" /></p>\r\n', '', 'rubik-qiyi-wuhua-6x6-v2-sp002445_e2ac.webp', '', '', '0', '', 'san-pham', 'hienthi,noibat,banchay', '1', '2', '2025-08-18 23:49:45', '2025-08-19 23:09:22'),
('117', '4', '9', '0', '6', 'rubik-moyu-meilong-7x7-v2-m-stickerless', '', 'Rubik MoYu Meilong 7x7 V2 M Stickerless', '', '<p>Nhà sản xuất MoFang JiaoShi<br />\r\nLoại rubik 7x7<br />\r\nSản xuất ra mắt :  28-09-2023<br />\r\nTổng trọng lượng: 198g<br />\r\nKích thước :63,0mm3<br />\r\nChức năng: có Nam châm<br />\r\nTrọng lượng sản phẩm :165,0g</p>\r\n', '', '<p><strong>Rubik MoYu Meilong 7x7 V2 M Stickerless</strong></p>\r\n\r\n<p><strong><img alt=\"\" data-src=\"https://rubikstore.vn/cdn/upload/images/d012413b6577cb299266.jpg\" height=\"437\" src=\"https://rubikstore.vn/cdn/upload/images/d012413b6577cb299266.jpg\" width=\"655\" /></strong></p>\r\n\r\n<p>Là bigcube của khối lập phương. Rubik MoYu Meilong 7x7 V2 M Stickerless là khối rubik có cải tiến và là phiên bản có nam châm </p>\r\n\r\n<p>Nhà sản xuất MoFang JiaoShi<br />\r\nLoại rubik 7x7<br />\r\nSản xuất ra mắt :  28-09-2023<br />\r\nTổng trọng lượng: 198g<br />\r\nKích thước :63,0mm3<br />\r\nChức năng: có Nam châm<br />\r\nTrọng lượng sản phẩm :165,0g</p>\r\n\r\n<p>Là sản phẩm được cải tiến hơn so với phiên bản V1 . Các khối góc mở rộng đến bên trong, từng lớp, cải thiện sự ổn định của tổng thể, và giảm đáng kể xác suất của lớp sai</p>\r\n\r\n<p>Khối trung tâm và các sườn ẩn có thiết kế rỗng diện tích lớn, giúp giảm độ co ngót của vật liệu và cho phép trọng lượng được kiểm soát trong phạm vi thoải mái hơn, và bạn cảm thấy nhẹ hơn khi xoay</p>\r\n\r\n<p>Bề mặt tĩnh. Mang lại cảm giác tốt cho bàn tay và tránh trầy xước trên các hình khối không có nhãn dán</p>\r\n', '', 'rubik-moyu-meilong-7x7-v2-m-stickerless_d293.webp', '', '', '0', '', 'san-pham', 'hienthi,noibat,banchay', '1', '1', '2025-08-18 23:51:26', '2025-08-18 23:51:29'),
('118', '4', '9', '0', '5', 'rubik-yj-mgc-7x7-stickerless-sp006345', '', 'Rubik YJ MGC 7x7 Stickerless (SP006345)', '', '<p>Rubik YJ MGC 7x7 Stickerless là sản phẩm 7x7 mới nhất trong dòng MGC của YJ. Chiếc rubik 7x7 này được trang bị sẵn nam châm hút khá mạnh, cảm giác chơi cực kì đã ngay từ khi mới mở hộp.Với kích thước lớn hơn một chút so với các loại 7x7 trên thị trường, chiếc rubik này sẽ đem lại cảm giác chơi mượt mà và ổn định tuyệt vời cho người chơi.</p>\r\n', '', '<p>Rubik YJ MGC 7x7 Stickerless là sản phẩm 7x7 mới nhất trong dòng MGC của YJ. Chiếc rubik 7x7 này được trang bị sẵn nam châm hút khá mạnh, cảm giác chơi cực kì đã ngay từ khi mới mở hộp.Với kích thước lớn hơn một chút so với các loại 7x7 trên thị trường, chiếc rubik này sẽ đem lại cảm giác chơi mượt mà và ổn định tuyệt vời cho người chơi.</p>\r\n\r\n<p> </p>\r\n\r\n<p><iframe allow=\"accelerometer; autoplay; clipboard-write; encrypted-media; gyroscope; picture-in-picture; web-share\" allowfullscreen=\"\" frameborder=\"0\" height=\"315\" scrolling=\"no\" src=\"https://www.youtube.com/embed/VfMeaeRzeNE\" title=\"YouTube video player\" width=\"560\"></iframe></p>\r\n', '', 'rubik-yj-mgc-7x7-stickerless-sp006345-_cb29.webp', '', '', '0', '', 'san-pham', 'hienthi,noibat,banchay', '1', '0', '2025-08-18 23:52:54', '2025-08-18 23:52:54'),
('119', '4', '9', '0', '6', 'rubik-x-man-7x7-spark-m-stickerless-sp004492', '', 'Rubik X-man 7x7 Spark M Stickerless - SP004492', '', '<p>Rubik YJ MGC 7x7 Stickerless là sản phẩm 7x7 mới nhất trong dòng MGC của YJ. Chiếc rubik 7x7 này được trang bị sẵn nam châm hút khá mạnh, cảm giác chơi cực kì đã ngay từ khi mới mở hộp.Với kích thước lớn hơn một chút so với các loại 7x7 trên thị trường, chiếc rubik này sẽ đem lại cảm giác chơi mượt mà và ổn định tuyệt vời cho người chơi.</p>\r\n', '', '<article id=\"description\">\r\n<p><img alt=\"\" data-src=\"https://rubikstore.vn/cdn/old/uploadfck/image_a411405c-fada-4a73-b447-f8a9df02b87e_1024x1024.jpg\" height=\"600\" src=\"https://rubikstore.vn/cdn/old/uploadfck/image_a411405c-fada-4a73-b447-f8a9df02b87e_1024x1024.jpg\" width=\"800\" /></p>\r\n\r\n<p><img alt=\"\" data-src=\"https://rubikstore.vn/cdn/old/uploadfck/y_grande.png\" height=\"500\" src=\"https://rubikstore.vn/cdn/old/uploadfck/y_grande.png\" width=\"500\" /></p>\r\n\r\n<p><iframe allowfullscreen=\"\" frameborder=\"0\" height=\"360\" src=\"https://www.youtube.com/embed/o6A_wMNHD0E\" width=\"640\"></iframe></p>\r\n</article>\r\n', '', 'rubik-x-man-7x7-spark-m-stickerless-sp004492_af14.webp', '', '', '0', '', 'san-pham', 'hienthi,noibat,banchay', '1', '2', '2025-08-18 23:54:22', '2025-08-18 23:54:28'),
('120', '4', '13', '0', '10', 'rubik-8x8-qiyi-8x8x8-stickerless', '', 'Rubik 8x8 QiYi 8x8x8 Stickerless', '', '<p>QiYi 8x8 Stickerless chiếc rubik 8x8 cao cấp đến từ hãng QiYi. Chiếc rubik này được thiết kế theo kiểu vuông giống với các mẫu từ 2x2-7x7. Cấu trúc hiện đại, cứng cáp giúp cube xoay trơn tru ngay từ khi mới mở hộp. Màu sắc nhựa tươi sáng, dễ nhìn và dễ phân biệt màu cũng là một ưu điểm của cube này.</p>\r\n', '', '<p>QiYi 8x8 Stickerless chiếc rubik 8x8 cao cấp đến từ hãng QiYi. Chiếc rubik này được thiết kế theo kiểu vuông giống với các mẫu từ 2x2-7x7. Cấu trúc hiện đại, cứng cáp giúp cube xoay trơn tru ngay từ khi mới mở hộp. Màu sắc nhựa tươi sáng, dễ nhìn và dễ phân biệt màu cũng là một ưu điểm của cube này.</p>\r\n\r\n<p><img alt=\"\" data-src=\"https://rubikstore.vn/cdn/upload/images/qiyi-8x8.jpg\" height=\"512\" src=\"https://rubikstore.vn/cdn/upload/images/qiyi-8x8.jpg\" width=\"512\" /></p>\r\n', '', 'rubik-8x8-qiyi-8x8x8-stickerless_2400.webp', '', '', '0', '', 'san-pham', 'hienthi,noibat,banchay', '1', '1', '2025-08-18 23:55:38', '2025-08-18 23:56:03'),
('121', '4', '13', '0', '9', 'rubik-yuxin-little-magic-8x8-stickerless-sp005178', '', 'Rubik YuXin Little Magic 8x8 stickerless - SP005178', '', '<p>Thiết kế vít đầu chìm: Sử dụng công nghệ vít chìm, trung tâm bên trong có thể được tối đa hóa, vòng quay bên trong mượt mà hơn, giúp cải thiện hiệu suất</p>\r\n\r\n<p>Thiết kế bản vá:  Sử dụng thiết kế bản vá, cao để không còn sợ nhãn dán rơi.</p>\r\n\r\n<p>Với thiết kế mở rộng bên ngoài sẽ không dễ dàng loại bỏ, dễ kiểm soát, dễ vận hành hơn khi chơi</p>\r\n', '', '<h2>YuXin Little Magic 8x8 stickerless</h2>\r\n\r\n<p>Bề mặt được thiết kế với một miếng vá mờ để ngăn khối lập phương bị trầy xước</p>\r\n\r\n<p>Sự phù hợp màu sắc của các hình khối là tương phản sắc nét, thuận tiện cho người chơi quan sát và phân biệt tốt hơn trong quá trình chơi</p>\r\n\r\n<p>Thiết kế vít đầu chìm: Sử dụng công nghệ vít chìm, trung tâm bên trong có thể được tối đa hóa, vòng quay bên trong mượt mà hơn, giúp cải thiện hiệu suất</p>\r\n\r\n<p>Thiết kế bản vá:  Sử dụng thiết kế bản vá, cao để không còn sợ nhãn dán rơi.</p>\r\n\r\n<p>Với thiết kế mở rộng bên ngoài sẽ không dễ dàng loại bỏ, dễ kiểm soát, dễ vận hành hơn khi chơi</p>\r\n', '', 'rubik-yuxin-little-magic-8x8-stickerless-sp005178_a029.webp', '', '', '0', '', 'san-pham', 'hienthi,noibat,banchay', '1', '1', '2025-08-18 23:57:12', '2025-08-18 23:57:34'),
('122', '4', '14', '0', '9', 'rubik-yuxin-little-magic-9x9-stickerless-sp005177', '', 'Rubik YuXin Little Magic 9x9 stickerless - SP005177', '', '<p>Rubik Mofangjiaoshi Meilong 9x9 stickerless</p>\r\n\r\n<p><strong>Chính sách bảo hành:</strong></p>\r\n\r\n<p>  Chính sách bảo hành 1 đổi 1 trong 1 tuần.</p>\r\n\r\n<p>  Bảo hành trọn đời sản phẩm.</p>\r\n', '', '<p>Rubik Mofangjiaoshi Meilong 9x9 stickerless</p>\r\n\r\n<p><strong>Chính sách bảo hành:</strong></p>\r\n\r\n<p>  Chính sách bảo hành 1 đổi 1 trong 1 tuần.</p>\r\n\r\n<p>  Bảo hành trọn đời sản phẩm.</p>\r\n', '', 'rubik-yuxin-little-magic-9x9-stickerless-sp005177_4417.webp', '', '', '0', '', 'san-pham', 'hienthi,noibat,banchay', '1', '3', '2025-08-19 00:03:24', '2025-08-19 14:05:47'),
('123', '4', '46', '0', '9', 'rubik-10x10-yuxin-little-magic-10x10x10-stickerless', '', 'Rubik 10x10 Yuxin Little Magic 10x10x10 Stickerless', '', '<p>Rubik 10x10 Yuxin Little Magic 10x10x10 Stickerless</p>\r\n\r\n<p>YuXin Little Magic 10x10 là một rubik khổng lồ 10 tầng của hãng  YuXin. Đây là Rubik 10x10 thứ hai trong dòng sản phẩm của họ và mang chất lượng khối bigcube 10x10 của YuXin tuyệt vời với mức giá khá rẻ</p>\r\n', '', '<h2>Rubik 10x10 Yuxin Little Magic 10x10x10 Stickerless</h2>\r\n\r\n<p>YuXin Little Magic 10x10 là một rubik khổng lồ 10 tầng của hãng  YuXin. Đây là Rubik 10x10 thứ hai trong dòng sản phẩm của họ và mang chất lượng khối bigcube 10x10 của YuXin tuyệt vời với mức giá khá rẻ</p>\r\n\r\n<p style=\"text-align:center\"><img alt=\"\" src=\"/web/admin/uploads/filemanager/images/san-pham/rubik-10x10-yuxin-little-magic-10x10x10-stickerless-P1485-1691668747785.jpg\" width=\"800\" /></p>\r\n\r\n<p> </p>\r\n', '', 'rubik-10x10-yuxin-little-magic-10x10x10-stickerless_2e22.webp', '', '', '0', '', 'san-pham', 'hienthi,noibat,banchay', '1', '2', '2025-08-19 00:06:12', '2025-08-19 00:06:39');

DROP TABLE IF EXISTS `tbl_product_brand`;
CREATE TABLE `tbl_product_brand` (
  `id` int(11) NOT NULL AUTO_INCREMENT,
  `slugvi` varchar(255) DEFAULT NULL,
  `slugen` varchar(255) DEFAULT NULL,
  `contenten` mediumtext DEFAULT NULL,
  `contentvi` mediumtext DEFAULT NULL,
  `descen` mediumtext DEFAULT NULL,
  `descvi` mediumtext DEFAULT NULL,
  `nameen` varchar(255) DEFAULT NULL,
  `namevi` varchar(255) DEFAULT NULL,
  `file` varchar(255) DEFAULT NULL,
  `icon` varchar(255) NOT NULL,
  `options` mediumtext DEFAULT NULL,
  `numb` int(11) DEFAULT 0,
  `status` varchar(255) DEFAULT NULL,
  `type` varchar(30) DEFAULT NULL,
  `date_created` datetime NOT NULL DEFAULT current_timestamp(),
  `date_updated` datetime NOT NULL DEFAULT current_timestamp() ON UPDATE current_timestamp(),
  PRIMARY KEY (`id`)
) ENGINE=MyISAM AUTO_INCREMENT=19 DEFAULT CHARSET=utf8mb4 COLLATE=utf8mb4_unicode_ci;

INSERT INTO `tbl_product_brand` (`id`, `slugvi`, `slugen`, `contenten`, `contentvi`, `descen`, `descvi`, `nameen`, `namevi`, `file`, `icon`, `options`, `numb`, `status`, `type`, `date_created`, `date_updated`) VALUES
('1', 'gan', '', '', '<p><span id=\"cke_bm_1968S\" style=\"display: none;\"> </span>GAN là một công ty được thành lập vào năm 2014 trải dài trong nhiều lĩnh vực từ nghiên cứu, phát triển, thiết kế cho đến sản xuất các khối rubik. GAN đã không còn xa lạ trong mắt các cuber trong suốt thời gian vừa qua với nhiều khối rubik mang lại trải nghiệm tuyệt vời cho các cuber.</p>\r\n\r\n<p style=\"text-align:center\"><img alt=\"\" src=\"/web/admin/uploads/filemanager/images/san-pham/gan_8870.jpg\" width=\"1000\" /></p>\r\n\r\n<p><br />\r\nTMT đã tổng hợp lại và đưa ra so sánh khách quan đối với ba dòng rubik dành cho những người mới chơi nhé!</p>\r\n\r\n<h2>1. Gan mini Pro</h2>\r\n\r\n<ul>\r\n	<li>\r\n	<p>Là phiên bản rút gọn của Gan 11M Pro và là phiên bản cải tiến của Gan356XS, sở hữu core nam châm vô cùng độc đáo</p>\r\n	</li>\r\n</ul>\r\n\r\n<ul>\r\n	<li>\r\n	<p>Hệ thống nam châm core mới tinh với trọng lượng siêu nhẹ với 54g sẽ đem lại cảm giác xoay nhẹ nhàng cho các cuber</p>\r\n	</li>\r\n	<li>\r\n	<p>Hệ thống nam châm core mới tinh là phiên bản nâng cấp </p>\r\n	</li>\r\n	<li>\r\n	<p>Được nhiều Pro cuber trên thế giới sử dụng và đánh giá cao ( Felix Zemdegs với 2 lần nắm giữ kỷ lục thế giới)</p>\r\n	</li>\r\n</ul>\r\n\r\n<h2>2.  Gan 11M Pro</h2>\r\n\r\n<ul>\r\n	<li>\r\n	<p>GAN 11 M PRO là flagship cực kì được trông đợi trong năm 2020 của GAN CUBE. Được trang bị hệ thống nam châm gắn vào core mới (omnidirectional magnetic core), chiếc rubik độc đáo này mang lại cảm giác vô cùng mới lạ và dễ điều chỉnh.</p>\r\n	</li>\r\n	<li>\r\n	<p>Nam châm gắn core (omnidirectional magnetic core) là hệ thống nam châm core - góc đầu tiên trên thế giới. Ngoài 48 viên nam châm cạnh - góc như truyền thống, GAN 11 M PRO còn có thêm 8 cặp góc - core được gắn nam châm. Điều này làm cube có cảm giác khít, hút mạnh và xoay chắc chắn hơn nhiều.</p>\r\n	</li>\r\n	<li>\r\n	<p>GAN 11 M PRO được trang bị hệ thống chỉnh lực lò xo kép tương tự như GAN 356 XS. 6 nấc tương ứng với 6 độ nén lò xo được chỉnh rất dễ dàng bằng dụng cụ được cho sẵn. Ngoài ra bạn có thể chỉnh thêm bằng tay 4 nấc ở nút xanh dương bên ngoài.</p>\r\n	</li>\r\n	<li>\r\n	<p>GAN 11 M PRO đang có sẵn hai phiên bản là Frosted Stickerless Primary và Frosted Stickerless Black.</p>\r\n	</li>\r\n</ul>\r\n\r\n<h2>3. Gan 354M </h2>\r\n\r\n<p> -Gan 354 M được hãng gắn sẵn nam châm lực hút tầm trung rất vừa tay - Kích thước 54mm phù hợp với những bạn chơi bộ môn one-handed ( một tay ) </p>\r\n\r\n<p> -Bề mặt nhựa nhám tương tự khối Gan 356 XS chống trầy, chống bị chói mắt và không bị tuột tay, mang lại cảm giác cầm rất chắc chắn</p>\r\n\r\n<p> -Hệ thống ốc GES mới có thể chỉnh bằng tay mà không cần dụng cụ </p>\r\n\r\n<p>-Độ cắt góc cực kì tốt </p>\r\n\r\n<p>-Cube siêu mượt và thậm chí còn mượt hơn sau khi set-up, ngoài ra khi xoay cube cũng không quá ồn</p>\r\n\r\n<p>-Cảm giác xoay rất êm và có tí hơi giòn, dứt khoát</p>\r\n\r\n<p> - Cuối cùng là tốc độ cube nhanh, những cuber chơi tốc độ có thể dùng thoải mái - Nếu không ngại về kích thước nhỏ thì đây là 1 khối mà mọi người nên mua vì giá cả hợp lý bên cạnh những khối rubik của các hãng khác</p>\r\n', NULL, NULL, '', 'GAN', 'gan_80d1.png', 'gan_6476.webp', NULL, '1', 'hienthi,noibat', 'san-pham', '2025-08-20 00:49:42', '2025-08-20 00:49:42'),
('2', 'meilong', '', '', '', NULL, NULL, '', 'Meilong', 'meilong_3401.png', 'meilong_e22f.png', NULL, '8', 'hienthi,noibat', 'san-pham', '2025-08-20 00:49:42', '2025-08-20 00:49:42'),
('5', 'rubik-yj', '', '', '<p><span style=\"font-size:16px;\">YJ là một công ty đã tồn tại khá lâu. Họ đã tung ra một vài chiếc Speedcube vào năm 2010 để cạnh tranh với Alpha Puzzle nổi tiếng lúc bấy giờ (thậm chí cả hai bên còn hợp tác để tạo ra một chiếc speedcube). Có thể bạn không biết nhưng MoYu - một thương hiệu nổi tiếng với dòng Speedcube GTS nổi tiếng là thương hiệu con của YJ.</span></p>\r\n', NULL, NULL, '', 'Rubik YJ', 'rubik-yj_d42a.jpg', 'rubik-yj_dc14.webp', NULL, '7', 'hienthi,noibat', 'san-pham', '2025-08-20 00:49:42', '2025-08-20 00:49:42'),
('6', 'moyu', '', '', '<p><span style=\"line-height:2;\"><span style=\"font-size:16px;\">MoYu là một trong những nhà sản xuất Rubik xịn - nổi tiếng nhất cho đến nay. Họ tập trung vào việc tạo ra những dòng Speedcube tốt nhất và một số sản phẩm của họ xuất hiện nhiều trong kỷ lục thế giới. Cùng với việc sản xuất ra những chiếc Rubik đấu giải, họ cũng tạo ra một số biến thể độc đáo. Khác với một số thương hiệu Rubik đã làm từ lâu, MoYu là một trong những công ty trẻ duy nhất có thể tồn tại và phát triển bất chấp sự cạnh tranh khốc liệt trên thị trường. Các công ty như GAN và QiYi đang cố lấy lại thị trường Speedcube 3x3 từ sự thống trị của MoYu nhưng sức ảnh hưởng của họ vẫn rất lớn.</span></span></p>\r\n', NULL, NULL, '', 'MoYu', 'moyu_6957.webp', 'moyu_fd04.webp', NULL, '2', 'hienthi,noibat', 'san-pham', '2025-08-20 00:49:42', '2025-08-20 00:49:42'),
('7', 'dayan', '', '', '<p>DaYan là một trong những thương hiệu Rubik lâu đời nhất hiện có. Họ từng thống trị một thời gian trên thị trường nhưng hiện tại các công ty khác đã tạo ra những Speedcube vượt trội mà DaYan đơn giản là không thể cạnh tranh được. Tuy nhiên, họ cũng có một số sản phẩm có chất lượng rất tốt và đáng tin cậy.</p>\r\n', NULL, NULL, '', 'DaYan', 'dayan_b050.jpg', 'dayan_eb35.webp', NULL, '6', 'hienthi,noibat', 'san-pham', '2025-08-20 00:49:42', '2025-08-20 00:49:42'),
('8', 'shengshou', '', '', '<p><span style=\"font-size:16px;\">ShengShou giống như DaYan, cũng là một trong những thương hiệu lâu đời. Họ là một trong những công ty đầu tiên sản xuất các khối lớn hơn như 8x8, 9x9 và 10x10. Các Speedcube 4x4 và 5x5 của họ là sự lựa chọn hàng đầu cho đến khi MoYu xuất hiện. Nói vậy không có nghĩa là sản phẩm của họ kém đi, Speedcube của ShengShou vẫn được hầu hết người chơi Rubik yêu thích và tin dùng. Đơn giản bởi họ rất “chiều chuộng” người chơi khi liên tục sửa đổi hay nâng cấp sản phẩm. Nếu bạn cần một chiếc Speedcube đáng tin cậy ở bất kỳ kích thước nào, hãy kiểm tra Shengshou trước. </span></p>\r\n', NULL, NULL, '', 'ShengShou', 'shengshou_1237.webp', 'shengshou_a7c1.webp', NULL, '5', 'hienthi,noibat', 'san-pham', '2025-08-20 00:49:42', '2025-08-20 00:49:42'),
('9', 'yuxin', '', '', '<p>Yuxin đã tạo nên tên tuổi của mình bằng cách phát hành chiếc Rubik lớn nhất lúc bấy giờ - 11x11. Sau đó họ cố gắng xâm nhập vào thị trường Speedcube và sản phẩm tốt nhất khi đó của họ là YuXin 4x4 - thách thức trực tiếp với Aosu 4x4 của MoYu. YuXin được người chơi Rubik biết tới với hai điều: chuyên Rubik kích thước lớn và có giá rẻ. Đây có lẽ là thương hiệu tốt nhất cho một speedcuber với kinh tế hạn hẹp.</p>\r\n', NULL, NULL, '', 'Yuxin', 'yuxin_bb49.jpg', 'yuxin_f3df.webp', NULL, '4', 'hienthi,noibat', 'san-pham', '2025-08-20 00:49:42', '2025-08-20 00:49:42'),
('10', 'qiyi', '', '', '<p><span style=\"font-size:16px;\">Thương hiệu QiYi bắt đầu trong giai đoạn tồi tệ nhất đối với bất kỳ thương hiệu Rubik nào - giống như MoYu. Sản phẩm đầu tiên của họ là Bullfight và Warrior không nhận được nhiều sự chú ý nhưng chẳng mấy chốc, thời thế thay đổi. Họ đã tạo ra những Speedcube Square-1 chất lượng đầu tiên và sản phẩm nổi tiếng nhất của họ cho đến nay là Valk 3 - một 3x3 tuyệt vời và được phối hợp cùng Mats Valk để thiết kế. Một trong những kỷ lục trên thế giới trước đó là 4,74 giây đã được Valk xác lập bằng chính khối Speedcube của riêng mình.</span></p>\r\n', NULL, NULL, '', 'QiYi', 'qiyi_a30d.png', 'qiyi_7dc9.webp', NULL, '3', 'hienthi,noibat', 'san-pham', '2025-08-20 00:49:42', '2025-08-20 00:49:42'),
('14', 'diansheng', '', '', '<p>DianSheng 3x3 M là khối rubik tốc độ hiện đại đầu tiên của công ty. Khối rubik 3x3 bằng nhựa mờ này có vẻ ngoài rất độc đáo nhờ thiết kế nắp trung tâm mới. Việc xoay trở diễn ra mượt mà ngay khi mở hộp và có cảm giác từ tính trung bình/mạnh.</p>\r\n', NULL, NULL, '', 'DianSheng', 'diansheng_19d9.jpg', 'diansheng_f0a9.jpg', NULL, '9', 'noibat,hienthi', 'san-pham', '2025-08-20 00:49:42', '2025-08-20 15:49:09');

DROP TABLE IF EXISTS `tbl_product_cat`;
CREATE TABLE `tbl_product_cat` (
  `id` int(11) NOT NULL AUTO_INCREMENT,
  `slugvi` text NOT NULL,
  `slugen` text NOT NULL,
  `namevi` text NOT NULL,
  `nameen` text NOT NULL,
  `descvi` text NOT NULL,
  `descen` text NOT NULL,
  `contentvi` text NOT NULL,
  `contenten` text NOT NULL,
  `id_list` int(11) NOT NULL,
  `file` varchar(100) DEFAULT NULL,
  `status` text NOT NULL,
  `numb` int(11) NOT NULL,
  `date_created` datetime NOT NULL DEFAULT current_timestamp(),
  `date_updated` datetime NOT NULL DEFAULT current_timestamp() ON UPDATE current_timestamp(),
  `type` varchar(30) DEFAULT NULL,
  PRIMARY KEY (`id`)
) ENGINE=InnoDB AUTO_INCREMENT=52 DEFAULT CHARSET=utf8mb4 COLLATE=utf8mb4_general_ci;

INSERT INTO `tbl_product_cat` (`id`, `slugvi`, `slugen`, `namevi`, `nameen`, `descvi`, `descen`, `contentvi`, `contenten`, `id_list`, `file`, `status`, `numb`, `date_created`, `date_updated`, `type`) VALUES
('2', 'rubik-2x2x2', 'rubik-2x2x2-tieng-anh', 'Rubik 2x2x2', 'Rubik 2x2x2 tiếng anh', 'Rubik 2x2x2', '', '<h2><span style=\"font-size:20px;\"><span style=\"color:#e74c3c;\"><strong>HOA CƯỚI CÔ DÂU – BIỂU TƯỢNG CỦA TÌNH YÊU VĨNH CỬU</strong></span></span></h2>\r\n\r\n<p><span style=\"line-height:2;\"><span style=\"font-size:16px;\"><strong>Shop hoa tươi Nguyễn Minh</strong> – Nơi gửi gắm yêu thương trong từng bó hoa cưới</span></span></p>\r\n\r\n<p style=\"text-align:center\"><img alt=\"Shop hoa tươi Nguyễn Minh\" src=\"https://shophoatuoicanduoc.com/upload/filemanager/images/hoa-cuoi-co-dau/hoa-cuoi-co-dau-75949.jpg\" width=\"600\" /></p>\r\n\r\n<p><span style=\"line-height:2;\"><span style=\"font-size:16px;\">Ngày cưới – khoảnh khắc thiêng liêng và trọng đại nhất trong cuộc đời mỗi người. Trong ngày ấy, bên cạnh chiếc váy cưới trắng tinh khôi và nụ cười hạnh phúc, một bó hoa cưới cầm tay chính là điểm nhấn tinh tế, là người bạn đồng hành đầy ý nghĩa theo cô dâu bước lên lễ đường.</span></span></p>\r\n\r\n<p><span style=\"line-height:2;\"><span style=\"font-size:16px;\">Tại<strong> Shop hoa tươi Nguyễn Minh</strong>, chúng tôi hiểu rằng: mỗi bó hoa cưới là một phần linh hồn của ngày cưới – không chỉ để làm đẹp mà còn để thể hiện phong cách, cá tính và thông điệp riêng của tình yêu.</span></span></p>\r\n\r\n<h2><span style=\"font-size:20px;\"><span style=\"color:#e74c3c;\"><strong>VÌ SAO NÊN CHỌN HOA CƯỚI TẠI SHOP HOA TƯƠI NGUYỄN MINH?</strong></span></span></h2>\r\n\r\n<h3><strong><span style=\"color:#16a085;\"><span style=\"font-size:18px;\">Thiết kế theo yêu cầu – độc quyền từng bó hoa</span></span></strong></h3>\r\n\r\n<p><span style=\"line-height:2;\"><span style=\"font-size:16px;\">Mỗi cô dâu đều có câu chuyện và phong cách riêng. Tại Nguyễn Minh, chúng tôi không áp dụng máy móc một mẫu có sẵn – mà luôn lắng nghe, tư vấn và thiết kế hoa cưới phù hợp nhất với tông màu váy cưới, chủ đề tiệc cưới, địa điểm tổ chức, và đặc biệt là gu thẩm mỹ của cô dâu.</span></span></p>\r\n\r\n<h3><strong><span style=\"color:#16a085;\"><span style=\"font-size:18px;\">Chất lượng hoa tươi cao cấp</span></span></strong></h3>\r\n\r\n<p><span style=\"line-height:2;\"><span style=\"font-size:16px;\">Chúng tôi sử dụng các loại hoa nhập và nội địa chất lượng cao như: hoa hồng Ecuador, mẫu đơn, tulip, lan hồ điệp, baby, cúc mẫu đơn, cẩm tú cầu, đồng tiền mini… đảm bảo hoa tươi lâu – không rũ – giữ dáng đẹp suốt buổi tiệc.</span></span></p>\r\n\r\n<h3><strong><span style=\"color:#16a085;\"><span style=\"font-size:18px;\">Gói combo tiện lợi: Hoa cưới + hoa cài áo + hoa xe cưới</span></span></strong></h3>\r\n\r\n<p><span style=\"line-height:2;\"><span style=\"font-size:16px;\">Bạn có thể lựa chọn trọn bộ hoa cưới đồng bộ, tiết kiệm chi phí mà vẫn tinh tế, sang trọng: từ hoa cầm tay, hoa cài áo chú rể, hoa cài đầu, vòng tay phụ dâu, đến hoa xe cưới, hoa bàn tiệc, hoa lễ đường...</span></span></p>\r\n\r\n<h3><strong><span style=\"color:#16a085;\"><span style=\"font-size:18px;\">Tư vấn tông màu theo xu hướng cưới hiện đại</span></span></strong></h3>\r\n\r\n<ol>\r\n	<li><span style=\"line-height:2;\"><span style=\"font-size:16px;\">Chúng tôi luôn cập nhật xu hướng hoa cưới mới nhất:</span></span></li>\r\n	<li><span style=\"line-height:2;\"><span style=\"font-size:16px;\">Tông pastel nhẹ nhàng (trắng – hồng – kem – nude)</span></span></li>\r\n	<li><span style=\"line-height:2;\"><span style=\"font-size:16px;\">Tông vintage (cam cháy – nâu đất – đỏ rượu vang)</span></span></li>\r\n	<li><span style=\"line-height:2;\"><span style=\"font-size:16px;\">Tông xanh olive – trắng thanh thoát kiểu châu Âu</span></span></li>\r\n	<li><span style=\"line-height:2;\"><span style=\"font-size:16px;\">Phong cách boho, rustic, minimalist…</span></span></li>\r\n</ol>\r\n\r\n<h2><span style=\"font-size:20px;\"><span style=\"color:#e74c3c;\"><strong>MỘT SỐ MẪU HOA CƯỚI CÔ DÂU ĐƯỢC YÊU THÍCH:</strong></span></span></h2>\r\n\r\n<p><span style=\"line-height:2;\"><span style=\"font-size:16px;\">Hoa cưới hồng pastel & baby trắng – dịu dàng, nữ tính, rất được ưa chuộng.</span></span></p>\r\n\r\n<p><span style=\"line-height:2;\"><span style=\"font-size:16px;\">Bó tulip trắng hoặc hồng nhạt – thanh lịch, tinh tế, chuẩn phong cách phương Tây.</span></span></p>\r\n\r\n<p><span style=\"line-height:2;\"><span style=\"font-size:16px;\">Hoa cưới mẫu đơn & cẩm tú cầu – bồng bềnh, kiêu sa, phù hợp lễ cưới sân vườn.</span></span></p>\r\n\r\n<p><span style=\"line-height:2;\"><span style=\"font-size:16px;\">Bó lan hồ điệp mini mix lá bạc hà – sang trọng, độc đáo, cho cô dâu cá tính.</span></span></p>\r\n\r\n<p><span style=\"line-height:2;\"><span style=\"font-size:16px;\">Hoa cưới cam đất – cam cháy – xu hướng cưới hiện đại, nổi bật và ấn tượng.</span></span></p>\r\n\r\n<h2><span style=\"font-size:20px;\"><span style=\"color:#e74c3c;\"><strong>DỊCH VỤ CỦA SHOP HOA TƯƠI NGUYỄN MINH:</strong></span></span></h2>\r\n\r\n<ul>\r\n	<li><span style=\"line-height:2;\"><span style=\"font-size:16px;\">Nhận đặt hoa cưới trọn gói – từ 1 bó hoa cầm tay đến decor lễ đường</span></span></li>\r\n	<li><span style=\"line-height:2;\"><span style=\"font-size:16px;\">Tư vấn tại chỗ hoặc online nhanh chóng, chu đáo</span></span></li>\r\n	<li><span style=\"line-height:2;\"><span style=\"font-size:16px;\">Giao hoa tận nơi – đúng giờ – đúng mẫu – đúng tâm ý</span></span></li>\r\n	<li><span style=\"line-height:2;\"><span style=\"font-size:16px;\">Cam kết hoa tươi mới trong ngày cưới, không dùng hoa cũ/hoa tồn</span></span></li>\r\n</ul>\r\n\r\n<p><span style=\"line-height:2;\"><span style=\"font-size:16px;\">Một bó hoa cưới đẹp không chỉ khiến cô dâu rạng rỡ hơn, mà còn lưu giữ những khoảnh khắc thiêng liêng mãi mãi.<br />\r\nHãy để Shop hoa tươi Nguyễn Minh cùng bạn viết nên một chuyện tình thật đẹp – bắt đầu từ một bó hoa thật đặc biệt.</span></span></p>\r\n\r\n<h2><span style=\"font-size:20px;\"><span style=\"color:#e74c3c;\"><strong>LIÊN HỆ ĐẶT HOA CƯỚI CÔ DÂU</strong></span></span></h2>\r\n\r\n<section class=\"shadow rounded\" style=\"background-color: #f5f5f5; padding: 16px 20px; border-left: 2px solid transparent; border-image: linear-gradient(to bottom, #00ff00, #ff0000, #0000ff) 1; font-family: sans-serif;font-size:1rem;line-height: 2;\">\r\n<p style=\"margin: 0;\"><span style=\"color:#c0392b;\"><strong>SHOP HOA TƯƠI NGUYỄN MINH</strong></span></p>\r\n\r\n<p style=\"margin: 0;\"><span><strong>Địa chỉ:</strong> Ấp 4, xã Long Hòa, Cần Đước, Long An</span></p>\r\n\r\n<p style=\"margin: 0;\"><span><strong>Mở cửa:</strong> 7h30 – 20h</span></p>\r\n\r\n<p style=\"margin: 0;\"><span><strong>Hotline:</strong> 0798 212 333 - 0799 090 978</span></p>\r\n\r\n<p style=\"margin: 0;\"><span><strong>Zalo:</strong> 0799 090 978 - A.Minh</span></p>\r\n\r\n<p style=\"margin: 0;\"><span><strong>Email:</strong> phamminh220217@gmail.com</span></p>\r\n\r\n<p style=\"margin: 0;\"><span><strong>Website:</strong> </span><a href=\"https://shophoatuoicanduoc.com\" target=\"_blank\"><span>www.shophoatuoicanduoc.com</span></a></p>\r\n</section>\r\n', '', '2', 'rubik-2x2x2_898a.jpg', 'hienthi,noibat', '1', '2025-06-22 12:06:59', '2025-08-16 10:36:37', 'san-pham'),
('3', 'rubik-3x3x3', '', 'Rubik 3x3x3', '', '', '', '', '', '2', '135469cc02_100x100x1.jpg', 'hienthi,noibat', '2', '2025-06-22 12:07:31', '2025-08-16 10:36:39', 'san-pham'),
('6', 'rubik-5x5x5', '', 'Rubik 5x5x5', '', '', '', '', '', '2', '6f80aa2466_100x100x1.jpg', 'hienthi,noibat', '4', '2025-06-22 23:48:30', '2025-07-21 16:11:24', 'san-pham'),
('7', 'rubik-4x4x4', '', 'Rubik 4x4x4', '', '', '', '', '', '2', '762dd7eb24_100x100x1.jpg', 'noibat,hienthi', '3', '2025-06-24 09:07:38', '2025-07-21 16:11:26', 'san-pham'),
('8', 'rubik-6x6x6', '', 'Rubik 6x6x6', '', '', '', '', '', '4', 'rubik-6x6x6-1876_100x100x1.jpg', 'hienthi,noibat', '1', '2025-06-24 15:38:39', '2025-08-19 00:01:21', 'san-pham'),
('9', 'rubik-7x7x7', '', 'Rubik 7x7x7', '', '', '', '', '', '4', 'rubik-7x7x7-c70a_100x100x1.jpg', 'hienthi,noibat', '2', '2025-06-24 15:43:12', '2025-08-19 00:01:22', 'san-pham'),
('11', 'rubik-bien-the-3-mat-pyraminx', '', 'Rubik biến thể 3 mặt (Pyraminx)', '', '', '', '', '', '3', 'rubik-bien-the-3-mat-pyraminx-_b199.jpg', 'hienthi,noibat', '2', '2025-06-26 11:23:27', '2025-07-21 16:11:35', 'san-pham'),
('12', 'rubik-bien-the-12-mat-megaminx', '', 'Rubik biến thể 12 mặt (Megaminx)', '', '', '', '', '', '3', 'rubik-bien-the-12-mat-megaminx--f4db_100x100x1.webp', 'hienthi,noibat', '3', '2025-06-26 11:25:17', '2025-07-21 16:11:37', 'san-pham'),
('13', 'rubik-8x8x8', '', 'Rubik 8x8x8', '', '', '', '', '', '4', 'ribik-8x8x8-4fc3_100x100x1.jpg', 'hienthi,noibat', '3', '2025-06-26 11:37:01', '2025-08-19 00:01:24', 'san-pham'),
('14', 'rubik-9x9x9', '', 'Rubik 9x9x9', '', 'Qiyi 9x9 Cube Stickerless 9x9x9 Xếp hình Khối lập phương Thần tài cho trẻ em Quà tặng Đồ chơi Xếp hình Giáo dục Quà tặng Khối lập phương ban đầu', '', '<p>Qiyi 9x9 Cube Stickerless 9x9x9 Xếp hình Khối lập phương Thần tài cho trẻ em Quà tặng Đồ chơi Xếp hình Giáo dục Quà tặng Khối lập phương ban đầu</p>\r\n', '', '4', 'rubik-9x9x9-8f11_100x100x1.jpg', 'hienthi,noibat', '4', '2025-06-26 13:20:06', '2025-08-19 00:01:27', 'san-pham'),
('15', 'rubik-bien-the-6-mat', '', 'Rubik Biến Thể 6 mặt', '', '', '', '', '', '3', 'rubik-bien-the-6-mat_874d.jpg', 'hienthi,noibat', '2', '2025-06-26 13:21:15', '2025-07-21 16:11:43', 'san-pham'),
('16', 'rubik-bien-the-khac', '', 'Rubik Biến Thể Khác', '', '', '', '', '', '3', 'rubik-bien-the-khac-5064_100x100x1.jpg', 'hienthi,noibat', '4', '2025-06-26 13:21:53', '2025-07-21 16:11:42', 'san-pham'),
('17', 'rubik-bien-the-cao-cap', '', 'Rubik Biến Thể Cao Cấp', '', '', '', '', '', '3', 'rubik-bien-the-cao-cap-2541_100x100x1.jpg', 'hienthi,noibat', '5', '2025-06-26 13:22:15', '2025-07-21 16:11:40', 'san-pham'),
('18', 'stickers-de-can-dan-rubik', '', 'Stickers - Đề can dán rubik', '', '', '', '', '', '15', 'stickers-de-can-dan-rubik-2022_100x100x1.jpg', 'hienthi,noibat', '6', '2025-06-26 13:24:30', '2025-08-16 10:06:40', 'san-pham'),
('19', 'core-oc', '', 'Core & Ốc', '', '', '', '', '', '15', 'core-oc-b98f_100x100x1.jpg', 'hienthi,noibat', '5', '2025-06-26 13:26:26', '2025-08-16 10:06:38', 'san-pham'),
('20', 'silicone-dau-boi-tron', '', 'Silicone - Dầu bôi trơn', '', '', '', '', '', '15', 'silicone-dau-boi-tron-b396_100x100x1.jpg', 'hienthi,noibat', '4', '2025-06-26 13:27:16', '2025-08-16 10:06:37', 'san-pham'),
('21', 'stand-de-rubik', '', 'Stand - Đế Rubik', '', '', '', '', '', '15', 'stand-de-rubik-3d58_100x100x1.jpg', 'hienthi,noibat', '3', '2025-06-26 13:27:43', '2025-08-16 10:06:36', 'san-pham'),
('22', 'magnetic-nam-cham', '', 'Magnetic - Nam Châm', '', '', '', '', '', '15', 'magnetic-nam-cham-a15e_100x100x1.jpg', 'hienthi,noibat', '2', '2025-06-26 13:28:40', '2025-08-16 10:06:32', 'san-pham'),
('23', 'hop-nhua-rubik', '', 'Hộp nhựa Rubik', '', '', '', '', '', '15', 'hop-nhua-rubik-68fb_100x100x1.jpg', 'hienthi,noibat', '1', '2025-06-26 13:29:02', '2025-08-16 10:06:30', 'san-pham'),
('24', 'tui-vai-dung-rubik-gancube-bag', '', 'Túi Vải Đựng Rubik GanCube Bag ', '', '', '', '', '', '15', 'tui-vai-dung-rubik-gancube-bag--80d7_100x100x1.webp', 'hienthi,noibat', '8', '2025-06-26 13:30:39', '2025-08-16 10:06:42', 'san-pham'),
('25', 'tshirt-ao-phong-rubik', '', 'Tshirt - Áo phông Rubik', '', '', '', '', '', '15', 'tshirt-ao-phong-rubik-59b8_100x100x1.jpg', 'hienthi,noibat', '7', '2025-06-26 13:31:14', '2025-08-16 10:06:41', 'san-pham'),
('26', 'guide-books-sach-huong-dan', '', 'Guide books - Sách hướng dẫn', '', '', '', '', '', '15', 'guide-books-sach-huong-dan-2c12_100x100x1.jpg', 'hienthi,noibat', '9', '2025-06-26 13:31:48', '2025-08-16 10:06:45', 'san-pham'),
('46', 'rubik-10x10x10', '', 'Rubik 10x10x10', '', '', '', '', '', '4', 'rubik-10x10x10_899c.webp', 'hienthi,noibat', '5', '2025-08-18 22:32:23', '2025-08-19 00:01:28', 'san-pham'),
('47', 'rubik-11x11x11', '', 'Rubik 11x11x11', '', '', '', '', '', '4', 'rubik-11x11x11_15c6.webp', 'hienthi,noibat', '6', '2025-08-18 22:32:39', '2025-08-19 00:01:30', 'san-pham'),
('48', 'rubik-12x12x12', '', 'Rubik 12x12x12', '', '', '', '', '', '4', 'rubik-12x12x12_0f24.webp', 'hienthi,noibat', '7', '2025-08-18 22:33:05', '2025-08-19 00:01:32', 'san-pham'),
('49', 'rubik-13x13x13', '', 'Rubik 13x13x13', '', '', '', '', '', '4', 'rubik-13x13x13_6ec1.webp', 'hienthi,noibat', '8', '2025-08-18 22:34:02', '2025-08-19 00:01:33', 'san-pham'),
('50', 'rubik-15x15x15', '', 'Rubik 15x15x15', '', '', '', '', '', '4', 'rubik-15x15x15_b437.webp', 'hienthi,noibat', '9', '2025-08-18 22:34:43', '2025-08-19 00:01:36', 'san-pham'),
('51', 'rubik-17x17x17', '', 'Rubik 17x17x17', '', '', '', '', '', '4', 'rubik-17x17x17_996d.webp', 'hienthi,noibat', '10', '2025-08-18 22:35:23', '2025-08-19 00:01:37', 'san-pham');

DROP TABLE IF EXISTS `tbl_product_item`;
CREATE TABLE `tbl_product_item` (
  `id` int(11) NOT NULL AUTO_INCREMENT,
  `id_list` int(11) NOT NULL,
  `id_cat` int(11) NOT NULL,
  `slugvi` text NOT NULL,
  `slugen` text NOT NULL,
  `namevi` text NOT NULL,
  `nameen` text NOT NULL,
  `descvi` text NOT NULL,
  `descen` text NOT NULL,
  `contentvi` text NOT NULL,
  `contenten` text NOT NULL,
  `file` varchar(100) DEFAULT NULL,
  `status` text NOT NULL,
  `numb` int(11) NOT NULL,
  `date_created` datetime NOT NULL DEFAULT current_timestamp(),
  `date_updated` datetime NOT NULL DEFAULT current_timestamp() ON UPDATE current_timestamp(),
  `type` varchar(30) DEFAULT NULL,
  PRIMARY KEY (`id`)
) ENGINE=InnoDB AUTO_INCREMENT=63 DEFAULT CHARSET=utf8mb4 COLLATE=utf8mb4_general_ci;

INSERT INTO `tbl_product_item` (`id`, `id_list`, `id_cat`, `slugvi`, `slugen`, `namevi`, `nameen`, `descvi`, `descen`, `contentvi`, `contenten`, `file`, `status`, `numb`, `date_created`, `date_updated`, `type`) VALUES
('47', '2', '2', 'rubik-2x2x2-stickerless', '', 'Rubik 2x2x2 Stickerless', '', '', '', '<p>Rubik 2x2x2 StickerLess Thường các khối Rubik được sản xuất ra với nhựa đen, sau đó chúng được dán sticker với 6 màu lên 6 mặt. Nhiều người hay gọi khối Rubik Sticker là Rubik Viền Đen. Stickerless: Đây <b>là phân loại còn lại của khối Rubik.</b> <b>Chúng được sản xuất ra với 6 mặt là 6 màu nhựa, không cần dùng sticker màu để dán lên</b></p>\r\n', '', NULL, 'hienthi', '2', '2025-08-16 09:14:18', '2025-08-17 09:25:50', 'san-pham'),
('59', '2', '2', 'rubik-2x2x2-duoi-100k', '', 'Rubik 2x2x2 dưới 100k', '', '', '', '', '', NULL, 'hienthi', '1', '2025-08-16 10:36:55', '2025-08-17 09:25:51', 'san-pham'),
('60', '2', '2', 'rubik-2x2x2-duoi-200k', '', 'Rubik 2x2x2 dưới 200k', '', '', '', '', '', NULL, 'hienthi', '1', '2025-08-16 11:14:54', '2025-08-17 09:25:50', 'san-pham'),
('61', '2', '3', '3x3x3-stickerless', '', '3x3x3 Stickerless', '', '', '', '', '', NULL, 'hienthi', '1', '2025-08-18 23:28:37', '2025-08-18 23:28:37', 'san-pham'),
('62', '2', '3', '3x3x3-sticker', '', '3x3x3 Sticker', '', '', '', '', '', '', 'hienthi', '1', '2025-08-18 23:28:47', '2025-08-20 00:32:02', 'san-pham');

DROP TABLE IF EXISTS `tbl_product_list`;
CREATE TABLE `tbl_product_list` (
  `id` int(10) NOT NULL AUTO_INCREMENT,
  `slugvi` text NOT NULL,
  `slugen` text NOT NULL,
  `namevi` text NOT NULL,
  `nameen` text NOT NULL,
  `descvi` text NOT NULL,
  `descen` text NOT NULL,
  `contentvi` text NOT NULL,
  `contenten` text NOT NULL,
  `file` varchar(100) DEFAULT NULL,
  `status` text NOT NULL,
  `numb` int(11) NOT NULL,
  `date_created` datetime NOT NULL DEFAULT current_timestamp(),
  `date_updated` datetime NOT NULL DEFAULT current_timestamp() ON UPDATE current_timestamp(),
  `type` varchar(30) DEFAULT NULL,
  PRIMARY KEY (`id`)
) ENGINE=InnoDB AUTO_INCREMENT=77 DEFAULT CHARSET=utf8mb4 COLLATE=utf8mb4_general_ci;

INSERT INTO `tbl_product_list` (`id`, `slugvi`, `slugen`, `namevi`, `nameen`, `descvi`, `descen`, `contentvi`, `contenten`, `file`, `status`, `numb`, `date_created`, `date_updated`, `type`) VALUES
('2', 'rubik-co-ban', 'rubik-co-ban-tieng-anh', 'Rubik Cơ bản', 'Rubik Cơ bản tiếng anh', 'Việc học Rubik theo thứ tự từ 2x2 → 3x3 → 4x4 → 5x5 giúp người chơi nâng cao kỹ năng logic, tư duy không gian và kiên nhẫn.', '', '<h2 style=\"font-size: 20px; font-weight: bold;\"><span style=\"line-height:2;\">Giới thiệu Rubik Cơ Bản từ 2x2 đến 5x5</span></h2>\r\n\r\n<h3 style=\"font-size: 18px; font-weight: bold;\"><span style=\"line-height:2;\">1. Rubik 2x2x2 – Mini Cube</span></h3>\r\n\r\n<p style=\"font-size: 16px;\"><span style=\"line-height:2;\"><strong>Cấu trúc:</strong> Gồm 8 mảnh góc, không có cạnh hay tâm.</span></p>\r\n\r\n<p style=\"font-size: 16px;\"><span style=\"line-height:2;\"><strong>Độ khó:</strong> Dễ nhất trong các loại Rubik, thích hợp cho người mới học.</span></p>\r\n\r\n<p style=\"font-size: 16px;\"><span style=\"line-height:2;\"><strong>Mục tiêu:</strong> Xếp các màu đồng nhất trên mỗi mặt.</span></p>\r\n\r\n<p style=\"font-size: 16px;\"><span style=\"line-height:2;\"><strong>Điểm thú vị:</strong> Là phiên bản đơn giản của Rubik 3x3, giúp học viên làm quen với khái niệm xoay và định hướng góc.</span></p>\r\n\r\n<h3 style=\"font-size: 18px; font-weight: bold;\"><span style=\"line-height:2;\">2. Rubik 3x3x3 – Standard Cube</span></h3>\r\n\r\n<p style=\"font-size: 16px;\"><span style=\"line-height:2;\"><strong>Cấu trúc:</strong> Gồm 26 mảnh: 8 góc, 12 cạnh, 6 tâm cố định.</span></p>\r\n\r\n<p style=\"font-size: 16px;\"><span style=\"line-height:2;\"><strong>Độ khó:</strong> Trung bình, phổ biến nhất và là nền tảng cho các biến thể phức tạp hơn.</span></p>\r\n\r\n<p style=\"font-size: 16px;\"><span style=\"line-height:2;\"><strong>Mục tiêu:</strong> Sắp xếp để mỗi mặt chỉ có một màu duy nhất.</span></p>\r\n\r\n<p style=\"font-size: 16px;\"><span style=\"line-height:2;\"><strong>Điểm thú vị:</strong> Có hơn 43 tỷ tỷ hoán vị khác nhau, nhưng luôn có thể giải được trong dưới 20 bước.</span></p>\r\n\r\n<h3 style=\"font-size: 18px; font-weight: bold;\"><span style=\"line-height:2;\">3. Rubik 4x4x4 – Rubik Revenge</span></h3>\r\n\r\n<p style=\"font-size: 16px;\"><span style=\"line-height:2;\"><strong>Cấu trúc:</strong> Gồm 4 tầng trên mỗi trục, không có tâm cố định.</span></p>\r\n\r\n<p style=\"font-size: 16px;\"><span style=\"line-height:2;\"><strong>Độ khó:</strong> Cao hơn vì phát sinh thêm các lỗi parity (trường hợp đặc biệt không xuất hiện ở 3x3).</span></p>\r\n\r\n<p style=\"font-size: 16px;\"><span style=\"line-height:2;\"><strong>Mục tiêu:</strong> Ghép cặp các mảnh trung tâm và cạnh trước khi giải như 3x3.</span></p>\r\n\r\n<p style=\"font-size: 16px;\"><span style=\"line-height:2;\"><strong>Điểm thú vị:</strong> Là thử thách lớn cho người đã quen với Rubik 3x3.</span></p>\r\n\r\n<h3 style=\"font-size: 18px; font-weight: bold;\"><span style=\"line-height:2;\">4. Rubik 5x5x5 – Professor\'s Cube</span></h3>\r\n\r\n<p style=\"font-size: 16px;\"><span style=\"line-height:2;\"><strong>Cấu trúc:</strong> Gồm 5 tầng, có tâm cố định và nhiều mảnh trung tâm, cạnh.</span></p>\r\n\r\n<p style=\"font-size: 16px;\"><span style=\"line-height:2;\"><strong>Độ khó:</strong> Cao hơn 4x4 do có thêm mảnh cần ghép, tuy nhiên ít lỗi parity hơn.</span></p>\r\n\r\n<p style=\"font-size: 16px;\"><span style=\"line-height:2;\"><strong>Mục tiêu:</strong> Ghép các mảnh để có thể giải như Rubik 3x3.</span></p>\r\n\r\n<p style=\"font-size: 16px;\"><span style=\"line-height:2;\"><strong>Điểm thú vị:</strong> Được xem là cấp độ \"giáo sư\" – dành cho những người đã thành thạo 3x3 và 4x4.</span></p>\r\n', '', 'rubik-co-ban_f2a4.jpg', 'hienthi,noibat,menu', '1', '2025-06-22 11:52:48', '2025-08-19 13:28:01', 'san-pham'),
('3', 'rubik-bien-the', '', 'Rubik biến thể', '', '', '', '', '', 'rubik-bien-the_f147.webp', 'hienthi,noibat,menu', '3', '2025-06-22 11:52:57', '2025-07-29 13:41:27', 'san-pham'),
('4', 'rubik-nang-cao', 'rubik-nang-cao-tieng-anh', 'Rubik nâng cao', 'Rubik nâng cao tiếng anh ', 'Rubik nâng cao là những khối lập phương có kích thước từ 6x6x6 trở lên, dành cho người chơi đã có kinh nghiệm với các dòng cơ bản như 3x3 hoặc 5x5. Những khối Rubik này không chỉ có số lượng mảnh tăng lên đáng kể, mà còn yêu cầu người chơi thành thạo kỹ thuật ghép tâm, ghép cạnh, và xử lý các lỗi đặc biệt như parity. Mỗi cấp độ đều mang đến những thử thách riêng biệt, từ thao tác xoay phức tạp đến khối lượng bước giải khổng lồ, đòi hỏi sự kiên trì, chính xác và tư duy logic vượt trội. Rubik nâng cao không chỉ là một trò chơi trí tuệ, mà còn là biểu tượng của niềm đam mê và sự chinh phục giới hạn bản thân trong thế giới speedcubing.', '', '<h2 style=\"font-size: 20px; font-weight: bold; color: red;\">Giới thiệu Rubik Nâng Cao</h2>\r\n\r\n<p style=\"font-size: 16px;\">Rubik nâng cao là những khối lập phương có kích thước từ 6x6x6 trở lên, dành cho người chơi đã có kinh nghiệm với các dòng cơ bản như 3x3 hoặc 5x5. Những khối Rubik này không chỉ có số lượng mảnh tăng lên đáng kể, mà còn yêu cầu người chơi thành thạo kỹ thuật ghép tâm, ghép cạnh, và xử lý các lỗi đặc biệt như parity. Mỗi cấp độ đều mang đến những thử thách riêng biệt, từ thao tác xoay phức tạp đến khối lượng bước giải khổng lồ, đòi hỏi sự kiên trì, chính xác và tư duy logic vượt trội. Rubik nâng cao không chỉ là một trò chơi trí tuệ, mà còn là biểu tượng của niềm đam mê và sự chinh phục giới hạn bản thân trong thế giới speedcubing.</p>\r\n\r\n<h3 style=\"font-size: 18px; font-weight: bold; color: blue;\">1. Rubik 6x6x6</h3>\r\n\r\n<p style=\"font-size: 16px;\"><strong>Cấu trúc:</strong> Gồm 6 tầng mỗi cạnh, không có tâm cố định, nhiều mảnh cạnh và tâm nhỏ cần ghép.</p>\r\n\r\n<p style=\"font-size: 16px;\"><strong>Độ khó:</strong> Khó hơn 5x5 do số lượng mảnh tăng và lỗi parity xuất hiện nhiều hơn.</p>\r\n\r\n<p style=\"font-size: 16px;\"><strong>Mục tiêu:</strong> Ghép tất cả các mảnh về đúng vị trí trước khi giải như 3x3.</p>\r\n\r\n<p style=\"font-size: 16px;\"><strong>Điểm thú vị:</strong> Là cấp độ mở rộng tiếp theo của dòng Rubik Even (số chẵn), đòi hỏi sự kiên nhẫn và chính xác.</p>\r\n\r\n<h3 style=\"font-size: 18px; font-weight: bold; color: blue;\">2. Rubik 7x7x7</h3>\r\n\r\n<p style=\"font-size: 16px;\"><strong>Cấu trúc:</strong> Gồm 7 tầng, có tâm cố định, số lượng mảnh tăng nhiều.</p>\r\n\r\n<p style=\"font-size: 16px;\"><strong>Độ khó:</strong> Cao hơn 6x6 nhưng dễ hơn về mặt parity vì là rubik lẻ (odd).</p>\r\n\r\n<p style=\"font-size: 16px;\"><strong>Mục tiêu:</strong> Tương tự 5x5 nhưng thêm nhiều bước ghép các mảnh nhỏ.</p>\r\n\r\n<p style=\"font-size: 16px;\"><strong>Điểm thú vị:</strong> Còn gọi là \"Ultimate Cube\", cân bằng giữa độ phức tạp và tính giải trí.</p>\r\n\r\n<h3 style=\"font-size: 18px; font-weight: bold; color: blue;\">3. Rubik 8x8x8</h3>\r\n\r\n<p style=\"font-size: 16px;\"><strong>Cấu trúc:</strong> 8 tầng mỗi trục, là khối lập phương chẵn, không có tâm cố định.</p>\r\n\r\n<p style=\"font-size: 16px;\"><strong>Độ khó:</strong> Rất cao, do số mảnh tăng mạnh và parity phức tạp hơn.</p>\r\n\r\n<p style=\"font-size: 16px;\"><strong>Mục tiêu:</strong> Giải theo trình tự: ghép tâm, ghép cạnh, sau đó giải như 3x3.</p>\r\n\r\n<p style=\"font-size: 16px;\"><strong>Điểm thú vị:</strong> Là thử thách nặng về kỹ thuật, đòi hỏi người chơi phải kiểm soát từng tầng một cách chính xác.</p>\r\n\r\n<h3 style=\"font-size: 18px; font-weight: bold; color: blue;\">4. Rubik 9x9x9</h3>\r\n\r\n<p style=\"font-size: 16px;\"><strong>Cấu trúc:</strong> Gồm 9 tầng, là dạng Rubik lẻ, có tâm cố định.</p>\r\n\r\n<p style=\"font-size: 16px;\"><strong>Độ khó:</strong> Khó ở khâu ghép mảnh vì số lượng mảnh nhỏ nhiều, nhưng dễ hơn 8x8 về mặt parity.</p>\r\n\r\n<p style=\"font-size: 16px;\"><strong>Mục tiêu:</strong> Giống với 7x7, nhưng cần thêm nhiều bước lặp hơn khi ghép tâm và cạnh.</p>\r\n\r\n<p style=\"font-size: 16px;\"><strong>Điểm thú vị:</strong> Cảm giác cực kỳ \"khổng lồ\" khi cầm và xoay, phù hợp cho người chơi muốn thử thách độ bền và kỹ thuật.</p>\r\n\r\n<h3 style=\"font-size: 18px; font-weight: bold; color: blue;\">5. Rubik 10x10x10</h3>\r\n\r\n<p style=\"font-size: 16px;\"><strong>Cấu trúc:</strong> 10 tầng, là khối Rubik chẵn, không có tâm cố định.</p>\r\n\r\n<p style=\"font-size: 16px;\"><strong>Độ khó:</strong> Vô cùng cao, số lượng bước giải lớn, parity rất phức tạp.</p>\r\n\r\n<p style=\"font-size: 16px;\"><strong>Mục tiêu:</strong> Giải giống 6x6 hoặc 8x8 nhưng mất nhiều thời gian và công đoạn hơn.</p>\r\n\r\n<p style=\"font-size: 16px;\"><strong>Điểm thú vị:</strong> Thường không được giải bằng tay thường xuyên mà chủ yếu để trưng bày hoặc phá kỷ lục.</p>\r\n\r\n<h3 style=\"font-size: 18px; font-weight: bold; color: blue;\">6. Rubik 11x11x11</h3>\r\n\r\n<p style=\"font-size: 16px;\"><strong>Cấu trúc:</strong> Rubik lớn nhất sản xuất đại trà, với 11 tầng mỗi trục, có tâm cố định.</p>\r\n\r\n<p style=\"font-size: 16px;\"><strong>Độ khó:</strong> Cấp độ cao nhất trong dòng Rubik cổ điển, số lượng mảnh và bước giải khổng lồ.</p>\r\n\r\n<p style=\"font-size: 16px;\"><strong>Mục tiêu:</strong> Giải qua các bước ghép tâm, cạnh, sau đó như Rubik 3x3.</p>\r\n\r\n<p style=\"font-size: 16px;\"><strong>Điểm thú vị:</strong> Là minh chứng cho sự kiên trì và đam mê của người chơi Rubik chuyên sâu.</p>\r\n', '', 'rubik-nang-cao_90c9.jpg', 'hienthi,noibat,menu', '2', '2025-06-22 11:53:04', '2025-07-29 13:41:28', 'san-pham'),
('11', 'rubik-bien-the-di-hinh', '', 'Rubik Biến Thể Dị Hình', '', '', '', '', '', 'rubik-bien-the-di-hinh_b117.jpg', 'hienthi,noibat,menu', '4', '2025-06-24 12:59:01', '2025-07-29 13:41:26', 'san-pham'),
('13', 'rubik-dau-giai-wca', '', 'Rubik Đấu Giải WCA', '', '', '', '', '', 'rubik-dau-giai-wca-76a1_50x50x1.png', 'hienthi,noibat,menu', '5', '2025-06-26 11:27:10', '2025-07-29 13:41:24', 'san-pham'),
('14', 'rubik-suu-tam', '', 'Rubik Sưu Tầm ', '', '', '', '', '', 'rubik-suu-tam-_e36d.jpg', 'hienthi,noibat,menu', '6', '2025-06-26 11:28:10', '2025-07-29 13:41:24', 'san-pham'),
('15', 'phu-kien-rubik', '', 'Phụ Kiện Rubik', '', '', '', '', '', 'phu-kien-rubik-8fd4_50x50x1.jpg', 'hienthi,noibat,menu', '4', '2025-06-26 11:29:50', '2025-07-29 13:41:27', 'san-pham'),
('16', 'discount', '', 'Discount', '', '', '', '', '', 'discount-d4ed_50x50x1.jpg', 'hienthi,noibat,menu', '10', '2025-06-26 11:31:47', '2025-07-29 13:41:30', 'san-pham'),
('17', 'xep-hinh-nam-cham', '', 'Xếp Hình Nam Châm', '', '', '', '', '', 'xep-hinh-nam-cham-8993_50x50x1.jpg', 'hienthi,noibat,menu', '7', '2025-06-26 11:32:17', '2025-07-29 13:41:23', 'san-pham'),
('18', 'board-game', '', 'Board Game', '', '', '', '', '', 'board-game-3b89_50x50x1.jpg', 'hienthi,noibat,menu', '8', '2025-06-26 11:34:24', '2025-07-29 13:41:22', 'san-pham'),
('19', 'mo-hinh-tinh', 'mo-hinh-tinh', 'Mô Hình Tĩnh', 'Mô Hình Tĩnh', '', '', '', '', 'mo-hinh-tinh_a4e6.jpg', 'hienthi,noibat,menu', '9', '2025-06-26 11:35:07', '2025-07-29 13:41:22', 'san-pham');

DROP TABLE IF EXISTS `tbl_seo`;
CREATE TABLE `tbl_seo` (
  `id` int(11) unsigned NOT NULL AUTO_INCREMENT,
  `id_parent` int(11) DEFAULT 0,
  `act` text NOT NULL,
  `type` varchar(30) DEFAULT NULL,
  `titlevi` mediumtext DEFAULT NULL,
  `keywordsvi` mediumtext DEFAULT NULL,
  `descriptionvi` mediumtext DEFAULT NULL,
  `titleen` mediumtext DEFAULT NULL,
  `keywordsen` mediumtext DEFAULT NULL,
  `descriptionen` mediumtext DEFAULT NULL,
  `schemavi` text DEFAULT NULL,
  `schemaen` text DEFAULT NULL,
  PRIMARY KEY (`id`)
) ENGINE=MyISAM AUTO_INCREMENT=411 DEFAULT CHARSET=utf8mb4 COLLATE=utf8mb4_unicode_ci ROW_FORMAT=DYNAMIC;

INSERT INTO `tbl_seo` (`id`, `id_parent`, `act`, `type`, `titlevi`, `keywordsvi`, `descriptionvi`, `titleen`, `keywordsen`, `descriptionen`, `schemavi`, `schemaen`) VALUES
('375', '2', 'man_list', 'san-pham', 'Rubik Cơ bản - Thế Giới Rubik TMT', 'Rubik Cơ bản', 'Việc học Rubik theo thứ tự từ 2x2 → 3x3 → 4x4 → 5x5 giúp người chơi nâng cao kỹ năng logic, tư duy không gian và kiên nhẫn.', 'Rubik Cơ bản tiếng anh', 'Rubik Cơ bản tiếng anh', '', '', ''),
('371', '2', 'man_cat', 'san-pham', 'Rubik 2x2x2 - Rubik TMT', 'Rubik 2x2x2', 'Rubik 2x2x2', 'Rubik 2x2x2 tiếng anh', 'Rubik 2x2x2 tiếng anh', '', '', ''),
('376', '40', '', 'tin-tuc', 'Đơn vị thiết kế website chuẩn SEO, chuyên nghiệp, hiệu quả', 'Đơn vị thiết kế website chuẩn SEO, chuyên nghiệp, hiệu quả', 'Minh Trí BlueWeb chuyên thiết kế web tại HCM, Bình Dương, Tây Ninh, Long An, Bình Phước và các tỉnh miền tây chuyên nghiệp, số điện thoại 0328 732 834, bảo hành', '', '', '', '', ''),
('377', '41', '', 'tin-tuc', 'Top 10 bó hoa tươi đẹp nhất dành tặng người yêu', 'Top 10 bó hoa tươi đẹp nhất dành tặng người yêu', 'Hoa tươi từ lâu đã được xem là biểu tượng của tình yêu, sự lãng mạn và những cảm xúc chân thành. Một bó hoa tươi thắm không chỉ là món quà vật chất, mà còn là l', '', '', '', '', ''),
('374', '9', '', 'tin-tuc', 'Tin tức - Rubik TMT', '', '', '', '', '', '', ''),
('378', '95', 'man', 'san-pham', 'Rubik MoYu Meilong 2x2 M Stickerless có nam châm (SP006075)', 'Rubik MoYu Meilong 2x2 M Stickerless có nam châm (SP006075)', 'Meilong 2x2 M - Có nam châm sẵn là bản nâng cấp của cube Meilong làm mưa làm gió thị trường giá rẻ suốt năm qua. Sản phẩm đem lại hiệu năng tốt, cảm giác tuyệt vời với nam châm được dán sẵn trong cube rất vừa tay,', '', '', '', '', ''),
('379', '4', '', 'trang-chu', 'THẾ GIỚI RUBIK TMT - 0328 732 834', 'THẾ GIỚI RUBIK TMT', 'Sản phẩm của Rubik TMT đa dạng về mẫu mã, từ những viên Rubik cổ điển đến các phiên bản hiện đại với nhiều hình dạng và kích thước khác nhau. Chúng tôi cam kết cung cấp những sản phẩm được sản xuất với công nghệ tiên tiến, đảm bảo an toàn và thân thiện với người dùng.', '', '', '', '', ''),
('380', '96', 'man', 'san-pham', 'Rubik YJ Yushi 6x6x6 v2 M Stickerless - SP005980', 'Rubik YJ Yushi 6x6x6 v2 M Stickerless - SP005980', 'Ngoài ra các rãnh ma sát còn làm cho lube có thể giữ trên các bề mặt được lâu hơn gúp tăng cường sự ổn định khi xoay. Yushi 6x6x là kiệt tác của YongJun', '', '', '', '', ''),
('381', '97', 'man', 'san-pham', 'Rubik YuXin Little Magic 6x6 M Stickerless (SP006081)', 'Rubik YuXin Little Magic 6x6 M Stickerless (SP006081)', 'YuXin Little Magic 6x6 M là chiếc flagship 6x6 mới nhất của YuXin. Đúng với cái tên Little Magic, cube có cảm giác nhẹ nhàng. Nam châm có độ bền trung bình tạo', '', '', '', '', ''),
('382', '5', '', 'gioi-thieu', 'Giới thiệu về Rubik TMT', 'THẾ GIỚI RUBIK TMT', 'Thế Giới Rubik TMT là địa chỉ uy tín chuyên cung cấp các loại rubik chất lượng cao tại TP. Hồ Chí Minh, phục vụ đa dạng nhu cầu từ người mới bắt đầu đến các cuber chuyên nghiệp', '', '', '', '', ''),
('383', '99', 'man', 'san-pham', 'Rubik QiYi XMD Tornado V3 M Standard 3x3x3 Stickerless', 'Rubik QiYi XMD Tornado V3 M Standard 3x3x3 Stickerless', 'X-Man Tornado V3 M là khối RUBIK 3x3 XỊN và MỚI NHẤT của QiYi. Rubik này có tốc độ đáng kinh ngạc và dễ dàng tùy chỉnh. QiYi X-man với cấu trúc nam châm lõi Maglev Tornado.So với phiên bản v2 , phiên bản này đã thay thế đinh tán bằng vít và cho phép center cap vừa khớp với mọi hướng.', '', '', '', '', ''),
('384', '101', 'man', 'san-pham', 'Hoa bó 87665', 'Hoa bó 87665', 'Trong thế giới muôn màu của cảm xúc, đôi khi lời nói không thể diễn tả hết những gì ta muốn gửi gắm. Chính vì thế, hoa bó trở thành một trong những món quà tuyệ', '', '', '', '', ''),
('385', '102', 'man', 'san-pham', 'Hoa bó 87664', 'Hoa bó 87664', 'Trong thế giới muôn màu của cảm xúc, đôi khi lời nói không thể diễn tả hết những gì ta muốn gửi gắm. Chính vì thế, hoa bó trở thành một trong những món quà tuyệ', '', '', '', '', ''),
('386', '107', 'man', 'san-pham', 'Rubik Mofangjiaoshi Meilong 2x2x2 Stickerless - SP005837', 'Rubik Mofangjiaoshi Meilong 2x2x2 Stickerless - SP005837', 'Chính sách ưu đãi: 	  Chương trình hỗ trợ học sinh, sinh viên giảm giá 10% hóa đơn trên 200.000đ đối với khách mua online. Khách mua trực tiếp tại showroom gi', 'hoa bó tiếng anh', 'hoa bó tiếng anh', '', '', ''),
('387', '42', '', 'tin-tuc', 'KHAI TRƯƠNG CÔNG TY CHENG YUAN', 'KHAI TRƯƠNG CÔNG TY CHENG YUAN', 'KHAI TRƯƠNG CÔNG TY CHENG YUAN không chỉ là một sự kiện đơn thuần mà còn là một bước ngoặt quan trọng trong ngành xây dựng tại Việt Nam, đặc biệt tại Bình Dương', 'KHAI TRƯƠNG CÔNG TY CHENG YUAN ENG', '', '', '', ''),
('388', '4', '', '', 'THẾ GIỚI RUBIK TMT - 0328 732 8344444', 'THẾ GIỚI RUBIK TMT', 'Sản phẩm của Rubik TMT đa dạng về mẫu mã, từ những viên Rubik cổ điển đến các phiên bản hiện đại với nhiều hình dạng và kích thước khác nhau. Chúng tôi cam kết cung cấp những sản phẩm được sản xuất với công nghệ tiên tiến, đảm bảo an toàn và thân thiện với người dùng.', '', '', '', NULL, NULL),
('389', '105', 'man', 'san-pham', 'Rubik YuXin Little Magic 2x2 Black - SP004867', 'Rubik YuXin Little Magic 2x2 Black - SP004867', 'Đồ chơi Rubik Valk 2x2 M có nam châm không chỉ giúp người chơi có những giây phút thư giãn, giải trí với những vòng xoay tùy ý quanh chiếc rubik mà nó còn giúp', '', '', '', NULL, NULL),
('390', '1', 'man_brand', 'san-pham', 'GAN', 'GAN', 'GAN là một công ty được thành lập vào năm 2014 trải dài trong nhiều lĩnh vực từ nghiên cứu, phát triển, thiết kế cho đến sản xuất các khối rubik. GAN đã không còn xa lạ trong mắt các cuber trong suốt thời gian vừa qua với nhiều khối rubik mang lại trải nghiệm tuyệt vời cho các cuber.\r\n\r\n', '', '', '', NULL, NULL),
('391', '5', 'man_brand', 'san-pham', 'Rubik YJ', 'Rubik YJ', 'YJ là một công ty đã tồn tại khá lâu. Họ đã tung ra một vài chiếc Speedcube vào năm 2010 để cạnh tranh với Alpha Puzzle nổi tiếng lúc bấy giờ (thậm chí cả hai b', '', '', '', NULL, NULL),
('392', '6', 'man_brand', 'san-pham', 'MoYu', 'MoYu', 'MoYu là một trong những nhà sản xuất Rubik xịn - nổi tiếng nhất cho đến nay. Họ tập trung vào việc tạo ra những dòng Speedcube tốt nhất và một số sản phẩm của h', '', '', '', NULL, NULL),
('393', '7', 'man_brand', 'san-pham', 'DaYan', 'DaYan', 'DaYan là một trong những thương hiệu Rubik lâu đời nhất hiện có. Họ từng thống trị một thời gian trên thị trường nhưng hiện tại các công ty khác đã tạo ra những', '', '', '', NULL, NULL),
('394', '8', 'man_brand', 'san-pham', 'ShengShou', 'ShengShou', 'ShengShou giống như DaYan, cũng là một trong những thương hiệu lâu đời. Họ là một trong những công ty đầu tiên sản xuất các khối lớn hơn như 8x8, 9x9 và 10x10.', '', '', '', NULL, NULL),
('395', '9', 'man_brand', 'san-pham', 'Yuxin', 'Yuxin', 'Yuxin đã tạo nên tên tuổi của mình bằng cách phát hành chiếc Rubik lớn nhất lúc bấy giờ - 11x11. Sau đó họ cố gắng xâm nhập vào thị trường Speedcube và sản phẩm', '', '', '', NULL, NULL),
('396', '10', 'man_brand', 'san-pham', 'QiYi', 'QiYi', 'Thương hiệu QiYi bắt đầu trong giai đoạn tồi tệ nhất đối với bất kỳ thương hiệu Rubik nào - giống như MoYu. Sản phẩm đầu tiên của họ là Bullfight và Warrior khô', '', '', '', NULL, NULL),
('397', '47', 'man_item', 'san-pham', 'Rubik 2x2x2 StickerLess', 'Rubik 2x2x2 StickerLess', 'Rubik 2x2x2 StickerLess Thường các khối Rubik được sản xuất ra với nhựa đen, sau đó chúng được dán sticker với 6 màu lên 6 mặt. Nhiều người hay gọi khối Rubik S', '', '', '', NULL, NULL),
('398', '106', 'man', 'san-pham', 'QiYi Valk 2 2x2x2 M', 'QiYi Valk 2 2x2x2 M', 'Đồ chơi Rubik Valk 2x2 M có nam châm không chỉ giúp người chơi có những giây phút thư giãn, giải trí với những vòng xoay tùy ý quanh chiếc rubik mà nó còn giúp', '', '', '', NULL, NULL),
('399', '103', 'man', 'san-pham', 'Rubik Gan 356 RS stickerless 3x3x3 (SP004254)', 'Rubik Gan 356 RS stickerless 3x3x3 (SP004254)', '+ Là một sản phẩm đến từ hãng sản xuất rubik GAN cao cấp. Phiên bản GAN RS với cấu trúc mới nhất từ hãng, bề mặt được trang bị toàn bộ theo cấu trúc tổ ong, giú', '', '', '', NULL, NULL),
('400', '100', 'man', 'san-pham', 'Rubik 3x3 MoYu RS3M V5 Magnetic 3x3 Stickerless có nam châm', 'Rubik 3x3 MoYu RS3M V5 Magnetic 3x3 Stickerless có nam châm', 'Trong thế giới muôn màu của cảm xúc, đôi khi lời nói không thể diễn tả hết những gì ta muốn gửi gắm. Chính vì thế, hoa bó trở thành một trong những món quà tuyệ', '', '', '', NULL, NULL),
('401', '116', 'man', 'san-pham', 'Rubik QiYi Wuhua 6x6 V2 SP002445', 'Rubik QiYi Wuhua 6x6 V2 SP002445', 'Chương trình hỗ trợ học sinh, sinh viên giảm giá 10% hóa đơn trên 200.000đ đối với khách mua online. Khách mua trực tiếp tại showroom giảm giá 10% không giới hạ', '', '', '', NULL, NULL),
('402', '117', 'man', 'san-pham', 'Rubik MoYu Meilong 7x7 V2 M Stickerless', 'Rubik MoYu Meilong 7x7 V2 M Stickerless', 'Nhà sản xuất MoFang JiaoShi Loại rubik 7x7 Sản xuất ra mắt :  28-09-2023 Tổng trọng lượng: 198g Kích thước :63,0mm3 Chức năng: có Nam châm Trọng lượng sản phẩm', '', '', '', NULL, NULL),
('403', '118', 'man', 'san-pham', 'Rubik YJ MGC 7x7 Stickerless (SP006345)', 'Rubik YJ MGC 7x7 Stickerless (SP006345)', 'Rubik YJ MGC 7x7 Stickerless là sản phẩm 7x7 mới nhất trong dòng MGC của YJ. Chiếc rubik 7x7 này được trang bị sẵn nam châm hút khá mạnh, cảm giác chơi cực kì đ', '', '', '', NULL, NULL),
('404', '119', 'man', 'san-pham', 'Rubik X-man 7x7 Spark M Stickerless - SP004492', 'Rubik X-man 7x7 Spark M Stickerless - SP004492', 'Rubik YJ MGC 7x7 Stickerless là sản phẩm 7x7 mới nhất trong dòng MGC của YJ. Chiếc rubik 7x7 này được trang bị sẵn nam châm hút khá mạnh, cảm giác chơi cực kì đ', '', '', '', NULL, NULL),
('405', '120', 'man', 'san-pham', 'Rubik 8x8 QiYi 8x8x8 Stickerless', 'Rubik 8x8 QiYi 8x8x8 Stickerless', 'QiYi 8x8 Stickerless chiếc rubik 8x8 cao cấp đến từ hãng QiYi. Chiếc rubik này được thiết kế theo kiểu vuông giống với các mẫu từ 2x2-7x7. Cấu trúc hiện đại, cứ', '', '', '', NULL, NULL),
('406', '121', 'man', 'san-pham', 'Rubik YuXin Little Magic 8x8 stickerless - SP005178', 'Rubik YuXin Little Magic 8x8 stickerless - SP005178', 'Thiết kế vít đầu chìm: Sử dụng công nghệ vít chìm, trung tâm bên trong có thể được tối đa hóa, vòng quay bên trong mượt mà hơn, giúp cải thiện hiệu suất Thiết', '', '', '', NULL, NULL),
('407', '122', 'man', 'san-pham', 'Rubik YuXin Little Magic 9x9 stickerless - SP005177', 'Rubik YuXin Little Magic 9x9 stickerless - SP005177', '', '', '', '', NULL, NULL),
('408', '123', 'man', 'san-pham', 'Rubik 10x10 Yuxin Little Magic 10x10x10 Stickerless', 'Rubik 10x10 Yuxin Little Magic 10x10x10 Stickerless', 'Rubik 10x10 Yuxin Little Magic 10x10x10 Stickerless YuXin Little Magic 10x10 là một rubik khổng lồ 10 tầng của hãng  YuXin. Đây là Rubik 10x10 thứ hai trong dò', '', '', '', NULL, NULL),
('409', '4', 'man_list', 'san-pham', 'Rubik nâng cao - Rubik TMT', 'Rubik nâng cao', 'Rubik nâng cao là những khối lập phương có kích thước từ 6x6x6 trở lên, dành cho người chơi đã có kinh nghiệm với các dòng cơ bản như 3x3 hoặc 5x5. Những khối R', 'Rubik nâng cao tiếng anh', 'Rubik nâng cao tiếng anh', '', NULL, NULL),
('410', '14', 'man_brand', 'san-pham', 'DianSheng', 'DianSheng', 'DianSheng 3x3 M là khối rubik tốc độ hiện đại đầu tiên của công ty. Khối rubik 3x3 bằng nhựa mờ này có vẻ ngoài rất độc đáo nhờ thiết kế nắp trung tâm mới. Việc', '', '', '', NULL, NULL);

DROP TABLE IF EXISTS `tbl_seopage`;
CREATE TABLE `tbl_seopage` (
  `id` int(11) unsigned NOT NULL AUTO_INCREMENT,
  `file` varchar(255) DEFAULT NULL,
  `options` mediumtext DEFAULT NULL,
  `type` varchar(30) DEFAULT NULL,
  `titlevi` mediumtext DEFAULT NULL,
  `keywordsvi` mediumtext DEFAULT NULL,
  `descriptionvi` mediumtext DEFAULT NULL,
  `titleen` mediumtext DEFAULT NULL,
  `keywordsen` mediumtext DEFAULT NULL,
  `descriptionen` mediumtext DEFAULT NULL,
  PRIMARY KEY (`id`)
) ENGINE=MyISAM AUTO_INCREMENT=12 DEFAULT CHARSET=utf8mb4 COLLATE=utf8mb4_unicode_ci ROW_FORMAT=DYNAMIC;

INSERT INTO `tbl_seopage` (`id`, `file`, `options`, `type`, `titlevi`, `keywordsvi`, `descriptionvi`, `titleen`, `keywordsen`, `descriptionen`) VALUES
('4', 'trang-chu_d2de.png', '{\"width\":\"600\",\"height\":\"315\",\"zc\":\"1\"}', 'trang-chu', 'THẾ GIỚI RUBIK TMT - 0328 732 834', 'THẾ GIỚI RUBIK TMT', 'Sản phẩm của Rubik TMT đa dạng về mẫu mã, từ những viên Rubik cổ điển đến các phiên bản hiện đại với nhiều hình dạng và kích thước khác nhau. Chúng tôi cam kết cung cấp những sản phẩm được sản xuất với công nghệ tiên tiến, đảm bảo an toàn và thân thiện với người dùng.', 'THẾ GIỚI RUBIK TMT ENG', '', ''),
('5', 'gioithieu_9a7a.png', '{\"width\":\"600\",\"height\":\"315\",\"zc\":\"1\"}', 'gioi-thieu', 'Giới thiệu về Rubik TMT', 'THẾ GIỚI RUBIK TMT', 'Thế Giới Rubik TMT là địa chỉ uy tín chuyên cung cấp các loại rubik chất lượng cao tại TP. Hồ Chí Minh, phục vụ đa dạng nhu cầu từ người mới bắt đầu đến các cuber chuyên nghiệp', '', '', ''),
('6', 'ogimage_sanpham-19ef_600x315x1.webp', '{\"width\":\"600\",\"height\":\"315\",\"zc\":\"1\"}', 'san-pham', '99+ mẫu rubik siêu chất tại Rubik TMT', 'Rubik Cơ bản, rubik TMT', '99+ mẫu rubik siêu chất tại Rubik TMT', '', '', ''),
('7', 'ogimage_muahang-3bd2_600x315x1.webp', '{\"width\":\"600\",\"height\":\"315\",\"zc\":\"1\"}', 'mua-hang', 'Hướng dẫn mua hàng tại rubik TMT', '', '', '', '', ''),
('8', NULL, NULL, 'huong-dan-choi', 'Hướng dẫn chơi rubik', 'Hướng dẫn chơi rubik', '', '', '', ''),
('9', NULL, '{\"width\":\"600\",\"height\":\"315\",\"zc\":\"1\"}', 'tin-tuc', 'Tin tức - Rubik TMT', '', '', '', '', ''),
('10', '8192e89cf7.png', '{\"width\":\"600\",\"height\":\"315\",\"zc\":\"1\"}', 'lien-he', 'Liên hệ - THẾ GIỚI RUBIK TMT', '', '', '', '', ''),
('11', 'chinh-sach_7b09.webp', '{\"width\":\"600\",\"height\":\"315\",\"zc\":\"1\"}', 'chinh-sach', 'Chính sách của Rubik  TMT', 'Chính sách của Rubik  TMT', 'Chính sách của Rubik  TMT', '', '', '');

DROP TABLE IF EXISTS `tbl_setting`;
CREATE TABLE `tbl_setting` (
  `id` int(11) NOT NULL AUTO_INCREMENT,
  `analytics` text DEFAULT NULL,
  `headjs` text DEFAULT NULL,
  `bodyjs` text DEFAULT NULL,
  `options` mediumtext DEFAULT NULL,
  `mastertool` mediumtext DEFAULT NULL,
  `namevi` varchar(255) DEFAULT NULL,
  `nameen` varchar(255) DEFAULT NULL,
  `sloganvi` varchar(2000) DEFAULT NULL,
  `sloganen` varchar(2000) DEFAULT NULL,
  `opendoorvi` varchar(2000) DEFAULT NULL,
  `opendooren` varchar(2000) DEFAULT NULL,
  `copyrightvi` varchar(2000) DEFAULT NULL,
  `copyrighten` varchar(2000) DEFAULT NULL,
  `video` varchar(255) DEFAULT NULL,
  PRIMARY KEY (`id`)
) ENGINE=InnoDB AUTO_INCREMENT=2 DEFAULT CHARSET=utf8mb4 COLLATE=utf8mb4_general_ci;

INSERT INTO `tbl_setting` (`id`, `analytics`, `headjs`, `bodyjs`, `options`, `mastertool`, `namevi`, `nameen`, `sloganvi`, `sloganen`, `opendoorvi`, `opendooren`, `copyrightvi`, `copyrighten`, `video`) VALUES
('1', '<!-- Google tag (gtag.js) -->\r\n<script async src=\"https://www.googletagmanager.com/gtag/js?id=G-XKMLLRQBJ9\"></script>\r\n<script>\r\n  window.dataLayer = window.dataLayer || [];\r\n  function gtag(){dataLayer.push(arguments);}\r\n  gtag(\'js\', new Date());\r\n\r\n  gtag(\'config\', \'G-XKMLLRQBJ9\');\r\n</script>', '<script async src=\"https://www.googletagmanager.com/gtag/js?id=AW-17343221389\"></script>\r\n<script>\r\n  window.dataLayer = window.dataLayer || [];\r\n  function gtag(){dataLayer.push(arguments);}\r\n  gtag(\'js\', new Date());\r\n\r\n  gtag(\'config\', \'AW-17343221389\');\r\n</script>\r\n', '<script type=\"application/ld+json\">\r\n{\r\n  \"@context\": \"https://schema.org\",\r\n  \"@graph\": [\r\n    {\r\n      \"@type\": \"WebSite\",\r\n      \"name\": \"Shop Hoa Tươi Nguyễn Minh\",\r\n      \"url\": \"https://shophoatuoicanduoc.com/\",\r\n      \"potentialAction\": {\r\n        \"@type\": \"SearchAction\",\r\n        \"target\": \"https://shophoatuoicanduoc.com/search?keyword={search_term_string}\",\r\n        \"query-input\": \"required name=search_term_string\"\r\n      }\r\n    },\r\n    {\r\n      \"@type\": \"ItemList\",\r\n      \"itemListElement\": [\r\n        {\r\n          \"@type\": \"SiteNavigationElement\",\r\n          \"name\": \"Kệ Hoa Viếng\",\r\n          \"url\": \"https://shophoatuoicanduoc.com/ke-hoa-vieng\"\r\n        },\r\n        {\r\n          \"@type\": \"SiteNavigationElement\",\r\n          \"name\": \"Kệ Hoa Chúc Mừng\",\r\n          \"url\": \"https://shophoatuoicanduoc.com/ke-hoa-chuc-mung\"\r\n        },\r\n        {\r\n          \"@type\": \"SiteNavigationElement\",\r\n          \"name\": \"Bó hoa\",\r\n          \"url\": \"https://shophoatuoicanduoc.com/bo-hoa\"\r\n        },\r\n        {\r\n          \"@type\": \"SiteNavigationElement\",\r\n          \"name\": \"Giỏ hoa\",\r\n          \"url\": \"https://shophoatuoicanduoc.com/gio-hoa\"\r\n        }\r\n      ]\r\n    },\r\n    {\r\n      \"@type\": \"WebPage\",\r\n      \"@id\": \"https://shophoatuoicanduoc.com/\",\r\n      \"name\": \"Shop Hoa Tươi Nguyễn Minh | 0799 090 978\",\r\n      \"description\": \"Shop Hoa tươi Nguyễn Minh - Dịch vụ Hoa Tươi chuyên nghiệp và uy tín. Bảo đảm hoa tươi đẹp đúng mẫu theo yêu cầu của quý khách, chúng tôi mong muốn nhận được nhiều hơn nữa sự tin tưởng và ủng hộ của khách hàng. Số điện thoại 0799 090 978 - A.Minh\"\r\n    },\r\n    {\r\n      \"@type\": \"Organization\",\r\n      \"name\": \"Shop Hoa Tươi Cần Đước\",\r\n      \"url\": \"https://shophoatuoicanduoc.com/\",\r\n      \"logo\": {\r\n        \"@type\": \"ImageObject\",\r\n        \"url\": \"https://shophoatuoicanduoc.com/upload/photo/nguyen-minh-7-7557.png\"\r\n      }\r\n    },\r\n    {\r\n      \"@type\": \"Product\",\r\n      \"name\": \"Shop Hoa Tươi Cần Đước\",\r\n      \"image\": \"https://shophoatuoicanduoc.com/upload/seopage/shop-hoa-tuoi-nguyen-minh-1199.png\",\r\n      \"description\": \"Shop Hoa tươi Nguyễn Minh - Dịch vụ Hoa Tươi chuyên nghiệp và uy tín. Bảo đảm hoa tươi đẹp đúng mẫu theo yêu cầu của quý khách, chúng tôi mong muốn nhận được nhiều hơn nữa sự tin tưởng và ủng hộ của khách hàng. Số điện thoại 0799 090 978 - A.Minh\",\r\n      \"brand\": {\r\n        \"@type\": \"Organization\",\r\n        \"name\": \"Shop Hoa Tươi Cần Đước\"\r\n      },\r\n      \"aggregateRating\": {\r\n        \"@type\": \"AggregateRating\",\r\n        \"ratingValue\": \"5\",\r\n        \"bestRating\": \"5\",\r\n        \"worstRating\": \"1\",\r\n        \"ratingCount\": \"250\"\r\n      }\r\n    }\r\n  ]\r\n}\r\n</script>\r\n\r\n\r\n<p class=\"hidden\">Website designed by Minh Trí - 0328 732 834</p>', '{\"tin-tuc_man_width\":\"540\",\"tin-tuc_man_height\":\"360\",\"tin-tuc_man_zc\":\"1\",\"tieu-chi_man_width\":\"24\",\"tieu-chi_man_height\":\"24\",\"tieu-chi_man_zc\":\"1\",\"chinh-sach_man_width\":\"740\",\"chinh-sach_man_height\":\"480\",\"chinh-sach_man_zc\":\"1\",\"danh-gia_man_width\":\"100\",\"danh-gia_man_height\":\"100\",\"danh-gia_man_zc\":\"1\",\"huong-dan-choi_man_width\":\"540\",\"huong-dan-choi_man_height\":\"360\",\"huong-dan-choi_man_zc\":\"1\",\"san-pham_man_width\":\"500\",\"san-pham_man_height\":\"500\",\"san-pham_man_zc\":\"1\",\"san-pham_list_width\":\"25\",\"san-pham_list_height\":\"25\",\"san-pham_list_zc\":\"1\",\"san-pham_cat_width\":\"100\",\"san-pham_cat_height\":\"100\",\"san-pham_cat_zc\":\"1\",\"san-pham_brand_width\":\"150\",\"san-pham_brand_height\":\"150\",\"san-pham_brand_zc\":\"2\",\"lang_default\":\"vi\",\"color\":\"8700CA\",\"email\":\"minhtri.blueweb@gmail.com\",\"hotline\":\"0328 732 834\",\"zalo\":\"0328732834\",\"oaidzalo\":\"gWP%!$b(y\",\"website\":\"https:\\/\\/rubikblue.42web.io\\/\",\"fanpage\":\"https:\\/\\/www.facebook.com\\/tritretrung1509\\/\",\"copyright\":\"Bản quyền thuộc Minh Trí Rubik. Design by Minh Trí BlueWeb\",\"coords_link\":\"https:\\/\\/maps.app.goo.gl\\/HHd5onv8ahm968mVA\",\"coords\":\"10.86276948472411, 106.63364911149097\",\"opendoor\":\"8h - 20h\",\"address\":\"152\\/18, Dương Thị Mười, P.Tân Thới Hiệp, Quận 12, TpHCM\",\"coords_iframe\":\"<iframe src=\\\"https:\\/\\/www.google.com\\/maps\\/embed?pb=!4v1752727106582!6m8!1m7!1sSrv3KP3izAupFC72vVZtyg!2m2!1d10.86283522546629!2d106.6336667732894!3f210.95356459780055!4f-0.0747057095736352!5f0.4000000000000002\\\" width=\\\"600\\\" height=\\\"450\\\" style=\\\"border:0;\\\" allowfullscreen=\\\"\\\" loading=\\\"lazy\\\" referrerpolicy=\\\"no-referrer-when-downgrade\\\"><\\/iframe>\"}', '<meta name=\"google-site-verification\" content=\"aRj1GnqPi4mWQZBqtzIx_2yjyIFcncBoUX3CptwiR-E\" />\r\n<meta name=\'dmca-site-verification\' content=\'ZG5UTk40dzhYMmgrUzlsT0w3R3VOeXZ1cEkzRk1iNGorNmRiVVF1TTQvbz01\' />', 'THẾ GIỚI RUBIK TMT', 'TMT RUBIK WORLD', 'Chào mừng các bạn đến với website của Minh Trí Rubik', 'Welcome to Minh Tri Rubik\'s website.', '', '', 'Bản quyền thuộc Minh Trí Rubik. Design by Minh Trí BlueWeb', 'Copyright belongs to Minh Tri Rubik. Design by Minh Tri BlueWeb', '');

DROP TABLE IF EXISTS `tbl_static`;
CREATE TABLE `tbl_static` (
  `id` int(11) unsigned NOT NULL AUTO_INCREMENT,
  `file` varchar(255) DEFAULT NULL,
  `slug` varchar(255) DEFAULT NULL,
  `contentvi` mediumtext DEFAULT NULL,
  `contenten` mediumtext DEFAULT NULL,
  `descvi` mediumtext DEFAULT NULL,
  `descen` mediumtext DEFAULT NULL,
  `namevi` varchar(255) DEFAULT NULL,
  `nameen` varchar(255) DEFAULT NULL,
  `type` text DEFAULT NULL,
  `status` text NOT NULL,
  `create_at` datetime DEFAULT current_timestamp(),
  `update_at` datetime DEFAULT current_timestamp() ON UPDATE current_timestamp(),
  PRIMARY KEY (`id`)
) ENGINE=MyISAM AUTO_INCREMENT=22 DEFAULT CHARSET=utf8mb4 COLLATE=utf8mb4_unicode_ci;

INSERT INTO `tbl_static` (`id`, `file`, `slug`, `contentvi`, `contenten`, `descvi`, `descen`, `namevi`, `nameen`, `type`, `status`, `create_at`, `update_at`) VALUES
('1', '', '', '<h2>GIỚI THIỆU VỀ THẾ GIỚI RUBIK TMT</h2>\r\n\r\n<p><strong>Thế Giới Rubik TMT</strong> là địa chỉ uy tín chuyên cung cấp các loại rubik chất lượng cao tại TP. Hồ Chí Minh, phục vụ đa dạng nhu cầu từ người mới bắt đầu đến các cuber chuyên nghiệp. Với phương châm \"Chất lượng – Uy tín – Giá tốt\", chúng tôi luôn nỗ lực mang đến cho khách hàng những sản phẩm chính hãng, đa dạng mẫu mã và trải nghiệm mua sắm thuận tiện nhất.</p>\r\n\r\n<p>Dù mới gia nhập sân chơi Rubik chưa lâu nhưng <strong>Rubik TMT </strong>đã phát triển nhanh chóng và chạm đến lòng tin của khách hàng bằng những sản phẩm chất lượng, trải nghiệm mua sắm tối ưu và những giải đấu chuyên nghiệp với quy mô hàng đầu tại Việt Nam. <strong>Rubik TMT</strong> không chỉ hướng đến chất lượng sản phẩm tốt nhất, nâng cao chất lượng dịch vụ chăm sóc khách hàng mà còn mong muốn phát triển cộng đồng Rubik tại Việt Nam ngày càng lớn mạnh.</p>\r\n\r\n<h2>Rubik TMT LÀ AI?</h2>\r\n\r\n<p><strong>Rubik TMT</strong> là nhà phân phối đồ chơi trí tuệ Rubik hàng đầu Việt Nam. Chúng tôi cam kết mang lại những sản phẩm chính hãng với giá thành phải chăng cùng trải nghiệm mua sắm tuyệt vời.</p>\r\n\r\n<p><strong>Rubik TMT</strong> là đối tác trực tiếp với các thương hiệu Speedcube hàng đầu thế giới như Gan, Moyu, Qiyi,...</p>\r\n\r\n<p><strong>Rubik TMT</strong> hân hạnh là nhà tài trợ chính, đồng hành cùng các thí sinh cuber trong các giải đấu quy mô hàng đầu tại Việt Nam.</p>\r\n\r\n<h2>GIÁ TRỊ CỐT LÕI</h2>\r\n\r\n<h3>Sản Phẩm Chất Lượng</h3>\r\n\r\n<ul>\r\n	<li>\r\n	<p>Chúng tôi luôn cố gắng mang đến những sản phẩm chính hãng, chất lượng với nguồn gốc xuất sứ rõ ràng cùng mức giá phải chăng nhất</p>\r\n	</li>\r\n</ul>\r\n\r\n<h3>Hướng Đến Người Dùng</h3>\r\n\r\n<ul>\r\n	<li>\r\n	<p><strong>Rubik TMT</strong> luôn đặt khách hàng làm trung tâm của dịch vụ bán hàng, đặt mình vào vị thế của người dùng để mang lại những dịch vụ và trải nghiệm tốt nhất</p>\r\n	</li>\r\n</ul>\r\n\r\n<h3>Phát Triển Cộng Đồng</h3>\r\n\r\n<ul>\r\n	<li>\r\n	<p>Chúng tôi hướng đến mục đích xây dựng và phát triển cộng đồng Speedcubing Việt Nam ngày càng lớn mạnh.</p>\r\n	</li>\r\n</ul>\r\n\r\n<h2>CHÚNG TÔI CUNG CẤP ĐẦY ĐỦ CÁC DÒNG RUBIK PHỔ BIẾN:</h2>\r\n\r\n<ul>\r\n	<li>\r\n	<p>Rubik 2x2x2 – Phù hợp cho người mới làm quen với rubik</p>\r\n	</li>\r\n	<li>\r\n	<p>Rubik 3x3x3 – Mẫu rubik kinh điển và phổ biến nhất hiện nay</p>\r\n	</li>\r\n	<li>\r\n	<p>Rubik 4x4x4, 5x5x5, 6x6x6 – Dành cho những ai yêu thích thử thách và nâng cao kỹ năng giải rubik</p>\r\n	</li>\r\n</ul>\r\n\r\n<p>Ngoài ra, <strong>Thế Giới Rubik TMT</strong> còn cập nhật thường xuyên các dòng rubik cao cấp, rubik thi đấu, phụ kiện rubik và combo khuyến mãi hấp dẫn.</p>\r\n\r\n<p>Liên hệ ngay với <strong>Thế Giới Rubik TMT</strong> để được tư vấn và lựa chọn sản phẩm phù hợp nhất với bạn!</p>\r\n\r\n<section style=\"width: 100%;background: rgba(231, 246, 255, 0.58);border: 5px dashed rgb(224, 12, 61);padding: 10px;margin-bottom: 10px;text-align: center;font: 500 16px / 1.6 Arial;color: rgb(0, 65, 118);line-height: 1.2;\">\r\n<p><strong>THẾ GIỚI RUBIK TMT</strong></p>\r\n\r\n<p>------------------</p>\r\n\r\n<p><strong>Website</strong> : www.minhtrirubik.vn</p>\r\n\r\n<p><strong>Email</strong> : minhtri.blueweb@gmail.com</p>\r\n\r\n<p><strong>Địa chỉ</strong> : 152/18, Dương Thị Mười, P.Tân Thới Hiệp, Quận 12, TpHCM</p>\r\n\r\n<p style=\"width: 100%; margin-top: 30px; margin-bottom: 30px; text-align: center;\"><a href=\"https://zalo.me/0328732834\" style=\"padding:20px 40px;background:#e00c3d;color:#fff;text-decoration:none!important;border-radius:10px;border:2px dashed #fefa04\"><strong>0328 732 834 (Mr. Trí)</strong></a></p>\r\n</section>\r\n', '', '', '', 'Giới thiệu', 'About Us', 'gioi-thieu', 'hienthi', '2025-06-23 01:24:57', '2025-08-19 08:33:51'),
('2', '', '', '<p>Địa chỉ mua rubik và địa chỉ bán rubik chính hãng tại Việt Nam. Đại lý bán rubik xịn chính hãng được ủy quyền phân phối Rubik. Tìm mua rubik ở đâu\r\n</p>\r\n<p> Chúng tôi chấp nhận các hình thức mua hàng sau: \r\n</p>\r\n<ul>\r\n  <li>Mua hàng qua mạng.</li>\r\n  <li>Mua hàng qua  nhắn tin điện thoại.</li>\r\n  <li>Mua hàng qua chat online Zalo</li>\r\n  <li>Mua hàng trực tiếp tại các các cửa hàng của Cty. Địa chỉ mua Rubik, địa chỉ bán Rubik như sau</li>\r\n</ul>\r\n<h2>MUA HÀNG TRỰC TIẾP \r\n</h2>\r\n<p><span style=\"font-size:18px;\"><strong>THẾ GIỚI RUBIK TMT</strong></span>\r\n</p>\r\n<table class=\"table table-borderless table-sm\" style=\"font-size: 16px\">\r\n  <tbody>\r\n    <tr style=\"vertical-align: middle\">\r\n      <td>\r\n        Địa chỉ\r\n        \r\n      </td>\r\n      <td>:\r\n      </td>\r\n      <td>152/18, Dương Thị Mười, P.Tân Thới Hiệp, Quận 12, TpHCM\r\n      </td>\r\n    </tr>\r\n    <tr style=\"vertical-align: middle\">\r\n      <td>\r\n        Mở cửa\r\n        \r\n      </td>\r\n      <td>:\r\n      </td>\r\n      <td>8h – 17h\r\n      </td>\r\n    </tr>\r\n    <tr style=\"vertical-align: middle\">\r\n      <td>\r\n        Điện thoại\r\n        \r\n      </td>\r\n      <td>:\r\n      </td>\r\n      <td><strong><span style=\"color:#e74c3c;\">0328 732 834</span></strong>\r\n      </td>\r\n    </tr>\r\n    <tr style=\"vertical-align: middle\">\r\n      <td>\r\n       Email\r\n        \r\n      </td>\r\n      <td>:\r\n      </td>\r\n      <td>minhtri.blueweb@gmail.com\r\n      </td>\r\n    </tr>\r\n    <tr style=\"vertical-align: middle\">\r\n      <td>\r\n       Website\r\n        \r\n      </td>\r\n      <td>:\r\n      </td>\r\n      <td>www.minhtrirubik.vn\r\n      </td>\r\n    </tr>\r\n  </tbody>\r\n</table>\r\n', '', '', '', 'Hướng dẫn mua hàng', '', 'mua-hang', 'hienthi', '2025-06-23 01:24:57', '2025-08-19 08:57:23'),
('19', NULL, NULL, '<p>Phương thức thanh toánn</p>\r\n', '', '', '', 'Phương thức thanh toán', '', 'thanh-toan', 'hienthi', '2025-07-23 16:39:51', '2025-08-01 16:31:33'),
('3', '', '', '<p>Sản phẩm của Rubik TMT đa dạng về mẫu mã, từ những viên Rubik cổ điển đến các phiên bản hiện đại với nhiều hình dạng và kích thước khác nhau. Chúng tôi cam kết cung cấp những sản phẩm được sản xuất với công nghệ tiên tiến, đảm bảo an toàn và thân thiện với người dùng.</p>\r\n', '', '', '', 'Footer', 'Footer', 'footer', 'hienthi', '2025-06-23 01:24:57', '2025-07-15 08:32:19'),
('4', '', '', '<div class=\"social\">\r\n<p>THẾ GIỚI RUBIK TMT</p>\r\n</div>\r\n\r\n<table class=\"table table-borderless table-sm\" style=\"font-size: 16px\">\r\n	<tbody>\r\n		<tr style=\"vertical-align: middle\">\r\n			<td>\r\n			<h3 style=\"font-size: 16px; font-weight: bold; margin: 0\">Địa chỉ</h3>\r\n			</td>\r\n			<td>:</td>\r\n			<td>152/18, Dương Thị Mười, P.Tân Thới Hiệp, Quận 12, TpHCM</td>\r\n		</tr>\r\n		<tr style=\"vertical-align: middle\">\r\n			<td>\r\n			<h3 class=\"text-nowrap\" style=\"font-size: 16px; font-weight: bold; margin: 0\">Mở cửa</h3>\r\n			</td>\r\n			<td>:</td>\r\n			<td>8h – 17h</td>\r\n		</tr>\r\n		<tr style=\"vertical-align: middle\">\r\n			<td>\r\n			<h3 style=\"font-size: 16px; font-weight: bold; margin: 0\">Điện thoại</h3>\r\n			</td>\r\n			<td>:</td>\r\n			<td><strong><span style=\"color:#e74c3c;\">0328 732 834</span></strong></td>\r\n		</tr>\r\n		<tr style=\"vertical-align: middle\">\r\n			<td>\r\n			<h3 style=\"font-size: 16px; font-weight: bold; margin: 0\">Email</h3>\r\n			</td>\r\n			<td>:</td>\r\n			<td>minhtri.blueweb@gmail.com</td>\r\n		</tr>\r\n		<tr style=\"vertical-align: middle\">\r\n			<td>\r\n			<h3 style=\"font-size: 16px; font-weight: bold; margin: 0\">Website</h3>\r\n			</td>\r\n			<td>:</td>\r\n			<td>www.minhtrirubik.vn</td>\r\n		</tr>\r\n	</tbody>\r\n</table>\r\n', '', '', '', 'Liên hệ', 'About Us', 'lien-he', 'hienthi', '2025-06-23 01:24:57', '2025-07-23 14:28:55'),
('5', NULL, NULL, '<p>Giới thiệu\r\n</p>\r\n<p>Liên hệ\r\n</p>\r\n<p>Hướng dẫn đổi trả\r\n</p>\r\n<p>Vận chuyển và giao nhận\r\n</p>\r\n<p>Cam kết bảo mật thông tin\r\n</p>\r\n<p>Đơn vị thiết kế website\r\n</p>\r\n<p><img alt=\"\" height=\"32\" src=\"/web/admin/uploads/filemanager/images/icon/dmca_protected_16_120.png\" width=\"100\" /> <img alt=\"\" height=\"32\" src=\"/web/admin/uploads/filemanager/images/icon/dmca-compliant-white-bg.png\" width=\"110\" />\r\n</p>\r\n', '', '', '', 'Hỗ trợ khách hàng', '', 'ho-tro-khach-hang', 'hienthi', '2025-06-24 01:43:55', '2025-08-01 22:21:41'),
('8', NULL, NULL, '<p><strong>CSKH</strong>: 0328 732 834\r\n</p>\r\n<p><strong>Mua hàng</strong>: 0328 732 834\r\n</p>\r\n<p><strong>Hỗ trợ kỹ thuật</strong>: 0328 732 834\r\n</p>\r\n<p><strong>Giờ làm việc</strong> : 8:00 - 17:00 ( Thứ 2 - Thứ 7)\r\n</p>\r\n', '', '', '', 'Hỗ trợ 24/7', '', 'ho-tro-247', 'hienthi', '2025-06-24 01:43:59', '2025-08-01 22:21:33'),
('17', NULL, NULL, '<p>Chào mừng các bạn đến với website của Minh Trí Rubik</p>\r\n', '', '', '', 'Lời giới thiệu', '', 'introduction', 'hienthi', '2025-07-17 10:50:41', '2025-07-17 10:50:41'),
('18', NULL, NULL, 'Đăng ký với chúng tôi ngay để không bỏ lỡ những chương trình hấp dẫn', '', '', '', 'Đăng ký nhận tin', '', 'dang-ky-nhan-tin', 'hienthi', '2025-07-21 08:28:29', '2025-07-27 00:35:21'),
('20', NULL, NULL, '<p><span style=\"font-size:14px;\">Phụ kiện <span style=\"color:#dd0000;\"><strong>GIẢM 10% </strong></span>khi mua kèm máy</span></p>\r\n\r\n<p><span style=\"font-size:14px;\"><span style=\"color:#dd0000;\"><strong>GIẢM NGAY 5% </strong></span>khi mua các sản phẩm thương hiệu GAN tại website (Được áp dụng đồng thời với khuyến mại)</span></p>\r\n\r\n<p><span style=\"font-size:14px;\">Tặng <span style=\"color:#dd0000;\"><strong>VOUCHER 100K </strong></span>cho khách lần đầu mua hàng online và đăng ký thành viên tại web của chúng tôi</span></p>\r\n', '', NULL, NULL, 'Khuyến Mãi', '', 'khuyen-mai', 'hienthi', '2025-08-17 12:17:06', '2025-08-17 12:22:26'),
('21', NULL, NULL, '<ul>\r\n  <li>\r\n    <div>HÀNG CHÍNH HÃNG 100%</div>\r\n    <div>Bồi thường 100% nếu hàng không chính hãng</div>\r\n  </li>\r\n  <li>\r\n    <div>MIỄN PHÍ SHIP ĐƠN TỪ 1 TRIỆU VNĐ</div>\r\n    <div>Áp dụng các quận nội thành HCM</div>\r\n  </li>\r\n  <li>\r\n    <div>BẢO HÀNH CHÍNH HÃNG</div>\r\n    <div>Sản phẩm được bảo hành chính hãng của nhà sản xuất</div>\r\n  </li>\r\n  <li>\r\n    <div>ĐỔI MỚI TRONG 7 NGÀY</div>\r\n    <div>Sản phẩm lỗi được đổi mới trong 7 ngày đầu tiên</div>\r\n  </li>\r\n</ul>\r\n', '', NULL, NULL, 'CAM KẾT SẢN PHẨM', '', 'cam-ket', 'hienthi', '2025-08-17 12:33:25', '2025-08-17 13:17:04');

DROP TABLE IF EXISTS `tbl_type`;
CREATE TABLE `tbl_type` (
  `id` int(11) unsigned NOT NULL AUTO_INCREMENT,
  `lang_define` mediumtext DEFAULT NULL,
  `langvi` mediumtext DEFAULT NULL,
  `langen` mediumtext DEFAULT NULL,
  `numb` int(11) unsigned DEFAULT 0,
  PRIMARY KEY (`id`)
) ENGINE=MyISAM AUTO_INCREMENT=360 DEFAULT CHARSET=utf8mb4 COLLATE=utf8mb4_unicode_ci;

INSERT INTO `tbl_type` (`id`, `lang_define`, `langvi`, `langen`, `numb`) VALUES
('5', 'trangchu', 'Trang chủ', 'Home', '1'),
('6', 'gioithieu', 'Giới thiệu', 'About us', '2'),
('8', 'tintuc', 'Tin tức', 'News', '4'),
('9', 'lienhe', 'Liên hệ', 'Contact us', '5'),
('34', 'muahang', 'Mua hàng', NULL, '5'),
('46', 'sanpham', 'Sản phẩm', 'Product', '2'),
('31', 'luotxem', 'Lượt xem', 'Views', '2'),
('30', 'huongdanchoi', 'Hướng dẫn chơi', 'Product code', '1'),
('26', 'ngaydang', 'Ngày đăng', 'Date Submitted', '2'),
('27', 'tintuckhac', 'Tin tức khác', 'Other news', '3'),
('40', 'hotrotructuyen', 'Hổ trợ trực tuyến', 'Support Online', '1'),
('50', 'dangonline', 'Đang online', 'Online', '1'),
('51', 'tongtruycap', 'Tổng truy cập', 'Total', '2'),
('52', 'diachi', 'Địa chỉ', 'Address', '3'),
('53', 'thongtinlienhe', 'Thông tin liên hệ', 'Information Contact', '4'),
('54', 'sodienthoai', 'Số điện thoại', 'Phone Number', '5'),
('55', 'hovaten', 'Họ và tên', 'Full name', '1'),
('56', 'chude', 'Chủ đề', 'Subject', '2'),
('57', 'noidung', 'Nội dung', 'Content', '3'),
('224', 'matkhaumoi', 'Mật khẩu mới', 'New password', '1'),
('225', 'nhaplaimatkhaumoi', 'Nhập lại mật khẩu mới', 'Re-new password', '1'),
('65', 'gui', 'Gửi', 'Send', '1'),
('66', 'nhaplai', 'Nhập lại', 'Reset', '2'),
('76', 'footer', 'Footer', '', '1'),
('78', 'khongtimthayketqua', 'Không tìm thấy kết quả', 'No results found', '1'),
('197', 'timduongdi', 'Tìm đường đi', 'Find a way', '1'),
('198', 'dinhkemtaptin', 'Đính kèm file', 'Attachment file', '1'),
('199', 'mabaomat', 'Mã bảo mật', 'Security code', '1'),
('86', 'dichvu', 'Dịch vụ', 'Service', '1'),
('87', 'timkiem', 'Tìm kiếm', 'Search', '1'),
('226', 'capnhat', 'Cập nhật', 'Update', '1'),
('227', 'boqua', 'Bỏ qua', 'Cancel', '1'),
('228', 'phuongxa', 'Phường/xã', 'Ward', '1'),
('92', 'truycapngay', 'Truy cập ngày', 'Today', '1'),
('93', 'dangkynhantin', 'Đăng ký nhận tin', 'Sign up to get information', '0'),
('218', 'quanhuyen', 'Quận/huyện', 'District', '1'),
('302', 'vuilongchonquanhuyen', 'Vui lòng chọn quận huyện', 'Please select a district', '0'),
('220', 'soluongqualon', 'Số lượng không được lớn hơn 999', 'Quantity is not greater than 999', '1'),
('96', 'hoten', 'Họ tên', 'Full name', '1'),
('97', 'chitietsanpham', 'Chi tiết sản phẩm', 'Product Details', '1'),
('99', 'xemthem', 'Xem thêm', 'View more', '1'),
('102', 'tuyendung', 'Tuyển dụng', 'Recruitment', '1'),
('108', 'gia', 'Giá', 'Price', '1'),
('221', 'thongtincanhan', 'Thông tin cá nhân', 'Information personal', '1'),
('193', 'thuvienanh', 'Thư viện ảnh', 'Album', '1'),
('194', 'sanphamnoibat', 'Sản phẩm nổi bật', 'Featured products', '1'),
('112', 'ketquatimkiem', 'Kết quả tìm kiếm', 'Search results', '1'),
('230', 'dathang', 'Đặt hàng', 'Add to cart', '1'),
('223', 'matkhaucu', 'Mật khẩu cũ', 'Old password', '1'),
('250', 'giohang', 'Giỏ hàng', 'My cart', '1'),
('212', 'hinh', 'Hình', 'Picture', '1'),
('213', 'soluong', 'Số lượng', 'Number', '1'),
('214', 'thanhtien', 'Thành tiền', 'Amount', '1'),
('216', 'tinhthanh', 'Tỉnh/thành phố', 'City', '1'),
('128', 'nhaptukhoatimkiem', 'Nhập từ khóa cần tìm...', 'Enter the keyword...', '1'),
('205', 'tinhtrang', 'Tình trạng', 'Status', '1'),
('206', 'hethang', 'Hết hàng', 'Out of stock', '1'),
('207', 'dangcapnhat', 'Đang cập nhật', 'Updating', '1'),
('132', 'danhmucsanpham', 'Danh mục sản phẩm', 'Product portfolio', '1'),
('134', 'trongtuan', 'Tuần', 'Week', '1'),
('222', 'thaydoimatkhau', 'Thay đổi mật khẩu', 'Change password', '1'),
('137', 'thongketruycap', 'Thống kê truy cập', 'Statistical access', '1'),
('146', 'thongtinsanpham', 'Thông tin sản phẩm', 'Products Information', '1'),
('303', 'vuilongchonphuongxa', 'Vui lòng chọn phường xã', 'Please select a ward', '0'),
('156', 'traloi', 'Trả lời', 'Answer', '1'),
('157', 'huy', 'Hủy', 'Cancel', '1'),
('151', 'binhluanve', 'bình luận về', 'comments about', '1'),
('152', 'moibanthaoluan', 'Mời bạn thảo luận. Vui lòng nhập Tiếng Việt có dấu, tối thiểu 10 ký tự.', 'Please discuss. Please enter Vietnamese accented, minimum 10 characters.', '1'),
('200', 'co', 'Có', 'Have', '1'),
('201', 'danhgia', 'Đánh giá', 'Review', '1'),
('202', 'xacnhan', 'Xác nhận', 'Confirm', '1'),
('203', 'sanphamcungloai', 'Sản phẩm cùng loại', 'Product Similar', '1'),
('204', 'conhang', 'Còn hàng', 'Stocking', '1'),
('165', 'thanhtoan', 'Thanh toán', 'Pay', '1'),
('167', 'chonvideo', 'Chọn video', 'Choose video', '1'),
('168', 'slogandangkynhantin', 'Để lại thông tin để nhận tin tức mới nhất từ chúng tôi', 'Leave information to receive the latest news from us', '1'),
('208', 'giamoi', 'Giá mới', 'New price', '1'),
('209', 'giacu', 'Giá cũ', 'Old price', '1'),
('171', 'binhluan', 'Bình luận', 'Comment', '1'),
('172', 'baivietkhac', 'Bài viết khác', 'Other news', '1'),
('174', 'banmuonxoasanphamnay', 'Bạn muốn xóa sản phẩm này khỏi giỏ hàng ? ', 'Do you want to remove this product from your shopping cart?', '1'),
('176', 'soluongkhongnhohonkhong', 'Số lượng đặt mua không được nhỏ hơn 0', 'Order quantity must not be less than 0', '1'),
('178', 'muatiep', 'Mua tiếp', 'Buy more', '1'),
('179', 'xoatatca', 'Xóa tất cả', 'Delete all', '1'),
('181', 'kichthuoc', 'Kích thước', 'Size', '1'),
('183', 'dangnhap', 'Đăng nhập', 'Login', '1'),
('184', 'taikhoan', 'Tài khoản', 'Username', '1'),
('185', 'matkhau', 'Mật khẩu', 'Password', '1'),
('186', 'nhomatkhau', 'Nhớ mật khẩu', 'Remember password', '1'),
('187', 'quenmatkhau', 'Quên mật khẩu', 'Forget password', '1'),
('188', 'nhaplaimatkhau', 'Nhập lại mật khẩu', 'Confirm password', '1'),
('189', 'dienthoai', 'Điện thoại', 'Phone', '1'),
('190', 'banchuacotaikhoan', 'Bạn chưa có tài khoản ', 'You don\'t have a account', '1'),
('192', 'laymatkhau', 'Lấy mật khẩu', 'Get password', '1'),
('231', 'apdung', 'Áp dụng', 'Apply', '1'),
('232', 'phivanchuyen', 'Phí vận chuyển', ' Transport fee', '1'),
('296', 'tamtinh', 'Tạm tính', 'Provisional', '0'),
('234', 'tongtien', 'Tổng tiền', 'Total price', '1'),
('235', 'map', 'Bản đồ', 'Map', '1'),
('236', 'donhang', 'Đơn hàng', 'Order', '1'),
('237', 'lichsudonhang', 'Lịch sử đơn hàng', 'Order history', '1'),
('238', 'trangdau', 'Trang đầu', 'First page', '1'),
('239', 'trangcuoi', 'Trang cuối', 'Last page', '1'),
('240', 'trangbantruycapkhongtontai', 'Trang bạn truy cập không tồn tại.', 'The page you visited does not exist.', '1'),
('241', 'vetrangchu', 'Về trang chủ', 'Back to homepage', '1'),
('242', 'chiase', 'Chia sẻ', 'Share', '1'),
('244', 'xoa', 'Xóa', 'Delete', '1'),
('245', 'mausac', 'Màu sắc', 'Color', '1'),
('247', 'thongtingiaohang', 'Thông tin giao hàng', 'Shipment Details', '1'),
('301', 'vuilongchontinhthanh', 'Vui lòng chọn tỉnh thành', 'Please select a province', '0'),
('253', 'yeucaukhac', 'Yêu cầu khác (không bắt buộc)', 'Other (Optional)', '1'),
('254', 'khongtontaisanphamtronggiohang', 'Không tồn tại sản phẩm nào trong giỏ hàng !', 'No products in your shopping cart !', '1'),
('256', 'giohangcuaban', 'Giỏ hàng của bạn', 'Your cart', '1'),
('257', 'vuilongchonsizevamau', 'Vui lòng chọn size và màu !', 'Please select size and color !', '1'),
('258', 'dangkytaiday', 'Đăng ký', 'Sign up here', '1'),
('259', 'nhaphoten', 'Nhập họ tên của bạn', 'Enter your full name', '1'),
('260', 'nhaptaikhoan', 'Nhập tài khoản của bạn', 'Enter your account', '1'),
('261', 'nhapmatkhau', 'Nhập mật khẩu (5-15 ký tự)', 'Choose password (5-15 chars)', '1'),
('262', 'nhapemail', 'Nhập địa chỉ email của bạn', 'Enter your email address', '1'),
('263', 'nhapdienthoai', 'Nhập số điện thoại', 'Enter your number phone', '1'),
('264', 'nhapdiachi', 'Nhập địa chỉ của bạn', 'Enter your address', '1'),
('265', 'nhapngaysinh', 'Nhập ngày sinh', 'Enter your birthday', '1'),
('266', 'gioitinh', 'Giới tính', 'Gender', '1'),
('267', 'nam', 'Nam', 'Male', '1'),
('268', 'nu', 'Nữ', 'Female', '1'),
('269', 'kichhoat', 'Kích hoạt', 'Active', '1'),
('270', 'nhapmakichhoat', 'Nhập mã kích hoạt', 'Enter your active code', '1'),
('271', 'nhapmatkhaucu', 'Nhập mật khẩu cũ', 'Enter old password', '1'),
('272', 'nhapmatkhaumoi', 'Nhập mật khẩu mới', 'Enter new password', '1'),
('273', 'thich', 'Thích', 'Like', '1'),
('274', 'dathich', 'Đã thích', 'Liked', '1'),
('275', 'taithembinhluan', 'Tải thêm bình luận', 'Get more comments', '1'),
('276', 'trangke', 'Trang kế', 'Next page', '1'),
('277', 'trangtruoc', 'Trang trước', 'Prev page', '1'),
('279', 'hinhanh', 'Hình ảnh', 'Image', '0'),
('280', 'tensanpham', 'Tên sản phẩm', 'Product name', '0'),
('282', 'duong', 'Đường phố', 'Street', '1'),
('283', 'hinhthucthanhtoan', 'Hình thức thanh toán', 'Payments', '0'),
('284', 'vuilongnhaphoten', 'Vui lòng nhập họ và tên', 'Please enter your first and last name', '0'),
('285', 'vuilongnhapsodienthoai', 'Vui lòng nhập số điện thoại', 'Please enter the phone number', '0'),
('286', 'vuilongnhapdiachi', 'Vui lòng nhập địa chỉ', 'Please enter your address', '0'),
('287', 'vuilongnhapdiachiemail', 'Vui lòng nhập địa chỉ email', 'Please enter email address', '0'),
('288', 'vuilongnhapchude', 'Vui lòng nhập chủ đề', 'Please enter subject', '0'),
('289', 'vuilongnhapnoidung', 'Vui lòng nhập nội dung', 'Please enter content', '0'),
('290', 'chon', 'Chọn', 'Choose', '0'),
('292', 'tieptucmuahang', 'Tiếp tục mua hàng', 'Continue shopping', '0'),
('293', 'trongthang', 'Tháng', 'Month', '0'),
('294', 'chinhsach', 'Chính sách', 'Policy', '0'),
('295', 'thuonghieu', 'Thương hiệu', 'Brand', '0'),
('304', 'vuilongnhaptaikhoan', 'Vui lòng nhập tài khoản', 'Please enter an account', '0'),
('305', 'vuilongnhapmatkhau', 'Vui lòng nhập mật khẩu', 'Please enter a password', '0'),
('306', 'vuilongnhaplaimatkhau', 'Vui lòng nhập lại mật khẩu', 'Please enter the password again', '0'),
('307', 'vuilongnhapngaysinh', 'Vui lòng nhập ngày sinh', 'Please enter your birthday', '0'),
('308', 'ngaysinh', 'Ngày sinh', 'Date of birth', '0'),
('312', 'vuilongnhapmakichhoat', 'Vui lòng nhập mã kích hoạt', 'Please enter the activation code', '0'),
('315', 'dangxuat', 'Đăng xuất', 'Logout', '0'),
('316', 'homnay', 'Hôm nay', 'Today', '0'),
('317', 'homqua', 'Hôm qua', 'Yesterday', '0'),
('318', 'thongbao', 'Thông báo', 'Notify', '0'),
('319', 'thoat', 'Thoát', 'Exit', '0'),
('320', 'chuanhaptukhoatimkiem', 'Chưa nhập từ khóa tìm kiếm', 'No search keywords entered', '0'),
('322', 'capnhatthongtin', 'Cập nhật thông tin', 'Update information', '0'),
('323', 'noidungdangcapnhat', 'Nội dung đang cập nhật', 'Content is updating', '0'),
('325', 'dangcapnhatdulieu', 'Đang cập nhật dữ liệu', 'Updating data', '0'),
('326', 'dangkynhantinthanhcong', 'Đăng ký nhận tin thành công', 'Sign up to receive news successfully', '0'),
('327', 'dangkynhantinthatbai', 'Đăng ký nhận tin thất bại', 'Newsletter subscription failed', '0'),
('328', 'lienquan', 'liên quan', 'Related', '0'),
('329', 'themvaogiohang', 'Thêm vào giỏ hàng', 'Add to cart', '0'),
('330', 'muangay', 'Mua ngay', ' Buy now', '0'),
('331', 'xuhuong', 'Xu hướng', 'Trend', '0'),
('332', 'thuvien', 'Thư viện', 'Library', '0'),
('333', 'hosonangluc', 'Hồ sơ năng lực', 'Capacity profile', '0'),
('334', 'cosovatchat', 'Cơ sở vật chất', 'The infrastructure', '0'),
('335', 'tintucvideo', 'Tin tức &amp; Video', 'News &amp; Videos', '0'),
('336', 'hotrotructuyen', 'Hỗ trợ trực tuyến', 'Online support', '0'),
('337', 'noidungquantam', 'Nội dung quan tâm', 'Content of interest', '0'),
('338', 'gioithieuve', 'Giới thiệu về', 'Introduce about', '0'),
('339', 'sanphamnoibat', 'Sản phẩm nổi bật', 'Featured products', '0'),
('340', 'guingay', 'Gửi ngay', 'Send now', '0'),
('341', 'doitackhachhang', ' Đối tác&lt;br/&gt; Khách hàng', 'Partners&lt;br/&gt;Customers', '0'),
('342', 'logistics', 'Logistics', 'Logistics', '0'),
('343', 'chuoicungung', 'Chuỗi cung ứng', 'Supply chain', '0'),
('344', 'lay', 'GET', 'GET', '0'),
('345', 'dichvutoancau', 'Dịch vụ toàn cầu', 'Global service', '0'),
('346', 'guitinnhan', 'Gửi tin nhắn cho chúng tôi', 'Send us messeage', '0'),
('347', 'diachiemail', 'Địa chỉ email', 'Email address', '0'),
('348', 'tinnhan', 'Tin nhắn', 'Message', '0'),
('349', 'vuilongnhaptinnhan', 'Vui lòng nhập tin nhắn', 'Please enter a message', '0'),
('350', 'lienkethuuich', 'Liên kết hữu ích', 'Useful Link', '0'),
('351', 'mangxahoi', 'Social', 'Mạng xã hội', '0'),
('352', 'logo', 'logo', NULL, '0'),
('353', 'favicon', 'favicon', NULL, '0'),
('354', 'payment', 'phương thức thanh toán', NULL, '0'),
('355', 'hotrokhachhang', 'Hỗ trợ khách hàng', NULL, '0'),
('356', 'hotro247', 'Hỗ trợ 24/7', NULL, '0'),
('357', 'tieuchi', 'tiêu chí', NULL, '0');

DROP TABLE IF EXISTS `tbl_user`;
CREATE TABLE `tbl_user` (
  `id` int(10) NOT NULL AUTO_INCREMENT,
  `username` varchar(100) NOT NULL,
  `password` varchar(255) NOT NULL,
  `id_permission` int(11) DEFAULT 0,
  `confirm_code` varchar(255) DEFAULT NULL,
  `avatar` varchar(255) DEFAULT NULL,
  `fullname` varchar(225) DEFAULT NULL,
  `phone` varchar(20) DEFAULT NULL,
  `email` varchar(100) DEFAULT NULL,
  `address` varchar(225) DEFAULT NULL,
  `gender` tinyint(1) DEFAULT 0,
  `login_session` varchar(255) DEFAULT NULL,
  `user_token` varchar(255) DEFAULT NULL,
  `lastlogin` varchar(255) DEFAULT NULL,
  `status` varchar(255) DEFAULT NULL,
  `role` tinyint(1) DEFAULT 1,
  `secret_key` varchar(255) DEFAULT NULL,
  `birthday` int(11) DEFAULT 0,
  `numb` int(11) DEFAULT 0,
  PRIMARY KEY (`id`)
) ENGINE=InnoDB AUTO_INCREMENT=3 DEFAULT CHARSET=utf8mb4 COLLATE=utf8mb4_general_ci;

INSERT INTO `tbl_user` (`id`, `username`, `password`, `id_permission`, `confirm_code`, `avatar`, `fullname`, `phone`, `email`, `address`, `gender`, `login_session`, `user_token`, `lastlogin`, `status`, `role`, `secret_key`, `birthday`, `numb`) VALUES
('1', 'admin', '$2y$10$zCgw54.aYwdFtB2EA8TCjOR/9lk4h0fYFOj3dOtyPnqwa6OquvqJe', '0', NULL, NULL, 'Administrator', '0328732834', 'minhtri.blueweb@gmail.com', '152/18, Dương Thị Mười, P.Tân Thới Hiệp, Quận 12, TpHCM', '1', NULL, NULL, NULL, NULL, '1', NULL, '968968800', '0'),
('2', 'minhtri', 'Gb%jLaKwH', '0', NULL, NULL, NULL, NULL, NULL, NULL, '0', NULL, NULL, NULL, NULL, '1', NULL, '0', '0');

DROP TABLE IF EXISTS `tbl_user_online`;
CREATE TABLE `tbl_user_online` (
  `session` varchar(128) NOT NULL,
  `last_activity` int(10) unsigned NOT NULL,
  `ip` varchar(45) DEFAULT NULL,
  PRIMARY KEY (`session`)
) ENGINE=MyISAM DEFAULT CHARSET=utf8mb4 COLLATE=utf8mb4_unicode_ci;

INSERT INTO `tbl_user_online` (`session`, `last_activity`, `ip`) VALUES
('eis2okhf9jc063787el3q249f3', '1755684215', '::1');

DROP TABLE IF EXISTS `tbl_ward`;
CREATE TABLE `tbl_ward` (
  `id` int(11) unsigned NOT NULL AUTO_INCREMENT,
  `id_city` int(11) DEFAULT 0,
  `id_district` int(11) DEFAULT 0,
  `name` varchar(255) DEFAULT NULL,
  `slug` varchar(255) DEFAULT NULL,
  `code` varchar(5) DEFAULT NULL,
  `level` varchar(100) DEFAULT NULL,
  `numb` int(11) DEFAULT 0,
  `status` varchar(255) DEFAULT NULL,
  `date_updated` int(11) DEFAULT 0,
  `date_created` int(11) DEFAULT 0,
  `ship_price` double DEFAULT NULL,
  PRIMARY KEY (`id`)
) ENGINE=MyISAM AUTO_INCREMENT=10600 DEFAULT CHARSET=utf8mb4 COLLATE=utf8mb4_unicode_ci;

SET FOREIGN_KEY_CHECKS=1;
